a_o,ipat,clase_siniestro,fecha,hora,jornada,dia_semana,barrios_corregimiento_via,direccion,zona,autoridad,lat,long,hipotesis,codigo,condicion_de_la_victima,edad,genero,lesionados_y_muertos
2022.0,9337.0,CHOQUE,2022-11-02 00:00:00,,TARDE,MIÉRCOLES,VIA AEROPUERTO ZOZA FRANCA PALMASECA,PUERTA 6,RURAL,TECNICO,,,INVADIR CARRIL SENTIDO CONTRARIO,157.0,ACOMPAÑANTE CONDUCTOR,53.0,MASCULINO,LESIONADO
2022.0,9337.0,CHOQUE,2022-11-02 00:00:00,,TARDE,MIÉRCOLES,VIA AEROPUERTO ZOZA FRANCA PALMASECA,PUERTA 6,RURAL,TECNICO,,,INVADIR CARRIL SENTIDO CONTRARIO,157.0,CONDUCTOR,65.0,MASCULINO,LESIONADO
2022.0,9338.0,ATROPELLO,2022-11-02 00:00:00,,TARDE,MIÉRCOLES,MUNICIPAL,CARRERA 1 CALLE 31-32,URBANA,TECNICO,,,POR ESTABLECER,157.0,NO APLICA,67.0,MASCULINO,NO APLICA
2022.0,9338.0,ATROPELLO,2022-11-02 00:00:00,,TARDE,MIÉRCOLES,MUNICIPAL,CARRERA 1 CALLE 31-32,URBANA,TECNICO,,,POR ESTABLECER,157.0,PEATÓN,72.0,MASCULINO,LESIONADO
2022.0,9341.0,CHOQUE,2022-11-03 00:00:00,,TARDE,JUEVES,OBRERO,CALLE 39 CARRERA 26,URBANA,TECNICO,,,DESOBEDECER SEÑAL DE PARE,112.0,MOTOCICLISTA,28.0,MASCULINO,LESIONADO
2022.0,9341.0,CHOQUE,2022-11-03 00:00:00,,TARDE,JUEVES,OBRERO,CALLE 39 CARRERA 26,URBANA,TECNICO,,,DESOBEDECER SEÑAL DE PARE,112.0,NO APLICA,25.0,MASCULINO,NO APLICA
2022.0,9343.0,CHOQUE,2022-11-04 00:00:00,,MAÑANA,VIERNES,RECREO,CALLE 26 CARRERA 21,URBANA,TECNICO,,,DESOBEDECER SEÑAL DE PARE,112.0,MOTOCICLISTA,28.0,FEMENINO,LESIONADO
2022.0,9343.0,CHOQUE,2022-11-04 00:00:00,,MAÑANA,VIERNES,RECREO,CALLE 26 CARRERA 21,URBANA,TECNICO,,,DESOBEDECER SEÑAL DE PARE,112.0,NO APLICA,56.0,MASCULINO,NO APLICA
2022.0,9344.0,CHOQUE,2022-11-04 00:00:00,,TARDE,VIERNES,CENTRO,CARRERA 29 CALLE 30 -31,URBANA,TECNICO,,,RECOGER PASAJEROS Y DEJAR EN SITIO DISTINTO,128.0,NO APLICA,34.0,MASCULINO,NO APLICA
2022.0,9344.0,CHOQUE,2022-11-04 00:00:00,,TARDE,VIERNES,CENTRO,CARRERA 29 CALLE 30 -31,URBANA,TECNICO,,,RECOGER PASAJEROS Y DEJAR EN SITIO DISTINTO,128.0,ACOMPAÑANTE MOTOCICLISTA,43.0,MASCULINO,LESIONADO
2022.0,9344.0,CHOQUE,2022-11-04 00:00:00,,TARDE,VIERNES,CENTRO,CARRERA 29 CALLE 30 -31,URBANA,TECNICO,,,RECOGER PASAJEROS Y DEJAR EN SITIO DISTINTO,128.0,NO APLICA,43.0,MASCULINO,NO APLICA
2022.0,9345.0,CHOQUE,2022-11-04 00:00:00,,NOCHE,VIERNES,LA ESPERANZA,CALLE 57 CARRERA 34B,URBANA,TECNICO,,,DESOBEDECER SEÑAL DE PARE,112.0,MOTOCICLISTA,20.0,MASCULINO,LESIONADO
2022.0,9345.0,CHOQUE,2022-11-04 00:00:00,,NOCHE,VIERNES,LA ESPERANZA,CALLE 57 CARRERA 34B,URBANA,TECNICO,,,DESOBEDECER SEÑAL DE PARE,112.0,MOTOCICLISTA,19.0,MASCULINO,LESIONADO
2022.0,9346.0,CHOQUE,2022-11-05 00:00:00,,MAÑANA,SÁBADO,ZAMORANO,CARRERA 31 CALLE 65-65A,URBANA,TECNICO,,,IMPERICIA EN EL MANEJO,139.0,ACOMPAÑANTE CICLISTA,6.0,FEMENINO,LESIONADO
2022.0,9346.0,CHOQUE,2022-11-05 00:00:00,,MAÑANA,SÁBADO,ZAMORANO,CARRERA 31 CALLE 65-65A,URBANA,TECNICO,,,IMPERICIA EN EL MANEJO,139.0,MOTOCICLISTA,26.0,FEMENINO,LESIONADO
2022.0,9346.0,CHOQUE,2022-11-05 00:00:00,,MAÑANA,SÁBADO,ZAMORANO,CARRERA 31 CALLE 65-65A,URBANA,TECNICO,,,IMPERICIA EN EL MANEJO,139.0,NO APLICA,19.0,MASCULINO,NO APLICA
2022.0,9347.0,CHOQUE,2022-11-05 00:00:00,,MAÑANA,SÁBADO,VIA CORONADO ROZO,AVENIDAD 9 18-125 CHARCO VERDE,RURAL,TECNICO,,,INVADIR CARRIL SENTIDO CONTRARIO,157.0,NO APLICA,20.0,MASCULINO,NO APLICA
2022.0,9347.0,CHOQUE,2022-11-05 00:00:00,,MAÑANA,SÁBADO,VIA CORONADO ROZO,AVENIDAD 9 18-125 CHARCO VERDE,RURAL,TECNICO,,,INVADIR CARRIL SENTIDO CONTRARIO,157.0,NO APLICA,41.0,MASCULINO,NO APLICA
2022.0,9347.0,CHOQUE,2022-11-05 00:00:00,,MAÑANA,SÁBADO,VIA CORONADO ROZO,AVENIDAD 9 18-125 CHARCO VERDE,RURAL,TECNICO,,,INVADIR CARRIL SENTIDO CONTRARIO,157.0,ACOMPAÑANTE CONDUCTOR,23.0,MASCULINO,LESIONADO
2022.0,9347.0,CHOQUE,2022-11-05 00:00:00,,MAÑANA,SÁBADO,VIA CORONADO ROZO,AVENIDAD 9 18-125 CHARCO VERDE,RURAL,TECNICO,,,INVADIR CARRIL SENTIDO CONTRARIO,157.0,ACOMPAÑANTE CONDUCTOR,21.0,FEMENINO,LESIONADO
2022.0,9348.0,CHOQUE,2022-11-06 00:00:00,,MAÑANA,DOMINGO,LIBERTADORES,CALLE 28 CARRERA 18,URBANA,TECNICO,,,DESOBEDECER SEÑAL DE PARE,112.0,MOTOCICLISTA,24.0,FEMENINO,LESIONADO
2022.0,9348.0,CHOQUE,2022-11-06 00:00:00,,MAÑANA,DOMINGO,LIBERTADORES,CALLE 28 CARRERA 18,URBANA,TECNICO,,,DESOBEDECER SEÑAL DE PARE,112.0,NO APLICA,51.0,MASCULINO,NO APLICA
2022.0,9348.0,CHOQUE,2022-11-06 00:00:00,,MAÑANA,DOMINGO,LIBERTADORES,CALLE 28 CARRERA 18,URBANA,TECNICO,,,DESOBEDECER SEÑAL DE PARE,112.0,ACOMPAÑANTE MOTOCICLISTA,62.0,FEMENINO,LESIONADO
2022.0,9349.0,CHOQUE,2022-11-06 00:00:00,,TARDE,DOMINGO,CENTRO,CALLE 31 CARRERA 31,URBANA,TECNICO,,,SEMAFORO EN ROJO,142.0,CONDUCTOR,31.0,MASCULINO,LESIONADO
2022.0,9349.0,CHOQUE,2022-11-06 00:00:00,,TARDE,DOMINGO,CENTRO,CALLE 31 CARRERA 31,URBANA,TECNICO,,,SEMAFORO EN ROJO,142.0,CONDUCTOR,66.0,MASCULINO,LESIONADO
2022.0,9349.0,CHOQUE,2022-11-06 00:00:00,,TARDE,DOMINGO,CENTRO,CALLE 31 CARRERA 31,URBANA,TECNICO,,,SEMAFORO EN ROJO,142.0,ACOMPAÑANTE CONDUCTOR,29.0,FEMENINO,LESIONADO
2022.0,9340.0,CHOQUE,2022-11-03 00:00:00,,TARDE,JUEVES,DELICIAS,CALLE 27 CARRERA 23,URBANA,TECNICO,,,DESOBEDECER SEÑAL DE PARE,112.0,NO APLICA,43.0,MASCULINO,NO APLICA
2022.0,9340.0,CHOQUE,2022-11-03 00:00:00,,TARDE,JUEVES,DELICIAS,CALLE 27 CARRERA 23,URBANA,TECNICO,,,DESOBEDECER SEÑAL DE PARE,112.0,MOTOCICLISTA,28.0,FEMENINO,LESIONADO
2022.0,9340.0,CHOQUE,2022-11-03 00:00:00,,TARDE,JUEVES,DELICIAS,CALLE 27 CARRERA 23,URBANA,TECNICO,,,DESOBEDECER SEÑAL DE PARE,112.0,MOTOCICLISTA,17.0,MASCULINO,LESIONADO
2022.0,9350.0,CHOQUE,2022-11-06 00:00:00,,NOCHE,DOMINGO,BARRIO NUEVO,CALLE 24 CARRERA 29,URBANA,TECNICO,,,DESOBEDECER SEÑAL DE PARE,112.0,ACOMPAÑANTE MOTOCICLISTA,26.0,FEMENINO,LESIONADO
2022.0,9350.0,CHOQUE,2022-11-06 00:00:00,,NOCHE,DOMINGO,BARRIO NUEVO,CALLE 24 CARRERA 29,URBANA,TECNICO,,,DESOBEDECER SEÑAL DE PARE,112.0,NO APLICA,25.0,MASCULINO,NO APLICA
2022.0,9350.0,CHOQUE,2022-11-06 00:00:00,,NOCHE,DOMINGO,BARRIO NUEVO,CALLE 24 CARRERA 29,URBANA,TECNICO,,,DESOBEDECER SEÑAL DE PARE,112.0,MOTOCICLISTA,29.0,MASCULINO,LESIONADO
2022.0,9351.0,CHOQUE,2022-11-07 00:00:00,,NOCHE,LUNES,CENTRO,CALLE 28 CARRERA 31,URBANA,TECNICO,,,SEMAFORO EN ROJO,142.0,MOTOCICLISTA,26.0,MASCULINO,LESIONADO
2022.0,9351.0,CHOQUE,2022-11-07 00:00:00,,NOCHE,LUNES,CENTRO,CALLE 28 CARRERA 31,URBANA,TECNICO,,,SEMAFORO EN ROJO,142.0,NO APLICA,26.0,MASCULINO,NO APLICA
2022.0,9351.0,CHOQUE,2022-11-07 00:00:00,,NOCHE,LUNES,CENTRO,CALLE 28 CARRERA 31,URBANA,TECNICO,,,SEMAFORO EN ROJO,142.0,MOTOCICLISTA,31.0,FEMENINO,LESIONADO
2022.0,9353.0,CHOQUE,2022-11-09 00:00:00,,TARDE,MIÉRCOLES,SANTA BARBARA,CALLE 26 CARRERA 44 -45,URBANA,TECNICO,,,NO ESTAR PENDIENTE DE LA VIA,157.0,ACOMPAÑANTE CONDUCTOR,21.0,FEMENINO,LESIONADO
2022.0,9353.0,CHOQUE,2022-11-09 00:00:00,,TARDE,MIÉRCOLES,SANTA BARBARA,CALLE 26 CARRERA 44 -45,URBANA,TECNICO,,,NO ESTAR PENDIENTE DE LA VIA,157.0,CONDUCTOR,21.0,FEMENINO,LESIONADO
2022.0,9353.0,CHOQUE,2022-11-09 00:00:00,,TARDE,MIÉRCOLES,SANTA BARBARA,CALLE 26 CARRERA 44 -45,URBANA,TECNICO,,,NO ESTAR PENDIENTE DE LA VIA,157.0,NO APLICA,33.0,MASCULINO,NO APLICA
2022.0,9353.0,CHOQUE,2022-11-09 00:00:00,,TARDE,MIÉRCOLES,SANTA BARBARA,CALLE 26 CARRERA 44 -45,URBANA,TECNICO,,,NO ESTAR PENDIENTE DE LA VIA,157.0,ACOMPAÑANTE CONDUCTOR,22.0,FEMENINO,LESIONADO
2022.0,9356.0,CHOQUE,2022-11-11 00:00:00,,NOCHE,VIERNES,LOS MANGOS,CALLE 70 CARRERA 29A,URBANA,TECNICO,,,DESOBEDECER SEÑAL DE PARE,112.0,CONDUCTOR,34.0,MASCULINO,LESIONADO
2022.0,9356.0,CHOQUE,2022-11-11 00:00:00,,NOCHE,VIERNES,LOS MANGOS,CALLE 70 CARRERA 29A,URBANA,TECNICO,,,DESOBEDECER SEÑAL DE PARE,112.0,NO APLICA,27.0,FEMENINO,NO APLICA
2022.0,9357.0,CHOQUE,2022-11-12 00:00:00,,MAÑANA,SÁBADO,COLOMBIA,CALLE 35 CARRERA 29,URBANA,TECNICO,,,DESOBEDECER SEÑAL DE PARE,112.0,ACOMPAÑANTE CONDUCTOR,55.0,FEMENINO,LESIONADO
2022.0,9357.0,CHOQUE,2022-11-12 00:00:00,,MAÑANA,SÁBADO,COLOMBIA,CALLE 35 CARRERA 29,URBANA,TECNICO,,,DESOBEDECER SEÑAL DE PARE,112.0,NO APLICA,53.0,MASCULINO,NO APLICA
2022.0,9357.0,CHOQUE,2022-11-12 00:00:00,,MAÑANA,SÁBADO,COLOMBIA,CALLE 35 CARRERA 29,URBANA,TECNICO,,,DESOBEDECER SEÑAL DE PARE,112.0,NO APLICA,58.0,FEMENINO,NO APLICA
2022.0,9359.0,CHOQUE OBJETO FIJO POSTE,2022-11-11 00:00:00,,MADRUGADA,VIERNES,SANTA RITA,CALLE 36 CARRERA 30-75,URBANA,TECNICO,,,PERDIDA DEL CONTROL DEL VEHICULO,157.0,ACOMPAÑANTE CONDUCTOR,32.0,MASCULINO,LESIONADO
2022.0,9359.0,CHOQUE OBJETO FIJO POSTE,2022-11-11 00:00:00,,MADRUGADA,VIERNES,SANTA RITA,CALLE 36 CARRERA 30-75,URBANA,TECNICO,,,PERDIDA DEL CONTROL DEL VEHICULO,157.0,ACOMPAÑANTE CONDUCTOR,31.0,FEMENINO,LESIONADO
2022.0,9359.0,CHOQUE OBJETO FIJO POSTE,2022-11-11 00:00:00,,MADRUGADA,VIERNES,SANTA RITA,CALLE 36 CARRERA 30-75,URBANA,TECNICO,,,PERDIDA DEL CONTROL DEL VEHICULO,157.0,NO APLICA,25.0,MASCULINO,NO APLICA
2022.0,9360.0,CHOQUE,2022-11-14 00:00:00,,MAÑANA,LUNES,CENTRO,CALLE 31 CARRRA 32,URBANA,TECNICO,,,SEMAFORO EN ROJO,142.0,NO APLICA,42.0,MASCULINO,NO APLICA
2022.0,9360.0,CHOQUE,2022-11-14 00:00:00,,MAÑANA,LUNES,CENTRO,CALLE 31 CARRRA 32,URBANA,TECNICO,,,SEMAFORO EN ROJO,142.0,MOTOCICLISTA,52.0,MASCULINO,LESIONADO
2022.0,9361.0,CHOQUE,2022-11-14 00:00:00,,NOCHE,LUNES,VIA PLAMIRA TIENDA NUEVA,KM 10 + 600 MTS,RURAL,TECNICO,,,INVADIR CARRIL SENTIDO CONTRARIO,157.0,NO APLICA,40.0,MASCULINO,NO APLICA
2022.0,9361.0,CHOQUE,2022-11-14 00:00:00,,NOCHE,LUNES,VIA PLAMIRA TIENDA NUEVA,KM 10 + 600 MTS,RURAL,TECNICO,,,INVADIR CARRIL SENTIDO CONTRARIO,157.0,MOTOCICLISTA,29.0,MASCULINO,LESIONADO
2022.0,9362.0,CHOQUE,2022-11-15 00:00:00,,MAÑANA,MARTES,BARRIO NUEVO,CALLE 20 CARRERA 31,URBANA,TECNICO,,,DESOBEDECER SEÑAL DE PARE,112.0,MOTOCICLISTA,39.0,MASCULINO,LESIONADO
2022.0,9362.0,CHOQUE,2022-11-15 00:00:00,,MAÑANA,MARTES,BARRIO NUEVO,CALLE 20 CARRERA 31,URBANA,TECNICO,,,DESOBEDECER SEÑAL DE PARE,112.0,NO APLICA,40.0,MASCULINO,NO APLICA
2022.0,9363.0,CHOQUE,2022-11-15 00:00:00,,MAÑANA,MARTES,VIA PALMIRA TABLONES,KM 12,RURAL,TECNICO,,,INVADIR CARRIL SENTIDO CONTRARIO,157.0,MOTOCICLISTA,30.0,MASCULINO,LESIONADO
2022.0,9363.0,CHOQUE,2022-11-15 00:00:00,,MAÑANA,MARTES,VIA PALMIRA TABLONES,KM 12,RURAL,TECNICO,,,INVADIR CARRIL SENTIDO CONTRARIO,157.0,MOTOCICLISTA,21.0,FEMENINO,LESIONADO
2022.0,9364.0,CHOQUE,2022-11-15 00:00:00,,MAÑANA,MARTES,OBRERO,CALLE 33 CARRERA 24,URBANA,TECNICO,,,DESOBEDECER SEÑAL DE PARE,112.0,ACOMPAÑANTE CONDUCTOR,25.0,FEMENINO,LESIONADO
2022.0,9364.0,CHOQUE,2022-11-15 00:00:00,,MAÑANA,MARTES,OBRERO,CALLE 33 CARRERA 24,URBANA,TECNICO,,,DESOBEDECER SEÑAL DE PARE,112.0,NO APLICA,45.0,FEMENINO,NO APLICA
2022.0,9364.0,CHOQUE,2022-11-15 00:00:00,,MAÑANA,MARTES,OBRERO,CALLE 33 CARRERA 24,URBANA,TECNICO,,,DESOBEDECER SEÑAL DE PARE,112.0,CONDUCTOR,54.0,FEMENINO,LESIONADO
2022.0,9364.0,CHOQUE,2022-11-15 00:00:00,,MAÑANA,MARTES,OBRERO,CALLE 33 CARRERA 24,URBANA,TECNICO,,,DESOBEDECER SEÑAL DE PARE,112.0,ACOMPAÑANTE CONDUCTOR,53.0,FEMENINO,LESIONADO
2022.0,9365.0,CHOQUE,2022-11-15 00:00:00,,NOCHE,MARTES,INDUSTRIAL,CALLE 42 CARRERA 35,URBANA,TECNICO,,,GIRAR BRUSCAMENTE,122.0,NO APLICA,17.0,MASCULINO,NO APLICA
2022.0,9365.0,CHOQUE,2022-11-15 00:00:00,,NOCHE,MARTES,INDUSTRIAL,CALLE 42 CARRERA 35,URBANA,TECNICO,,,GIRAR BRUSCAMENTE,122.0,NO APLICA,21.0,MASCULINO,NO APLICA
2022.0,9365.0,CHOQUE,2022-11-15 00:00:00,,NOCHE,MARTES,INDUSTRIAL,CALLE 42 CARRERA 35,URBANA,TECNICO,,,GIRAR BRUSCAMENTE,122.0,ACOMPAÑANTE MOTOCICLISTA,18.0,FEMENINO,LESIONADO
2022.0,9368.0,CHOQUE,2022-11-16 00:00:00,,TARDE,MIÉRCOLES,EMILIA,CALLE 39 CARRERA 37,URBANA,TECNICO,,,ARRANCAR SIN PRECAUCION,145.0,MOTOCICLISTA,25.0,MASCULINO,LESIONADO
2022.0,9368.0,CHOQUE,2022-11-16 00:00:00,,TARDE,MIÉRCOLES,EMILIA,CALLE 39 CARRERA 37,URBANA,TECNICO,,,ARRANCAR SIN PRECAUCION,145.0,NO APLICA,29.0,MASCULINO,NO APLICA
2022.0,9369.0,CHOQUE,2022-11-18 00:00:00,,MAÑANA,VIERNES,ALAMEDA,CALLE 69 CARRERA 26,URBANA,TECNICO,,,DESOBEDECER SEÑAL DE PARE,112.0,MOTOCICLISTA,20.0,MASCULINO,LESIONADO
2022.0,9369.0,CHOQUE,2022-11-18 00:00:00,,MAÑANA,VIERNES,ALAMEDA,CALLE 69 CARRERA 26,URBANA,TECNICO,,,DESOBEDECER SEÑAL DE PARE,112.0,NO APLICA,54.0,MASCULINO,NO APLICA
2022.0,9370.0,CHOQUE OBJETO FIJO SARDINEL,2022-11-20 00:00:00,,MADRUGADA,DOMINGO,MERCEDES,CALLE 65 CARRERA 26 - 26A,URBANA,TECNICO,,,CARÁCTER AVERIGUATORIO,157.0,MOTOCICLISTA,40.0,MASCULINO,LESIONADO
2022.0,9355.0,CHOQUE,2022-11-11 00:00:00,,MAÑANA,VIERNES,SAN PEDRO,CALLE 35 CARRERA 17,URBANA,TECNICO,,,DESOBEDECER SEÑAL DE PARE,112.0,MOTOCICLISTA,32.0,FEMENINO,LESIONADO
2022.0,9355.0,CHOQUE,2022-11-11 00:00:00,,MAÑANA,VIERNES,SAN PEDRO,CALLE 35 CARRERA 17,URBANA,TECNICO,,,DESOBEDECER SEÑAL DE PARE,112.0,NO APLICA,29.0,MASCULINO,NO APLICA
2022.0,9366.0,CHOQUE,2022-11-17 00:00:00,,NOCHE,JUEVES,MERCEDES,CARRERA 28 CALLE 58,URBANA,TECNICO,,,MAL USO DEL CARRIL,157.0,MOTOCICLISTA,33.0,MASCULINO,LESIONADO
2022.0,9366.0,CHOQUE,2022-11-17 00:00:00,,NOCHE,JUEVES,MERCEDES,CARRERA 28 CALLE 58,URBANA,TECNICO,,,MAL USO DEL CARRIL,157.0,NO APLICA,32.0,MASCULINO,NO APLICA
2022.0,9367.0,CHOQUE,2022-11-17 00:00:00,,MAÑANA,JUEVES,CENTRO,CALLE 32 CARRERA 26,URBANA,TECNICO,,,DESOBEDECER SEÑAL DE PARE,112.0,NO APLICA,29.0,MASCULINO,NO APLICA
2022.0,9367.0,CHOQUE,2022-11-17 00:00:00,,MAÑANA,JUEVES,CENTRO,CALLE 32 CARRERA 26,URBANA,TECNICO,,,DESOBEDECER SEÑAL DE PARE,112.0,MOTOCICLISTA,71.0,MASCULINO,LESIONADO
2022.0,9373.0,CHOQUE,2022-11-20 00:00:00,,TARDE,DOMINGO,SANTA TERESITA,CARRERA 42 CALLE 47-47,URBANA,TECNICO,,,PONER EN MARCHA UN VEHICULO SIN LAS MEDIDAS DE PRECAUCION,143.0,MOTOCICLISTA,39.0,FEMENINO,LESIONADO
2022.0,9373.0,CHOQUE,2022-11-20 00:00:00,,TARDE,DOMINGO,SANTA TERESITA,CARRERA 42 CALLE 47-47,URBANA,TECNICO,,,PONER EN MARCHA UN VEHICULO SIN LAS MEDIDAS DE PRECAUCION,143.0,NO APLICA,42.0,FEMENINO,NO APLICA
2022.0,9374.0,ATROPELLO,2022-11-20 00:00:00,,MAÑANA,DOMINGO,VEREDA CALAMAR,CASA 0 KM - 781,RURAL,TECNICO,,,IMPERICIA EN EL MANEJO,139.0,NO APLICA,31.0,FEMENINO,NO APLICA
2022.0,9374.0,ATROPELLO,2022-11-20 00:00:00,,MAÑANA,DOMINGO,VEREDA CALAMAR,CASA 0 KM - 781,RURAL,TECNICO,,,IMPERICIA EN EL MANEJO,139.0,PEATÓN,7.0,MASCULINO,LESIONADO
2022.0,9379.0,CHOQUE,2022-11-24 00:00:00,,NOCHE,JUEVES,DANUBIO,CARRERA 18 CALLE 34A,URBANA,TECNICO,,,HACER MAL USO DEL CARRIL,157.0,CICLISTA,81.0,MASCULINO,LESIONADO
2022.0,9379.0,CHOQUE,2022-11-24 00:00:00,,NOCHE,JUEVES,DANUBIO,CARRERA 18 CALLE 34A,URBANA,TECNICO,,,HACER MAL USO DEL CARRIL,157.0,NO APLICA,26.0,MASCULINO,NO APLICA
2022.0,9382.0,ATROPELLO,2022-11-26 00:00:00,,MAÑANA,SÁBADO,CENTRO,CARRERA 26 CALLE 28-06,URBANA,TECNICO,,,PONER EN MARCHA UN VEHICULO SIN LAS MEDIDAS DE PRECAUCION,145.0,PEATÓN,33.0,MASCULINO,LESIONADO
2022.0,9382.0,ATROPELLO,2022-11-26 00:00:00,,MAÑANA,SÁBADO,CENTRO,CARRERA 26 CALLE 28-06,URBANA,TECNICO,,,PONER EN MARCHA UN VEHICULO SIN LAS MEDIDAS DE PRECAUCION,145.0,NO APLICA,42.0,MASCULINO,NO APLICA
2022.0,9383.0,CHOQUE,2022-11-26 00:00:00,,NOCHE,SÁBADO,LORETO,CALLE 37 CARRERA 35,URBANA,TECNICO,,,ADELANTAR POR LA DERECHA,102.0,NO APLICA,43.0,MASCULINO,NO APLICA
2022.0,9383.0,CHOQUE,2022-11-26 00:00:00,,NOCHE,SÁBADO,LORETO,CALLE 37 CARRERA 35,URBANA,TECNICO,,,ADELANTAR POR LA DERECHA,102.0,MOTOCICLISTA,18.0,MASCULINO,LESIONADO
2022.0,9377.0,CHOQUE,2022-11-22 00:00:00,,TARDE,MARTES,BERLIN,CALLE 42 CARRERA 31 -42,URBANA,TECNICO,,,GIRAR BRUSCAMENTE,122.0,MOTOCICLISTA,42.0,MASCULINO,LESIONADO
2022.0,9377.0,CHOQUE,2022-11-22 00:00:00,,TARDE,MARTES,BERLIN,CALLE 42 CARRERA 31 -42,URBANA,TECNICO,,,GIRAR BRUSCAMENTE,122.0,NO APLICA,51.0,MASCULINO,NO APLICA
2022.0,9377.0,CHOQUE,2022-11-22 00:00:00,,TARDE,MARTES,BERLIN,CALLE 42 CARRERA 31 -42,URBANA,TECNICO,,,GIRAR BRUSCAMENTE,122.0,ACOMPAÑANTE MOTOCICLISTA,44.0,FEMENINO,LESIONADO
2022.0,9384.0,ATROPELLO,2022-11-28 00:00:00,,MADRUGADA,LUNES,CAÑAMIEL,CALLE 43 CARRERA 23-55,URBANA,TECNICO,,,EMBRIAGUEZ,115.0,NO APLICA,61.0,MASCULINO,NO APLICA
2022.0,9384.0,ATROPELLO,2022-11-28 00:00:00,,MADRUGADA,LUNES,CAÑAMIEL,CALLE 43 CARRERA 23-55,URBANA,TECNICO,,,EMBRIAGUEZ,115.0,PEATÓN,47.0,MASCULINO,LESIONADO
2022.0,9386.0,CHOQUE,2022-11-29 00:00:00,,TARDE,MARTES,PRIMERO DE MAYO,CALLE 41 CARRERA 13,URBANA,TECNICO,,,DESOBEDECER SEÑAL DE PARE,112.0,MOTOCICLISTA,28.0,MASCULINO,LESIONADO
2022.0,9386.0,CHOQUE,2022-11-29 00:00:00,,TARDE,MARTES,PRIMERO DE MAYO,CALLE 41 CARRERA 13,URBANA,TECNICO,,,DESOBEDECER SEÑAL DE PARE,112.0,NO APLICA,28.0,MASCULINO,NO APLICA
2022.0,9387.0,CHOQUE,2022-11-30 00:00:00,,TARDE,MIÉRCOLES,ALAMEDA,CARRERA 27A CALLE 69C,URBANA,TECNICO,,,DESOBEDECER SEÑAL DE PARE,112.0,MOTOCICLISTA,21.0,MASCULINO,LESIONADO
2022.0,9387.0,CHOQUE,2022-11-30 00:00:00,,TARDE,MIÉRCOLES,ALAMEDA,CARRERA 27A CALLE 69C,URBANA,TECNICO,,,DESOBEDECER SEÑAL DE PARE,112.0,NO APLICA,40.0,MASCULINO,NO APLICA
2022.0,9387.0,CHOQUE,2022-11-30 00:00:00,,TARDE,MIÉRCOLES,ALAMEDA,CARRERA 27A CALLE 69C,URBANA,TECNICO,,,DESOBEDECER SEÑAL DE PARE,112.0,ACOMPAÑANTE MOTOCICLISTA,52.0,FEMENINO,LESIONADO
2022.0,9389.0,VOLCAMIENTO,2022-11-30 00:00:00,,NOCHE,MIÉRCOLES,VERSALLES,CALLE 42 CARRERA 27,URBANA,TECNICO,,,PERDIDA DEL CONTROL DEL VEHICULO,157.0,MOTOCICLISTA,31.0,MASCULINO,LESIONADO
2022.0,9389.0,VOLCAMIENTO,2022-11-30 00:00:00,,NOCHE,MIÉRCOLES,VERSALLES,CALLE 42 CARRERA 27,URBANA,TECNICO,,,PERDIDA DEL CONTROL DEL VEHICULO,157.0,ACOMPAÑANTE MOTOCICLISTA,31.0,FEMENINO,LESIONADO
2022.0,9389.0,VOLCAMIENTO,2022-11-30 00:00:00,,NOCHE,MIÉRCOLES,VERSALLES,CALLE 42 CARRERA 27,URBANA,TECNICO,,,PERDIDA DEL CONTROL DEL VEHICULO,157.0,ACOMPAÑANTE MOTOCICLISTA,27.0,FEMENINO,LESIONADO
2022.0,DITRA,CHOQUE,2022-02-10 00:00:00,,MAÑANA,JUEVES,VIA PALMASECA EL CERRITO,KM 7 + 60 MTS,RURAL,POLICIA,,,NO RESPETAR PRELACIÓN,132.0,MOTOCICLISTA,51.0,MASCULINO,MUERTO
2022.0,8895.0,CHOQUE,2022-05-15 00:00:00,,NOCHE,DOMINGO,CAMPESTRE,CALLE 42 CARRERA 6-03,URBANA,TECNICO,,,IMPERICIA EN EL MANEJO,139,MOTOCICLISTA,35.0,MASCULINO,LESIONADO
2022.0,8962.0,CHOQUE,2022-06-03 00:00:00,,MAÑANA,VIERNES,CENTRO POBLADO POTRERILLO,AVENIDAD 4 CALLE 5,RURAL,TECNICO,,,FRENAR BRUSCAMENTE,119.0,NO APLICA,31.0,MASCULINO,NO APLICA
2022.0,8804.0,CHOQUE,2022-04-19 00:00:00,,TARDE,MARTES,CORONADO,CARRERA 35 CALLE 55,URBANA,TECNICO,,,ARRANCAR SIN PRECAUCION,145,NO APLICA,23.0,MASCULINO,NO APLICA
2022.0,8845.0,CHOQUE,2022-05-01 00:00:00,,TARDE,DOMINGO,LA VEGA,CALLE 38 CARRERA 13,URBANA,TECNICO,,,DESOBEDECER SEÑAL DE PARE,112,MOTOCICLISTA,20.0,FEMENINO,LESIONADO
2022.0,8895.0,CHOQUE,2022-05-15 00:00:00,,NOCHE,DOMINGO,CAMPESTRE,CALLE 42 CARRERA 6-03,URBANA,TECNICO,,,IMPERICIA EN EL MANEJO,139,NO APLICA,43.0,FEMENINO,NO APLICA
2022.0,9190.0,CHOQUE,2022-08-17 00:00:00,,MADRUGADA,MIÉRCOLES,CUIDAD DEL CAMPO,CALLE 100 CARRERA 16-126,RURAL,TECNICO,,,REALIZAR MAL USO DEL CARRIL,157,ACOMPAÑANTE CONDUCTOR,54.0,FEMENINO,LESIONADO