a_o,ipat,clase_siniestro,fecha,hora,jornada,dia_semana,barrios_corregimiento_via,direccion,zona,autoridad,lat,long,hipotesis,codigo,condicion_de_la_victima,edad,genero,lesionados_y_muertos
2022.0,9133.0,CHOQUE,2022-07-26 00:00:00,,MAÑANA,MARTES,VIA CORONADO ROZO,KM 1,RURAL,TECNICO,,,PERDIDA DEL CONTROL DEL VEHICULO,157.0,MOTOCICLISTA,66.0,MASCULINO,LESIONADO
2022.0,8762.0,CHOQUE,2022-04-04 00:00:00,,MAÑANA,LUNES,COLOMBINA,CALLE 28 CARRERA 19,URBANA,TECNICO,,,PONER EN MARCHA UN VEHICULO SIN LAS MEDIDAS DE PRECAUCION,143.0,MOTOCICLISTA,48.0,MASCULINO,LESIONADO
2022.0,8665.0,CHOQUE,2022-03-08 00:00:00,,TARDE,MARTES,VERSALLES,CALLE 42 CARRERA 28,URBANA,TECNICO,,,NO ESTAR PENDIENTE DE LA VIA,157.0,NO APLICA,45.0,MASCULINO,NO APLICA
2022.0,8672.0,CHOQUE,2022-03-10 00:00:00,,NOCHE,JUEVES,TRINIDAD,CALLE 29 CARRERA 23,URBANA,TECNICO,,,DESOBEDECER SEÑAL DE PARE,112.0,NO APLICA,39.0,MASCULINO,NO APLICA
2022.0,9174.0,CHOQUE,2022-08-12 00:00:00,,TARDE,VIERNES,SAN PEDRO,CALLE 34 CARRERA 17,URBANA,TECNICO,,,ARRANCAR SIN PRECAUCION,145.0,NO APLICA,41.0,MASCULINO,NO APLICA
2022.0,8668.0,CHOQUE,2022-03-08 00:00:00,,TARDE,MARTES,SANTA BARBARA,CALLE 31 CARRERA 42-44,URBANA,TECNICO,,,INVADIR LINEA CONTINUA,157.0,MOTOCICLISTA,25.0,MASCULINO,LESIONADO
2022.0,9075.0,CHOQUE,2022-07-05 00:00:00,,NOCHE,MARTES,LOS PINOS,CALLE 42 CARRERA 25-29,URBANA,TECNICO,,,NO MANTENER DISTANCIA SEGURIDAD,121.0,MOTOCICLISTA,49.0,MASCULINO,LESIONADO
2022.0,8728.0,CHOQUE,2022-03-25 00:00:00,,TARDE,VIERNES,PRADO,CALLE 40 CARRERA 40-37,URBANA,TECNICO,,,NO ESTAR PENDIENTE DE LA VIA,157.0,ACOMPAÑANTE MOTOCICLISTA,24.0,FEMENINO,LESIONADO
2022.0,8981.0,CHOQUE,2022-06-07 00:00:00,,NOCHE,MARTES,COLOMBIA,CALLE 42 CARERA 34,URBANA,TECNICO,,,NO SABER MANIOBRAR EN UNA SITUACION DE PELIGRO,157.0,MOTOCICLISTA,53.0,FEMENINO,LESIONADO
2022.0,9147.0,CHOQUE,2022-07-30 00:00:00,,TARDE,SÁBADO,SANTA RITA,CALLE 35 CARRERA 27,URBANA,TECNICO,,,DESOBEDECER SEÑAL DE PARE,112.0,NO APLICA,26.0,FEMENINO,NO APLICA
2022.0,8723.0,CHOQUE,2022-03-23 00:00:00,,MAÑANA,MIÉRCOLES,VIA PALMIRA LA ZAPATA,KM 11 + 400 MTS,RURAL,TECNICO,,,NO ESTAR PENDIENTE DE LA VIA,157.0,MOTOCICLISTA,22.0,MASCULINO,LESIONADO
2022.0,8728.0,CHOQUE,2022-03-25 00:00:00,,TARDE,VIERNES,PRADO,CALLE 40 CARRERA 40-37,URBANA,TECNICO,,,NO ESTAR PENDIENTE DE LA VIA,157.0,NO APLICA,25.0,MASCULINO,NO APLICA
2022.0,8880.0,CHOQUE,2022-05-10 00:00:00,,MAÑANA,MARTES,SEMBRADOR,CALLE 23 CARRERA 23,URBANA,TECNICO,,,ARRANCAR SIN PRECAUCION,145,MOTOCICLISTA,21.0,MASCULINO,LESIONADO
2022.0,8981.0,CHOQUE,2022-06-07 00:00:00,,NOCHE,MARTES,COLOMBIA,CALLE 42 CARERA 34,URBANA,TECNICO,,,NO SABER MANIOBRAR EN UNA SITUACION DE PELIGRO,157.0,NO APLICA,28.0,MASCULINO,NO APLICA
2022.0,9005.0,CHOQUE,2022-06-15 00:00:00,,TARDE,MIÉRCOLES,LA TRINIDAD,CALLE 31 CARRERA 23,URBANA,TECNICO,,,ADELANTAR POR LA DERECHA,102.0,NO APLICA,34.0,MASCULINO,NO APLICA
2022.0,9070.0,CHOQUE,2022-07-03 00:00:00,,TARDE,DOMINGO,DELICIAS,CALLE 27 CARRERA 27,URBANA,TECNICO,,,DESOBEDECER SEÑAL DE PARE,112.0,NO APLICA,21.0,MASCULINO,NO APLICA
2022.0,8114.0,CHOQUE,2022-07-19 00:00:00,,TARDE,MARTES,COLOMBIA,CALLE 35 CARRERA 31,URBANA,TECNICO,,,DESOBEDECER SEÑAL DE PARE,112.0,MOTOCICLISTA,22.0,MASCULINO,LESIONADO
2022.0,9210.0,CHOQUE,2022-09-01 00:00:00,,NOCHE,JUEVES,TRINIDAD,CALLE 29 CARRERA 24,URBANA,TECNICO,,,SEMAFORO EN ROJO,142.0,MOTOCICLISTA,24.0,MASCULINO,LESIONADO
2022.0,9250.0,CHOQUE,2022-09-23 00:00:00,,TARDE,VIERNES,URIBE,CALLE 33 CARRERA 21,URBANA,TECNICO,,,DESOBEDECER SEÑAL DE PARE,112.0,MOTOCICLISTA,35.0,MASCULINO,LESIONADO
2022.0,9250.0,CHOQUE,2022-09-23 00:00:00,,TARDE,VIERNES,URIBE,CALLE 33 CARRERA 21,URBANA,TECNICO,,,DESOBEDECER SEÑAL DE PARE,112.0,ACOMPAÑANTE MOTOCICLISTA,6.0,MASCULINO,LESIONADO
2022.0,9297.0,CHOQUE,2022-10-12 00:00:00,,TARDE,MIÉRCOLES,IGNACIO TORRES,CARRERA 39 CALLE 49,URBANA,TECNICO,,,PONER EN MARCHA UN VEHICULO SIN LAS MEDIDAS DE PRECAUCION,143.0,ACOMPAÑANTE MOTOCICLISTA,33.0,FEMENINO,LESIONADO
2022.0,9124.0,ATROPELLO,2022-07-22 00:00:00,,TARDE,VIERNES,RECREO,CALLE 22 CARRERA 24A,URBANA,TECNICO,,,POR ESTABLECER,157.0,NO APLICA,38.0,FEMENINO,NO APLICA
2022.0,8581.0,CHOQUE,2022-02-12 00:00:00,,TARDE,SÁBADO,RIVERA ESCOBAR,CARRERA 35 CALLE 32 A,URBANA,TECNICO,,,PONER EN MARCHA UN VEHICULO SIN LAS MEDIDAS DE PRECAUCION,143.0,MOTOCICLISTA,41.0,MASCULINO,LESIONADO
2022.0,8599.0,CHOQUE,2022-02-19 00:00:00,,MAÑANA,SÁBADO,RIVERA ESCOBAR,CALLE 31 CARRERA 31-74,URBANA,TECNICO,,,ADELANTAR ZONA PROHIBIDAD,105.0,MOTOCICLISTA,24.0,MASCULINO,LESIONADO
2022.0,8900.0,CHOQUE,2022-05-16 00:00:00,,MAÑANA,LUNES,OBRERO,CALLE 36 CARRERA 26,URBANA,TECNICO,,,DESOBEDECER SEÑAL DE PARE,112,MOTOCICLISTA,21.0,MASCULINO,NO APLICA
2022.0,8945.0,CHOQUE,2022-05-30 00:00:00,,MAÑANA,LUNES,VIA CORONADO ROZO,KM 5 + 450 MTS,RURAL,TECNICO,,,INVADIR CARRIL SENTIDO CONTRARIO,157,NO APLICA,57.0,MASCULINO,NO APLICA
2022.0,9184.0,CHOQUE,2022-08-15 00:00:00,,TARDE,LUNES,MUNICIPAL,CARRERA 1 CALLE 31A,URBANA,TECNICO,,,NO MANTENER DISTANCIA SEGURIDAD,121.0,NO APLICA,38.0,MASCULINO,NO APLICA
2022.0,9193.0,CHOQUE,2022-08-19 00:00:00,,TARDE,VIERNES,MUNICIPAL,CARRERA 1A CALLE 31A,URBANA,TECNICO,,,ADELANTAR ZONA PROHIBIDAD,105,NO APLICA,49.0,FEMENINO,NO APLICA
2022.0,9228.0,CHOQUE,2022-09-11 00:00:00,,NOCHE,DOMINGO,COLOMBIA,CARRERA 32 CALLE 35-62,URBANA,TECNICO,,,PERDIDA DEL CONTROL DEL VEHICULO,157.0,NO APLICA,48.0,MASCULINO,NO APLICA
2022.0,DITRA,CHOQUE,2022-04-29 00:00:00,,MADRUGADA,VIERNES,VIA CALI - PALMIRA SUR,KM 8 + 750 MTS,RURAL,POLICIA,,,TRANSITAR EN CONTRA VIA,127,ACOMPAÑANTE MOTOCICLISTA,26.0,FEMENINO,NO APLICA
2022.0,8936.0,CHOQUE,2022-05-27 00:00:00,,TARDE,VIERNES,VIA CORONADO ROZO,KM 4 PUENTE MALINBU,RURAL,TECNICO,,,DESOBEDECER SEÑAL DE PARE,112,MOTOCICLISTA,24.0,MASCULINO,LESIONADO
2022.0,9081.0,CHOQUE,2022-07-09 00:00:00,,MAÑANA,SÁBADO,ALAMEDA,CARRERA 25A CALLE 69B,URBANA,TECNICO,,,TRANSITAR EN CONTRA VIA,127.0,MOTOCICLISTA,46.0,MASCULINO,LESIONADO
2022.0,9111.0,CHOQUE,2022-07-18 00:00:00,,MAÑANA,LUNES,VIA PALMIRA BUITRERA,KM 4 + 795 MTS,RURAL,TECNICO,,,NO UTILIZAR TOTALMENTE LA ZONA DE PARQUOE,157.0,NO APLICA,33.0,MASCULINO,NO APLICA
2022.0,8917.0,CHOQUE TACHA,2022-05-22 00:00:00,,MADRUGADA,DOMINGO,SAMANES,CALLE 47 CARRERA 31-30,URBANA,TECNICO,,,PERDIDA DEL CONTROL DEL VEHICULO,157,MOTOCICLISTA,33.0,MASCULINO,LESIONADO
2022.0,9133.0,CHOQUE,2022-07-26 00:00:00,,MAÑANA,MARTES,VIA CORONADO ROZO,KM 1,RURAL,TECNICO,,,PERDIDA DEL CONTROL DEL VEHICULO,157.0,NO APLICA,30.0,MASCULINO,NO APLICA
2022.0,9183.0,ATROPELLO,2022-08-14 00:00:00,,NOCHE,DOMINGO,AMERICAS,CARRERA 24 CALLE 25-04,URBANA,TECNICO,,,CRUZAR SIN OBSERVAR,409.0,NO APLICA,52.0,MASCULINO,NO APLICA
2022.0,DITRA,CHOQUE,2022-04-03 00:00:00,,NOCHE,DOMINGO,VIA CALI - PALMIRA SUR,KM 18 + 150 MTS,RURAL,POLICIA,,,PERDIDA DEL CONTROL DEL VEHICULO,157.0,ACOMPAÑANTE CONDUCTOR,19.0,FEMENINO,LESIONADO
2022.0,9118.0,CHOQUE,2022-07-20 00:00:00,,NOCHE,MIÉRCOLES,PRIMERO DE MAYO,CALLE 42 CARRERA 14,URBANA,TECNICO,,,HACER MAL USO DEL CARRIL,157.0,MOTOCICLISTA,29.0,MASCULINO,LESIONADO
2022.0,9065.0,CHOQUE,2022-07-02 00:00:00,,TARDE,SÁBADO,COLOMBIA,CALLE 36 CARRERA 31,URBANA,TECNICO,,,SEMAFORO EN ROJO,142.0,MOTOCICLISTA,53.0,MASCULINO,LESIONADO
2022.0,DITRA,CHOQUE VEHICULO ESTACIONADO,2022-01-16 00:00:00,,MADRUGADA,DOMINGO,VIA CALI - PALMIRA SUR,KM 8 + 850 MTS,RURAL,POLICIA,,,PERDIDA DEL CONTROL DEL VEHICULO,157,MOTOCICLISTA,26.0,MASCULINO,MUERTO
2022.0,9295.0,CHOQUE,2022-10-10 00:00:00,,NOCHE,LUNES,ALTAMIRA,CALLE 46 CARRERA 26,URBANA,TECNICO,,,NO RESPETAR PRELACIÓN,132.0,MOTOCICLISTA,45.0,MASCULINO,LESIONADO
2022.0,9299.0,CHOQUE,2022-10-13 00:00:00,,TARDE,JUEVES,MERCEDES,CALLE 61 CARRERA 26A,URBANA,TECNICO,,,DESOBEDECER SEÑAL DE PARE,112.0,MOTOCICLISTA,23.0,MASCULINO,LESIONADO
2022.0,8984.0,CHOQUE,2022-06-08 00:00:00,,TARDE,MIÉRCOLES,COLOMBINA,CALLE 29 CARRERA 23,URBANA,TECNICO,,,DESOBEDECER SEÑAL DE PARE,112.0,NO APLICA,50.0,MASCULINO,NO APLICA
2022.0,DITRA,ATROPELLO,2022-06-10 00:00:00,,NOCHE,VIERNES,VIA SUCROMIELES - EL CERRITO,KM 6+ 815  MTS,RURAL,POLICIA,,,OTRA,157,PEATÓN,25.0,MASCULINO,MUERTO
2022.0,9020.0,CHOQUE,2022-06-20 00:00:00,,TARDE,LUNES,BUENOS AIRES,CALLE 35 CARRERA 5E,URBANA,TECNICO,,,ARRANCAR SIN PRECAUCION,145.0,NO APLICA,66.0,FEMENINO,NO APLICA
2022.0,8829.0,CHOQUE,2022-04-27 00:00:00,,MADRUGADA,MIÉRCOLES,CENTRO,CALLE 28 CARRERA 28,URBANA,TECNICO,,,SEMAFORO EN ROJO,142,MOTOCICLISTA,41.0,FEMENINO,LESIONADO
2022.0,8613.0,CHOQUE,2022-02-22 00:00:00,,MAÑANA,MARTES,CHAPINERO SUR,DIAGONAL 4 CARRERA 31A-90,URBANA,TECNICO,,,ARRANCAR SIN PRECAUCION,145.0,MOTOCICLISTA,24.0,FEMENINO,LESIONADO
2022.0,OFICIO,CHOQUE OBJETO FIJO POSTE,2022-09-03 00:00:00,,TARDE,SÁBADO,PRADO,CALLE 42 CARRERA 42,URBANA,TECNICO,3.538793,-76.312268,POR ESTABLECER,157.0,ACOMPAÑANTE CONDUCTOR,84.0,FEMENINO,MUERTO
2022.0,DITRA,CHOQUE,2022-10-23 00:00:00,,MAÑANA,DOMINGO,VIA PALMIRA -AMAIME,KM 25 +500 MTS,RURAL,POLICIA,,,ADELANTAR INVADIENDO CARRIL,104,ACOMPAÑANTE MOTOCICLISTA,41.0,FEMENINO,MUERTO
2022.0,9027.0,CHOQUE,2022-06-22 00:00:00,,MAÑANA,MIÉRCOLES,IGNACIO TORRES,CARRERA 35 CALLE 49,URBANA,TECNICO,,,FRENAR BRUSCAMENTE,119.0,MOTOCICLISTA,26.0,FEMENINO,LESIONADO
2022.0,8886.0,CHOQUE,2022-05-12 00:00:00,,NOCHE,JUEVES,LAS PALMERA,CALLE 36 CARRERA 1-94,URBANA,TECNICO,,,INVADIR CARRIL SENTIDO CONTRARIO,157,ACOMPAÑANTE MOTOCICLISTA,6.0,FEMENINO,LESIONADO
2022.0,9227.0,CHOQUE,2022-09-10 00:00:00,,NOCHE,SÁBADO,CENTRO,CALLE 32 CARRERA 32,URBANA,TECNICO,,,SEMAFORO EN ROJO,142.0,NO APLICA,44.0,FEMENINO,NO APLICA
2022.0,8604.0,ATROPELLO,2022-02-20 00:00:00,,NOCHE,DOMINGO,VIA PALMIRA TIENDA NUEVA,KM 9 + 293 MTS,RURAL,TECNICO,,,PERDIDA DEL CONTROL DEL VEHICULO,157.0,PEATÓN,56.0,FEMENINO,LESIONADO
2022.0,9117.0,CHOQUE,2022-07-20 00:00:00,,TARDE,MIÉRCOLES,PRIMERO DE MAYO,CALLE 41 CARRERA 9,URBANA,TECNICO,,,DESOBEDECER SEÑAL DE PARE,112.0,ACOMPAÑANTE MOTOCICLISTA,66.0,FEMENINO,LESIONADO
2022.0,8592.0,CHOQUE,2022-02-17 00:00:00,,MAÑANA,JUEVES,SAN PEDRO,CALLE 35 CARRERA 19,URBANA,TECNICO,,,SEMAFORO EN ROJO,142.0,MOTOCICLISTA,20.0,MASCULINO,LESIONADO
2022.0,8654.0,CHOQUE,2022-03-04 00:00:00,,NOCHE,VIERNES,VIA PALMIRA GUANABANAL,KM 2 - 796,RURAL,TECNICO,,,FRENAR BRUSCAMENTE,119.0,MOTOCICLISTA,21.0,MASCULINO,LESIONADO
2022.0,8657.0,CHOQUE,2022-03-05 00:00:00,,NOCHE,SÁBADO,MUNICIPAL,CARRERA 1 CALLE 32,URBANA,TECNICO,,,FRENAR BRUSCAMENTE,119.0,MOTOCICLISTA,30.0,MASCULINO,LESIONADO
2022.0,8671.0,CHOQUE,2022-03-12 00:00:00,,TARDE,SÁBADO,COLOMBIA,CARRERA 30 CALLE 38,URBANA,TECNICO,,,DESOBEDECER SEÑAL DE PARE,112.0,MOTOCICLISTA,34.0,MASCULINO,LESIONADO
2022.0,8808.0,CHOQUE,2022-04-20 00:00:00,,MADRUGADA,MIÉRCOLES,SAN PEDRO,CARRERA 19 CALLE 36-66,URBANA,TECNICO,,,POR ESTABLECER,157,ACOMPAÑANTE MOTOCICLISTA,18.0,MASCULINO,LESIONADO
2022.0,8852.0,CHOQUE,2022-05-02 00:00:00,,TARDE,LUNES,SANTA BARBARA,CALLE 31 CARRERA 43,URBANA,TECNICO,,,FRENAR BRUSCAMENTE,119.0,MOTOCICLISTA,24.0,MASCULINO,LESIONADO
2022.0,9224.0,CHOQUE,2022-09-09 00:00:00,,NOCHE,VIERNES,RIVERA ESCOBAR,CALLE 31 CARRERA 34,URBANA,TECNICO,,,NO ESTAR PENDIENTE DE LA VIA,157.0,CICLISTA,48.0,MASCULINO,LESIONADO
2022.0,9113.0,CHOQUE,2022-07-18 00:00:00,,TARDE,LUNES,CENTRO,CALLE 27 CARRERA 33,URBANA,TECNICO,,,DESOBEDECER SEÑAL DE PARE,112.0,NO APLICA,34.0,FEMENINO,NO APLICA
2022.0,8722.0,CHOQUE,2022-03-22 00:00:00,,NOCHE,MARTES,PRADO,CALLE 35 CARRERA 43,URBANA,TECNICO,,,DESOBEDECER SEÑAL DE PARE,112.0,MOTOCICLISTA,36.0,MASCULINO,LESIONADO
2022.0,8623.0,CHOQUE,2022-02-25 00:00:00,,MAÑANA,VIERNES,CENTRO,CALLE 31 CARRERA 25,URBANA,TECNICO,,,SEMAFORO EN ROJO,142.0,MOTOCICLISTA,32.0,MASCULINO,LESIONADO
2022.0,DITRA,CHOQUE,2022-05-09 00:00:00,,NOCHE,LUNES,VIA PALMASECA EL CERRITO,KM 6 + 100 MTS,RURAL,POLICIA,,,NO ESTAR ATENTO A LOS OBSTACULOS SOBRE LA VIA,157,NO APLICA,46.0,MASCULINO,NO APLICA
2022.0,9072.0,CHOQUE,2022-07-05 00:00:00,,MADRUGADA,MARTES,VERSALLES,CALLE 42 CARRERA 26-31,URBANA,TECNICO,,,CAMBIO DE CARRIL CON O SIN INDICACION,157.0,NO APLICA,26.0,MASCULINO,NO APLICA
2022.0,9258.0,CHOQUE,2022-09-26 00:00:00,,MAÑANA,LUNES,BIZERTA,CALLE 37 CARRERA 24,URBANA,TECNICO,,,DESOBEDECER SEÑAL DE PARE,112.0,MOTOCICLISTA,22.0,MASCULINO,LESIONADO
2022.0,8784.0,CHOQUE,2022-04-11 00:00:00,,NOCHE,LUNES,BENEDICTA,CALLE 47 CARRERA 34A,URBANA,TECNICO,,,ARRANCAR SIN PRECAUCION,145,NO APLICA,26.0,MASCULINO,NO APLICA
2022.0,9093.0,CHOQUE,2022-07-12 00:00:00,,NOCHE,MARTES,GUAYACANES DEL INGENIO,CARRERA 18 CALLE 26,URBANA,TECNICO,,,DESOBEDECER SEÑAL DE PARE,112.0,MOTOCICLISTA,20.0,MASCULINO,LESIONADO
2022.0,9020.0,CHOQUE,2022-06-20 00:00:00,,TARDE,LUNES,BUENOS AIRES,CALLE 35 CARRERA 5E,URBANA,TECNICO,,,ARRANCAR SIN PRECAUCION,145.0,MOTOCICLISTA,23.0,MASCULINO,LESIONADO
2022.0,9025.0,CHOQUE,2022-06-22 00:00:00,,NOCHE,MIÉRCOLES,CIUDAD DEL CAMPO,CALLE 101 CARRERA 35,RURAL,TECNICO,,,FRENAR BRUSCAMENTE,119.0,MOTOCICLISTA,16.0,MASCULINO,LESIONADO
2022.0,8543.0,CHOQUE,2022-02-02 00:00:00,,NOCHE,MIÉRCOLES,COLOMBIA,CALLE 35 CARRERA 31,URBANA,TECNICO,,,DESOBEDECER SEÑAL DE PARE,112.0,NO APLICA,17.0,MASCULINO,NO APLICA
2022.0,8739.0,CHOQUE,2022-03-28 00:00:00,,TARDE,LUNES,BIZERTA,CALLE 36 CARRERA 22,URBANA,TECNICO,,,IMPERICIA EN EL MANEJO,139.0,MOTOCICLISTA,16.0,MASCULINO,LESIONADO
2022.0,8752.0,CHOQUE,2022-04-01 00:00:00,,TARDE,VIERNES,OBRERO,CALLE 35 CARRERA 26,URBANA,TECNICO,,,DESOBEDECER SEÑAL DE PARE,112.0,MOTOCICLISTA,29.0,MASCULINO,LESIONADO
2022.0,9070.0,CHOQUE,2022-07-03 00:00:00,,TARDE,DOMINGO,DELICIAS,CALLE 27 CARRERA 27,URBANA,TECNICO,,,DESOBEDECER SEÑAL DE PARE,112.0,MOTOCICLISTA,30.0,MASCULINO,LESIONADO
2022.0,9112.0,CHOQUE,2022-07-18 00:00:00,,TARDE,LUNES,BARRIO NUEVO,CARRERA 32 CALLE 26,URBANA,TECNICO,,,DESOBEDECER SEÑAL DE PARE,112.0,NO APLICA,29.0,MASCULINO,NO APLICA
2022.0,9152.0,CHOQUE,2022-07-31 00:00:00,,NOCHE,DOMINGO,COLOMBIA,CALLE 33 CARRERA 32,URBANA,TECNICO,,,TRANSITAR EN CONTRA VIA,127.0,NO APLICA,43.0,MASCULINO,NO APLICA
2022.0,9170.0,CHOQUE,2022-08-08 00:00:00,,TARDE,LUNES,RECREO,CALLE 21 CARRERA 30,URBANA,TECNICO,,,DESOBEDECER SEÑAL DE PARE,112.0,NO APLICA,21.0,MASCULINO,NO APLICA
2022.0,9261.0,CHOQUE,2022-09-27 00:00:00,,TARDE,MARTES,SAMANES,CALLE 47 CARRERA 28,URBANA,TECNICO,,,SEMAFORO EN ROJO,142.0,MOTOCICLISTA,29.0,MASCULINO,LESIONADO
2022.0,9301.0,CHOQUE,2022-10-15 00:00:00,,MAÑANA,JUEVES,BENEDICTA,CALLE 47 CARRERA 34B-50,URBANA,TECNICO,,,REVERSO IMPRUDENTE,134.0,NO APLICA,64.0,MASCULINO,NO APLICA
2022.0,8808.0,CHOQUE,2022-04-20 00:00:00,,MADRUGADA,MIÉRCOLES,SAN PEDRO,CARRERA 19 CALLE 36-66,URBANA,TECNICO,,,POR ESTABLECER,157,MOTOCICLISTA,24.0,MASCULINO,LESIONADO
2022.0,8968.0,CHOQUE OBJETO FIJO INMUEBLE,2022-06-04 00:00:00,,MADRUGADA,SÁBADO,LOS PINOS,CALLE 42 CARRERA 22,URBANA,TECNICO,,,NO ESTAR PENDIENTE DE LA VIA,157.0,ACOMPAÑANTE CONDUCTOR,22.0,FEMENINO,LESIONADO
2022.0,8768.0,CHOQUE,2022-04-06 00:00:00,,TARDE,MIÉRCOLES,BARRIO NUEVO,CARRERA 31 CALLE 27,URBANA,TECNICO,,,DESOBEDECER SEÑAL DE PARE,112,MOTOCICLISTA,46.0,FEMENINO,LESIONADO
2022.0,8956.0,CHOQUE,2022-06-02 00:00:00,,MAÑANA,JUEVES,RECREO,CARRERA 26 CALLE 18,URBANA,TECNICO,,,DESOBEDECER SEÑAL DE PARE,112.0,ACOMPAÑANTE MOTOCICLISTA,13.0,FEMENINO,LESIONADO
2022.0,9245.0,CHOQUE,2022-09-23 00:00:00,,MAÑANA,VIERNES,BARRIO NUEVO,CARRERA 32 CALLE26,URBANA,TECNICO,,,DESOBEDECER SEÑAL DE PARE,112.0,NO APLICA,37.0,MASCULINO,NO APLICA
2022.0,8688.0,CHOQUE,2022-03-13 00:00:00,,NOCHE,DOMINGO,BARRIO NUEVO,CARRERA 30 CALLE 21,URBANA,TECNICO,,,DESOBEDECER SEÑAL DE PARE,112.0,ACOMPAÑANTE MOTOCICLISTA,26.0,FEMENINO,LESIONADO
2022.0,OFICIO,CHOQUE,2022-10-31 00:00:00,,TARDE,LUNES,ZAMORANO,CARRERA 28 AVENIDAD CARBONERA,URBANA,TECNICO,,,POR ESTABLECER,157,MOTOCICLISTA,28.0,FEMENINO,MUERTO
2022.0,9241.0,CHOQUE,2022-09-17 00:00:00,,NOCHE,SÁBADO,COLOMBIA,CALLE 36 CARRERA 32,URBANA,TECNICO,,,SEMAFORO EN ROJO,142.0,ACOMPAÑANTE MOTOCICLISTA,24.0,FEMENINO,LESIONADO
2022.0,8938.0,ATROPELLO,2022-05-27 00:00:00,,NOCHE,VIERNES,SAN PEDRO,CALLE 39 CARRERA 18,URBANA,TECNICO,,,CRUZAR SIN OBSERVAR,409,MOTOCICLISTA,27.0,MASCULINO,LESIONADO
2022.0,9240.0,CHOQUE,2022-09-17 00:00:00,,NOCHE,SÁBADO,FRAY LUIS,CALLE 42 CARRERA 45-65,URBANA,TECNICO,,,NO ESTAR PENDIENTE DE LA VIA,157.0,MOTOCICLISTA,39.0,MASCULINO,LESIONADO
2022.0,9243.0,CHOQUE,2022-09-21 00:00:00,,MAÑANA,MIÉRCOLES,BARRIO NUEVO,CALLE 26 CARRERA30,URBANA,TECNICO,,,DESOBEDECER SEÑAL DE PARE,112.0,MOTOCICLISTA,28.0,MASCULINO,LESIONADO
2022.0,8883.0,CHOQUE,2022-05-10 00:00:00,,NOCHE,MARTES,COLOMBINA,CALLE 28 CARRERA 13,URBANA,TECNICO,,,DESOBEDECER SEÑAL DE PARE,112,NO APLICA,60.0,MASCULINO,NO APLICA
2022.0,9237.0,ATROPELLO,2022-09-17 00:00:00,,NOCHE,SÁBADO,PRIMERO DE MAYO,CALLE 42 CARRERA 9-9A,URBANA,TECNICO,,,CRUZAR EN ESTADO DE  EMBRIAGUEZ,404.0,MOTOCICLISTA,28.0,MASCULINO,LESIONADO
2022.0,9058.0,CHOQUE,2022-06-30 00:00:00,,TARDE,JUEVES,IGNACIO TORRES,CARRERA 38 CALLE  54,URBANA,TECNICO,,,NO RESPETAR PRELACIÓN,132.0,NO APLICA,65.0,MASCULINO,NO APLICA
2022.0,8723.0,CHOQUE,2022-03-23 00:00:00,,MAÑANA,MIÉRCOLES,VIA PALMIRA LA ZAPATA,KM 11 + 400 MTS,RURAL,TECNICO,,,NO ESTAR PENDIENTE DE LA VIA,157.0,NO APLICA,47.0,MASCULINO,NO APLICA
2022.0,9224.0,CHOQUE,2022-09-09 00:00:00,,NOCHE,VIERNES,RIVERA ESCOBAR,CALLE 31 CARRERA 34,URBANA,TECNICO,,,NO ESTAR PENDIENTE DE LA VIA,157.0,NO APLICA,62.0,MASCULINO,NO APLICA
2022.0,9054.0,CHOQUE,2022-06-29 00:00:00,,TARDE,MIÉRCOLES,VERSALLES,CALLE 42 CARRERA 30-103,URBANA,TECNICO,,,NO ESTAR PENDIENTE DE LA VIA,157.0,NO APLICA,27.0,MASCULINO,NO APLICA
2022.0,9196.0,CHOQUE,2022-08-20 00:00:00,,TARDE,SÁBADO,OBRERO,CARRERA 25 CALLE 39,URBANA,TECNICO,,,DESOBEDECER SEÑAL DE PARE,112,NO APLICA,55.0,MASCULINO,NO APLICA
2022.0,9255.0,CHOQUE,2022-09-25 00:00:00,,TARDE,DOMINGO,CENTRO,CALLE 29 CARRERA 33,URBANA,TECNICO,,,DESOBEDECER SEÑAL DE PARE,112.0,NO APLICA,61.0,MASCULINO,NO APLICA
2022.0,8696.0,CHOQUE,2022-03-15 00:00:00,,TARDE,MARTES,BIZERTA,CALLE 37 CARRERA 22,URBANA,TECNICO,,,DESOBEDECER SEÑAL DE PARE,112.0,ACOMPAÑANTE MOTOCICLISTA,11.0,FEMENINO,LESIONADO
2022.0,8659.0,CHOQUE,2022-03-06 00:00:00,,MAÑANA,DOMINGO,DELICIAS,CARRERA 25 CALLE 24,URBANA,TECNICO,,,ARRANCAR SIN PRECAUCION,145.0,NO APLICA,68.0,MASCULINO,NO APLICA
2022.0,9293.0,CHOQUE,2022-10-10 00:00:00,,TARDE,LUNES,OBRERO,CALLE 34 CARRERA 25,URBANA,TECNICO,,,ARRANCAR SIN PRECAUCION,145.0,NO APLICA,42.0,MASCULINO,NO APLICA
2022.0,8635.0,CHOQUE,2022-02-27 00:00:00,,NOCHE,DOMINGO,EMILIA,CALLE 36 CARRERA 37,URBANA,TECNICO,,,DESOBEDECER SEÑAL DE PARE,112.0,MOTOCICLISTA,25.0,FEMENINO,LESIONADO
2022.0,9161.0,CHOQUE,2022-08-04 00:00:00,,MAÑANA,JUEVES,AMAIME,CALLE 6 NUMERO 1-03,RURAL,TECNICO,,,CRUZAR SIN OBSERVAR DEBIDA PRECAUCION,157.0,CICLISTA,80.0,MASCULINO,LESIONADO