a_o,ipat,clase_siniestro,fecha,hora,jornada,dia_semana,barrios_corregimiento_via,direccion,zona,autoridad,lat,long,hipotesis,codigo,condicion_de_la_victima,edad,genero,lesionados_y_muertos
2022.0,8585.0,CHOQUE,2022-02-12 00:00:00,,NOCHE,SÁBADO,COLOMBIA,CALLE 36 CARRERA 31,URBANA,TECNICO,,,NO RESPETAR PRELACIÓN,132.0,NO APLICA,33.0,MASCULINO,NO APLICA
2022.0,8709.0,CHOQUE,2022-03-19 00:00:00,,NOCHE,SÁBADO,VIA PALMIRA TABLONES,KM 12,RURAL,TECNICO,,,MANIOBRAR EN RETROCESO EN LA VIA,157.0,MOTOCICLISTA,31.0,MASCULINO,LESIONADO
2022.0,8927.0,CHOQUE,2022-05-24 00:00:00,,TARDE,MARTES,DANUBIO,CARRERA 18 CALLE 33-24,URBANA,TECNICO,,,NO MANTENER DISTANCIA SEGURIDAD,121,MOTOCICLISTA,44.0,MASCULINO,LESIONADO
2022.0,DITRA,CHOQUE,2022-03-28 00:00:00,,NOCHE,LUNES,VIA CENCAR -AEREOPUERTO,KM 0 + 570 MTS,RURAL,POLICIA,,,NO MANTENER DISTANCIA SEGURIDAD,121,MOTOCICLISTA,52.0,MASCULINO,MUERTO
2022.0,9069.0,CHOQUE,2022-07-03 00:00:00,,MAÑANA,DOMINGO,RECREO,CALLE 18 CARRERA 25,URBANA,TECNICO,,,NO RESPETAR PRELACIÓN,132.0,MOTOCICLISTA,27.0,MASCULINO,LESIONADO
2022.0,9267.0,CHOQUE,2022-09-30 00:00:00,,MAÑANA,VIERNES,INGENIO MANUELITA,CALLEJON HACIA LA GERTRUDIS,RURAL,TECNICO,,,POR ESTABLECER,157.0,MOTOCICLISTA,36.0,MASCULINO,LESIONADO
2022.0,8693.0,CHOQUE,2022-03-14 00:00:00,,NOCHE,LUNES,ZAMORANO,CALLE 65 CARRERA 28-200,URBANA,TECNICO,,,ADELANTAR INVADIENDO CARRIL,104.0,MOTOCICLISTA,29.0,MASCULINO,LESIONADO
2022.0,8607.0,CHOQUE,2022-02-21 00:00:00,,TARDE,LUNES,SESQUI,CARRERA 32 CALLE 8 -10,URBANA,TECNICO,,,DESOBEDECER SEÑAL DE PARE,112.0,NO APLICA,49.0,MASCULINO,NO APLICA
2022.0,9067.0,CHOQUE,2022-07-02 00:00:00,,NOCHE,SÁBADO,CENTRO,CALLE 28 CARRERA 26,URBANA,TECNICO,,,DESOBEDECER SEÑAL DE PARE,112.0,MOTOCICLISTA,33.0,FEMENINO,LESIONADO
2022.0,8732.0,CHOQUE,2022-03-26 00:00:00,,MAÑANA,SÁBADO,OBRERO,CALLE 34 CARRERA26,URBANA,TECNICO,,,ARRANCAR SIN PRECAUCION,145.0,MOTOCICLISTA,49.0,MASCULINO,LESIONADO
2022.0,8844.0,CHOQUE,2022-05-01 00:00:00,,MAÑANA,DOMINGO,URIBE,CALLE 33 CARRERA 23,URBANA,TECNICO,,,DESOBEDECER SEÑAL DE PARE,112,MOTOCICLISTA,27.0,FEMENINO,LESIONADO
2022.0,9003.0,ATROPELLO,2022-06-14 00:00:00,,TARDE,MARTES,CENTRO POBLADO LA TORRE,CALLE 10 FRENTE 19-362,RURAL,TECNICO,,,IMPERICIA EN EL MANEJO,139.0,PEATÓN,53.0,FEMENINO,LESIONADO
2022.0,9249.0,CHOQUE,2022-09-23 00:00:00,,TARDE,VIERNES,PRIMERO DE MAYO,CALLE 41 CARRERA 13,URBANA,TECNICO,,,DESOBEDECER SEÑAL DE PARE,112.0,ACOMPAÑANTE MOTOCICLISTA,38.0,FEMENINO,LESIONADO
2022.0,DITRA,CHOQUE,2022-04-01 00:00:00,,MADRUGADA,VIERNES,VIA CALI - PALMIRA SUR,KM 2+ 700 MTS,RURAL,POLICIA,,,TRANSITAR EN CONTRA VIA,127.0,NO APLICA,30.0,MASCULINO,NO APLICA
2022.0,8629.0,CHOQUE,2022-02-27 00:00:00,,MADRUGADA,DOMINGO,RECREO,CALLE 23 CARRERA 26,URBANA,TECNICO,,,DESOBEDECER SEÑAL DE PARE,112.0,CONDUCTOR,36.0,MASCULINO,LESIONADO
2022.0,9145.0,ATROPELLO,2022-07-26 00:00:00,,TARDE,MARTES,OBRERO,CARRERA 24 CALLE 33-34,URBANA,TECNICO,,,POR ESTABLECER,157.0,NO APLICA,28.0,MASCULINO,NO APLICA
2022.0,8907.0,CHOQUE,2022-05-19 00:00:00,,MAÑANA,JUEVES,ESTONIA,CARRERA 32 CALLE 44,URBANA,TECNICO,,,DESOBEDECER SEÑAL DE PARE,112,NO APLICA,63.0,MASCULINO,NO APLICA
2022.0,9201.0,CHOQUE,2022-08-23 00:00:00,,TARDE,MARTES,SESQUI,CALLE 10 CARRERA 31,URBANA,TECNICO,,,NO RESPETAR PRELACIÓN,132.0,NO APLICA,33.0,FEMENINO,NO APLICA
2022.0,9638.0,CHOQUE,2022-03-01 00:00:00,,MAÑANA,MARTES,SESQUI,CALLE 11 CARRERA 29,URBANA,TECNICO,,,FRENAR BRUSCAMENTE,119.0,NO APLICA,29.0,MASCULINO,NO APLICA
2022.0,8728.0,CHOQUE,2022-03-25 00:00:00,,TARDE,VIERNES,PRADO,CALLE 40 CARRERA 40-37,URBANA,TECNICO,,,NO ESTAR PENDIENTE DE LA VIA,157.0,NO APLICA,48.0,MASCULINO,NO APLICA
2022.0,8971.0,VOLCAMIENTO,2022-06-05 00:00:00,,MAÑANA,DOMINGO,ESTONIA,CALLE 47 CARRERA 32,URBANA,TECNICO,,,PERDIDA DEL CONTROL DEL VEHICULO,157.0,MOTOCICLISTA,43.0,MASCULINO,LESIONADO
2022.0,9194.0,CHOQUE,2022-08-19 00:00:00,,NOCHE,VIERNES,VIA PALMIRA POTRERILLO,KM 10 + 500 MTS,RURAL,TECNICO,,,INVADIR CARRIL SENTIDO CONTRARIO,157,CICLISTA,20.0,MASCULINO,LESIONADO
2022.0,9656.0,CHOQUE,2022-03-05 00:00:00,,MADRUGADA,SÁBADO,ALAMEDA,CALLE 69 CARRERA 26-162,URBANA,TECNICO,,,ARRANCAR SIN PRECAUCION,145.0,MOTOCICLISTA,48.0,MASCULINO,LESIONADO
2022.0,8919.0,CHOQUE,2022-05-21 00:00:00,,TARDE,SÁBADO,SAN PEDRO,CALLE 35B CARRERA 9,URBANA,TECNICO,,,DESOBEDECER SEÑAL DE PARE,112,MOTOCICLISTA,61.0,MASCULINO,LESIONADO
2022.0,8661.0,CHOQUE,2022-03-06 00:00:00,,TARDE,DOMINGO,CUIDADELA PALMIRA,CARRERA 9 CALLE 26,URBANA,TECNICO,,,DESOBEDECER SEÑAL DE PARE,112.0,ACOMPAÑANTE MOTOCICLISTA,11.0,FEMENINO,LESIONADO
2022.0,9070.0,CHOQUE,2022-07-03 00:00:00,,TARDE,DOMINGO,DELICIAS,CALLE 27 CARRERA 27,URBANA,TECNICO,,,DESOBEDECER SEÑAL DE PARE,112.0,ACOMPAÑANTE MOTOCICLISTA,1.0,FEMENINO,LESIONADO
2022.0,9147.0,CHOQUE,2022-07-30 00:00:00,,TARDE,SÁBADO,SANTA RITA,CALLE 35 CARRERA 27,URBANA,TECNICO,,,DESOBEDECER SEÑAL DE PARE,112.0,ACOMPAÑANTE MOTOCICLISTA,7.0,FEMENINO,LESIONADO
2022.0,9257.0,CHOQUE,2022-09-26 00:00:00,,MAÑANA,LUNES,OBRERO,CALLE 24 CARRERA 37,URBANA,TECNICO,,,GIRAR BRUSCAMENTE,122.0,NO APLICA,47.0,MASCULINO,NO APLICA
2022.0,9009.0,CHOQUE,2022-06-17 00:00:00,,TARDE,VIERNES,FRAY LUIS,CALLE 42 CARRERA 49 FRENTE ALQUERIA,URBANA,TECNICO,,,NO MANTENER DISTANCIA SEGURIDAD,121.0,MOTOCICLISTA,64.0,MASCULINO,LESIONADO
2022.0,9230.0,CHOQUE,2022-09-13 00:00:00,,NOCHE,MARTES,VIA CORONADO ROZO,600 MTS,RURAL,TECNICO,,,INVADIR CARRIL SENTIDO CONTRARIO,157.0,NO APLICA,39.0,MASCULINO,NO APLICA
2022.0,9254.0,CHOQUE,2022-09-25 00:00:00,,TARDE,DOMINGO,SAMANES,CALLE 47 CARRERA 28,URBANA,TECNICO,,,SEMAFORO EN ROJO,142.0,MOTOCICLISTA,37.0,MASCULINO,LESIONADO
2022.0,9271.0,ATROPELLO,2022-10-01 00:00:00,,MAÑANA,SÁBADO,EMILIA,CARRERA 35 CALLE 39-40,URBANA,TECNICO,,,POR ESTABLECER,157.0,PEATÓN,66.0,MASCULINO,LESIONADO
2022.0,9043.0,CHOQUE,2022-06-26 00:00:00,,TARDE,DOMINGO,EL SEMBRADOR,CARRERA 19 CALLE 18,URBANA,TECNICO,,,NO RESPETAR PRELACIÓN,123.0,NO APLICA,34.0,MASCULINO,NO APLICA
2022.0,8945.0,CHOQUE,2022-05-30 00:00:00,,MAÑANA,LUNES,VIA CORONADO ROZO,KM 5 + 450 MTS,RURAL,TECNICO,,,INVADIR CARRIL SENTIDO CONTRARIO,157,CONDUCTOR,43.0,MASCULINO,LESIONADO
2022.0,8881.0,CHOQUE,2022-05-10 00:00:00,,TARDE,MARTES,VIA PALMIRA CANDELARIA,HOTEL LAS VICTORIAS,URBANA,TECNICO,,,FRENAR BRUSCAMENTE,119.0,CICLISTA,28.0,FEMENINO,LESIONADO
2022.0,8615.0,CHOQUE,2022-02-23 00:00:00,,MADRUGADA,MIÉRCOLES,CENTRO,CALLE 31 CARRERA 23,URBANA,TECNICO,,,SEMAFORO EN ROJO,142.0,MOTOCICLISTA,49.0,MASCULINO,LESIONADO
2022.0,9070.0,CHOQUE,2022-07-03 00:00:00,,TARDE,DOMINGO,DELICIAS,CALLE 27 CARRERA 27,URBANA,TECNICO,,,DESOBEDECER SEÑAL DE PARE,112.0,NO APLICA,62.0,MASCULINO,NO APLICA
2022.0,DITRA,ATROPELLO,2022-09-09 00:00:00,,MAÑANA,VIERNES,VIA CENCAR -AEREOPUERTO,KM 7 + 400 MTS,RURAL,POLICIA,,,CRUZAR SIN OBSERVAR,409.0,PEATÓN,72.0,MASCULINO,MUERTO
2022.0,9005.0,CHOQUE,2022-06-15 00:00:00,,TARDE,MIÉRCOLES,LA TRINIDAD,CALLE 31 CARRERA 23,URBANA,TECNICO,,,ADELANTAR POR LA DERECHA,102.0,ACOMPAÑANTE MOTOCICLISTA,81.0,MASCULINO,MUERTO
2022.0,9110.0,CHOQUE,2022-07-17 00:00:00,,NOCHE,DOMINGO,SESQUI,CARRERA 32 CALLE 11-20,URBANA,TECNICO,,,NO RESPETAR PRELACIÓN,132.0,MOTOCICLISTA,58.0,MASCULINO,LESIONADO
2022.0,9198.0,CHOQUE,2022-08-21 00:00:00,,MADRUGADA,DOMINGO,BARRIO NUEVO,CARRERA 33A CALLE 19,URBANA,TECNICO,,,EMBRIAGUEZ,115,NO APLICA,30.0,MASCULINO,NO APLICA
2022.0,9256.0,CHOQUE,2022-09-25 00:00:00,,NOCHE,DOMINGO,URIBE,CALLE 33 CARRERA 22,URBANA,TECNICO,,,DESOBEDECER SEÑAL DE PARE,112.0,NO APLICA,48.0,MASCULINO,NO APLICA
2022.0,9012.0,CHOQUE,2022-06-17 00:00:00,,TARDE,VIERNES,VIA PALMIRA TABLONES,KM12+200 FRENTE AL POSTE#9148,RURAL,TECNICO,,,PERDIDA DEL CONTROL DEL VEHICULO,157.0,ACOMPAÑANTE MOTOCICLISTA,41.0,FEMENINO,LESIONADO
2022.0,8643.0,CHOQUE,2022-03-01 00:00:00,,NOCHE,MARTES,OBRERO,CARRERA 25 CALLE 34,URBANA,TECNICO,,,PONER EN MARCHA UN VEHICULO SIN LAS MEDIDAS DE PRECAUCION,143.0,ACOMPAÑANTE CICLISTA,19.0,FEMENINO,LESIONADO
2022.0,DITRA,VOLCAMIENTO,2022-06-29 00:00:00,,NOCHE,MIÉRCOLES,VIA MULALO - PRODESAL,KM 11 + 500 MTS,RURAL,POLICIA,,,EMBRIAGUEZ,115,CONDUCTOR,61.0,MASCULINO,MUERTO
2022.0,8569.0,CHOQUE,2022-02-10 00:00:00,,TARDE,JUEVES,SANTA RITA,CARRERA 28 CALLE 34,URBANA,TECNICO,,,PONER EN MARCHA UN VEHICULO SIN LAS MEDIDAS DE PRECAUCION,143.0,MOTOCICLISTA,51.0,MASCULINO,LESIONADO
2022.0,7959.0,CHOQUE,2022-04-03 00:00:00,,MADRUGADA,DOMINGO,CUIDAD DEL CAMPO,CALLE 101 CARRERA 37,RURAL,TECNICO,,,TRANSITAR EN CONTRA VIA,127.0,NO APLICA,52.0,MASCULINO,NO APLICA
2022.0,9089.0,CHOQUE,2022-07-12 00:00:00,,MAÑANA,MARTES,CENTRO,CALLE 32 CARRERA 25,URBANA,TECNICO,,,DESOBEDECER SEÑAL DE PARE,112.0,MOTOCICLISTA,22.0,MASCULINO,LESIONADO
2022.0,DITRA,ATROPELLO,2022-09-08 00:00:00,,MADRUGADA,JUEVES,VIA CALI - PALMIRA NORTE,KM  9 + 150 MTS,URBANA,TECNICO,,,TRANSITAR POR LA CALZADA  PEATON,404.0,PEATÓN,84.0,MASCULINO,MUERTO
2022.0,8997.0,CHOQUE,2022-06-13 00:00:00,,TARDE,LUNES,COLOMBIA,CALLE 37 CARRERA 38,URBANA,TECNICO,,,ARRANCAR SIN PRECAUCION,147.0,NO APLICA,67.0,MASCULINO,NO APLICA
2022.0,8996.0,CHOQUE,2022-06-13 00:00:00,,MAÑANA,LUNES,URIBE,CALLE 23 CARRERA 23,URBANA,TECNICO,,,DESOBEDECER SEÑAL DE PARE,112.0,NO APLICA,61.0,MASCULINO,NO APLICA
2022.0,8879.0,CHOQUE,2022-05-09 00:00:00,,NOCHE,LUNES,SAN PEDRO,CARRERA 19 CALLE 38-26,URBANA,TECNICO,,,PONER EN MARCHA UN VEHICULO SIN LAS MEDIDAS DE PRECAUCION,143,MOTOCICLISTA,35.0,MASCULINO,LESIONADO
2022.0,9194.0,CHOQUE,2022-08-19 00:00:00,,NOCHE,VIERNES,VIA PALMIRA POTRERILLO,KM 10 + 500 MTS,RURAL,TECNICO,,,INVADIR CARRIL SENTIDO CONTRARIO,157,NO APLICA,50.0,MASCULINO,NO APLICA
2022.0,9230.0,CHOQUE,2022-09-13 00:00:00,,NOCHE,MARTES,VIA CORONADO ROZO,600 MTS,RURAL,TECNICO,,,INVADIR CARRIL SENTIDO CONTRARIO,157.0,CONDUCTOR,44.0,MASCULINO,LESIONADO
2022.0,8679.0,CHOQUE,2022-03-12 00:00:00,,TARDE,SÁBADO,BARRIO NUEVO,CARRERA 32 CALLE 26,URBANA,TECNICO,,,DESOBEDECER SEÑAL DE PARE,112.0,MOTOCICLISTA,35.0,MASCULINO,LESIONADO
2022.0,8821.0,CHOQUE,2022-04-24 00:00:00,,TARDE,DOMINGO,SAN CAYETANO,CALLE 42 CARRERA 25,URBANA,TECNICO,,,DESOBEDECER SEÑAL DE PARE,112,NO APLICA,39.0,MASCULINO,NO APLICA
2022.0,DITRA,CHOQUE OBJETO FIJO ARBOL,2022-02-13 00:00:00,,MADRUGADA,DOMINGO,VIA CALI - PALMIRA SUR,KM 19 + 50 MTS,RURAL,POLICIA,,,PERDIDA DEL CONTROL DEL VEHICULO,157.0,MOTOCICLISTA,30.0,MASCULINO,MUERTO
2022.0,8995.0,CHOQUE,2022-06-12 00:00:00,,NOCHE,DOMINGO,SANTA TERESITA,TRANSV 39 CALLE 48,URBANA,TECNICO,,,NO RESPETAR PRELACIÓN,123.0,MOTOCICLISTA,24.0,MASCULINO,LESIONADO
2022.0,9017.0,CHOQUE,2022-06-19 00:00:00,,NOCHE,DOMINGO,CORONADO,CARRERA 38 CALLE 63,URBANA,TECNICO,,,DESOBEDECER SEÑAL DE PARE,112.0,MOTOCICLISTA,18.0,MASCULINO,LESIONADO
2022.0,9253.0,ATROPELLO,2022-09-24 00:00:00,,TARDE,SÁBADO,CUIDAD DEL CAMPO,CALLE 101 CARRERA 30-31,RURAL,TECNICO,,,TRANSITAR EN CONTRA VIA,127.0,PEATÓN,9.0,MASCULINO,LESIONADO
2022.0,9067.0,CHOQUE,2022-07-02 00:00:00,,NOCHE,SÁBADO,CENTRO,CALLE 28 CARRERA 26,URBANA,TECNICO,,,DESOBEDECER SEÑAL DE PARE,112.0,NO APLICA,60.0,MASCULINO,NO APLICA
2022.0,9112.0,CHOQUE,2022-07-18 00:00:00,,TARDE,LUNES,BARRIO NUEVO,CARRERA 32 CALLE 26,URBANA,TECNICO,,,DESOBEDECER SEÑAL DE PARE,112.0,MOTOCICLISTA,54.0,MASCULINO,LESIONADO
2022.0,8554.0,CHOQUE,2022-02-07 00:00:00,,TARDE,LUNES,ITALIA,TRANSVERSAL 30 CALLE 6E-39,URBANA,TECNICO,,,PONER EN MARCHA UN VEHICULO SIN LAS MEDIDAS DE PRECAUCION,145.0,MOTOCICLISTA,42.0,MASCULINO,LESIONADO
2022.0,8650.0,CHOQUE,2022-03-03 00:00:00,,MAÑANA,JUEVES,ESTONIA,CARRERA 32 CALLE 42,URBANA,TECNICO,,,NO RESPETAR PRELACIÓN,123.0,PEATÓN,54.0,MASCULINO,LESIONADO
2022.0,8874.0,CHOQUE,2022-05-08 00:00:00,,TARDE,DOMINGO,ZAMORANO,CALLE 67 CARRERA 31,URBANA,TECNICO,,,REALIZAR MANIOBRAS PELIGROSAS,157,NO APLICA,53.0,MASCULINO,NO APLICA
2022.0,9183.0,ATROPELLO,2022-08-14 00:00:00,,NOCHE,DOMINGO,AMERICAS,CARRERA 24 CALLE 25-04,URBANA,TECNICO,,,CRUZAR SIN OBSERVAR,409.0,PEATÓN,60.0,MASCULINO,LESIONADO
2022.0,8672.0,CHOQUE,2022-03-12 00:00:00,,TARDE,SÁBADO,RINCON DEL BOSQUE,CALLE 31 CARRERA 7-8,URBANA,TECNICO,,,NO MANTENER DISTANCIA SEGURIDAD,121.0,MOTOCICLISTA,22.0,MASCULINO,LESIONADO
2022.0,9178.0,CHOQUE,2022-08-13 00:00:00,,TARDE,SÁBADO,VERSALLES,CALLE 42 CARRERA 26,URBANA,TECNICO,,,GIRAR BRUSCAMENTE,122.0,NO APLICA,29.0,MASCULINO,NO APLICA
2022.0,9279.0,CHOQUE,2022-10-05 00:00:00,,MAÑANA,MIÉRCOLES,CAMPESTRE,CALLE 42 CARRERA 2,URBANA,TECNICO,,,NO ESTAR PENDIENTE DE LA VIA,157.0,NO APLICA,44.0,MASCULINO,NO APLICA
2022.0,8713.0,CHOQUE,2022-03-20 00:00:00,,NOCHE,DOMINGO,EMILIA,CARRERA 35 TRANSVERSAL 37,URBANA,TECNICO,,,NO ESTAR PENDIENTE DE LA VIA,157.0,NO APLICA,51.0,MASCULINO,NO APLICA
2022.0,9001.0,CHOQUE,2022-06-14 00:00:00,,MADRUGADA,MARTES,VIA PALMIRA BARRANCAS,KM 4+ 500 MTS,RURAL,TECNICO,,,POR ESTABLECER,157.0,MOTOCICLISTA,26.0,MASCULINO,LESIONADO
2022.0,8965.0,CHOQUE,2022-06-03 00:00:00,,TARDE,VIERNES,COLOMBIA,CALLE 35 CARRERA 31,URBANA,TECNICO,,,DESOBEDECER SEÑAL DE PARE,112.0,MOTOCICLISTA,48.0,MASCULINO,LESIONADO
2022.0,9155.0,CHOQUE,2022-08-02 00:00:00,,TARDE,MARTES,VIA PALMIRA BOLO,KM 2,RURAL,TECNICO,,,TRANSITAR EN CONTRA VIA,127.0,NO APLICA,51.0,MASCULINO,NO APLICA
2022.0,9295.0,CHOQUE,2022-10-12 00:00:00,,TARDE,MIÉRCOLES,CENTRO,CARRERA 30 CALLE 27,URBANA,TECNICO,,,ARRANCAR SIN PRECAUCION,145.0,MOTOCICLISTA,56.0,MASCULINO,LESIONADO
2022.0,8543.0,CHOQUE,2022-02-02 00:00:00,,NOCHE,MIÉRCOLES,COLOMBIA,CALLE 35 CARRERA 31,URBANA,TECNICO,,,DESOBEDECER SEÑAL DE PARE,112.0,MOTOCICLISTA,66.0,MASCULINO,LESIONADO
2022.0,9182.0,CHOQUE,2022-08-14 00:00:00,,TARDE,DOMINGO,MERCEDES,CALLE 54 CARRERA 25,URBANA,TECNICO,,,SEMAFORO EN ROJO,142.0,MOTOCICLISTA,46.0,MASCULINO,LESIONADO
2022.0,9208.0,CHOQUE,2022-08-30 00:00:00,,NOCHE,MARTES,MERCEDES,CALLE 69D CARRERA 26,URBANA,TECNICO,,,GIRAR BRUSCAMENTE,122.0,NO APLICA,57.0,MASCULINO,NO APLICA
2022.0,9235.0,CHOQUE,2022-09-17 00:00:00,,TARDE,SÁBADO,SANTA RITA,CARRERA 27 CALLE 33,URBANA,TECNICO,,,DESOBEDECER SEÑAL DE PARE,112.0,MOTOCICLISTA,40.0,MASCULINO,LESIONADO
2022.0,8830.0,CHOQUE,2022-04-27 00:00:00,,TARDE,MIÉRCOLES,LUIS CARLOS GALAN,CARRERA 32 CALLE -10-11,URBANA,TECNICO,,,NO ESTAR PENDIENTE DE LA VIA,157,NO APLICA,38.0,MASCULINO,NO APLICA
2022.0,8672.0,CHOQUE,2022-03-10 00:00:00,,NOCHE,JUEVES,TRINIDAD,CALLE 29 CARRERA 23,URBANA,TECNICO,,,DESOBEDECER SEÑAL DE PARE,112.0,MOTOCICLISTA,31.0,MASCULINO,LESIONADO
2022.0,9145.0,ATROPELLO,2022-07-26 00:00:00,,TARDE,MARTES,OBRERO,CARRERA 24 CALLE 33-34,URBANA,TECNICO,,,POR ESTABLECER,157.0,PEATÓN,81.0,FEMENINO,MUERTO
2022.0,9159.0,CHOQUE,2022-08-03 00:00:00,,TARDE,MIÉRCOLES,COLOMBIA,CALLE 34 CARRERA 33,URBANA,TECNICO,,,DESOBEDECER SEÑAL DE PARE,112.0,MOTOCICLISTA,58.0,MASCULINO,LESIONADO
2022.0,8909.0,CHOQUE,2022-05-19 00:00:00,,TARDE,JUEVES,LOS ROBLES,CARRERA 33A CALLE 19A,URBANA,TECNICO,,,FRENAR BRUSCAMENTE,119.0,NO APLICA,69.0,MASCULINO,NO APLICA
2022.0,8886.0,CHOQUE,2022-05-12 00:00:00,,NOCHE,JUEVES,LAS PALMERA,CALLE 36 CARRERA 1-94,URBANA,TECNICO,,,INVADIR CARRIL SENTIDO CONTRARIO,157,NO APLICA,42.0,MASCULINO,NO APLICA
2022.0,9311.0,CHOQUE,2022-10-22 00:00:00,,MAÑANA,SÁBADO,SESQUI,CARRERA 31 CALLE 9,URBANA,TECNICO,,,DESOBEDECER SEÑAL DE PARE,112.0,NO APLICA,61.0,MASCULINO,NO APLICA
2022.0,9304.0,CHOQUE OBJETO FIJO SARDINEL,2022-10-17 00:00:00,,MADRUGADA,LUNES,SANTA RITA,CALLE 33 CARRERA 26,URBANA,TECNICO,,,PERDIDA DEL CONTROL DEL VEHICULO,157.0,MOTOCICLISTA,52.0,MASCULINO,LESIONADO
2022.0,8821.0,CHOQUE,2022-04-24 00:00:00,,TARDE,DOMINGO,SAN CAYETANO,CALLE 42 CARRERA 25,URBANA,TECNICO,,,DESOBEDECER SEÑAL DE PARE,112,MOTOCICLISTA,51.0,MASCULINO,LESIONADO
2022.0,8562.0,CHOQUE,2022-02-09 00:00:00,,TARDE,MIÉRCOLES,SANTA TERESITA,CALLE 47 CARRERA 35,URBANA,TECNICO,,,FRENAR BRUSCAMENTE,119.0,NO APLICA,79.0,MASCULINO,NO APLICA
2022.0,8791.0,CHOQUE,2022-04-16 00:00:00,,MAÑANA,SÁBADO,COLOMBINA,CALLE 29 CARRERA 13,URBANA,TECNICO,,,ARRANCAR SIN PRECAUCION,145,NO APLICA,74.0,MASCULINO,NO APLICA
2022.0,8649.0,CHOQUE,2022-03-02 00:00:00,,NOCHE,MIÉRCOLES,FLORES,CALLE 23 CARRERA 3,URBANA,TECNICO,,,DESOBEDECER SEÑAL DE PARE,112.0,NO APLICA,29.0,FEMENINO,NO APLICA
2022.0,8543.0,CHOQUE,2022-02-02 00:00:00,,NOCHE,MIÉRCOLES,COLOMBIA,CALLE 35 CARRERA 31,URBANA,TECNICO,,,DESOBEDECER SEÑAL DE PARE,112.0,ACOMPAÑANTE MOTOCICLISTA,59.0,FEMENINO,LESIONADO
2022.0,9231.0,CHOQUE,2022-09-15 00:00:00,,TARDE,JUEVES,COLOMBINA,CALLE 30 CARRERA 18,URBANA,TECNICO,,,SEMAFORO EN ROJO,142.0,NO APLICA,30.0,FEMENINO,NO APLICA
2022.0,9315.0,CHOQUE,2022-10-24 00:00:00,,MAÑANA,LUNES,OBRERO,CALLE 35 CARRERA 26,URBANA,TECNICO,,,DESOBEDECER SEÑAL DE PARE,112.0,MOTOCICLISTA,28.0,FEMENINO,LESIONADO
2022.0,8957.0,CHOQUE,2022-06-02 00:00:00,,MAÑANA,JUEVES,MERCEDES,CALLE 55 CARRERA 27,URBANA,TECNICO,,,ARRANCAR SIN PRECAUCION,145.0,NO APLICA,46.0,FEMENINO,NO APLICA
2022.0,8974.0,CHOQUE,2022-06-05 00:00:00,,NOCHE,DOMINGO,OBRERO,CARRERA 27 CALLE 37,URBANA,TECNICO,,,DESOBEDECER SEÑAL DE PARE,112.0,ACOMPAÑANTE MOTOCICLISTA,50.0,FEMENINO,LESIONADO
2022.0,DITRA,ATROPELLO,2022-10-28 00:00:00,,NOCHE,VIERNES,VIA SUCROMIELES - EL CERRITO,KM 4 + 535 MTS,RURAL,POLICIA,,,POR ESTABLECER,157,PEATÓN,63.0,FEMENINO,MUERTO
2022.0,8720.0,CHOQUE,2022-03-22 00:00:00,,MAÑANA,MARTES,FLORES,CALLE 30 CARRERA 1,URBANA,TECNICO,,,NO RESPETAR PRELACIÓN,123.0,MOTOCICLISTA,36.0,FEMENINO,LESIONADO
2022.0,8795.0,CHOQUE,2022-04-16 00:00:00,,TARDE,SÁBADO,BIZERTA,CALLE 36 CARRERA 21,URBANA,TECNICO,,,DESOBEDECER SEÑAL DE PARE,112,ACOMPAÑANTE CONDUCTOR,23.0,FEMENINO,LESIONADO
2022.0,8926.0,CHOQUE,2022-05-24 00:00:00,,TARDE,MARTES,SANTA BARBARA,CALLE 31 CARRERA 44 -46,URBANA,TECNICO,,,NO MANTENER DISTANCIA SEGURIDAD,121,ACOMPAÑANTE MOTOCICLISTA,19.0,FEMENINO,LESIONADO
2022.0,8935.0,CHOQUE,2022-05-27 00:00:00,,TARDE,VIERNES,VILLA DEL ROSARIO,CARRERA 41 CALLE63-292,URBANA,TECNICO,,,ARRANCAR SIN PRECAUCION,145,MOTOCICLISTA,74.0,MASCULINO,MUERTO
2022.0,8957.0,CHOQUE,2022-06-02 00:00:00,,MAÑANA,JUEVES,MERCEDES,CALLE 55 CARRERA 27,URBANA,TECNICO,,,ARRANCAR SIN PRECAUCION,145.0,CICLISTA,64.0,MASCULINO,LESIONADO
2022.0,9200.0,CHOQUE,2022-08-23 00:00:00,,MAÑANA,MARTES,URIBE,CALLE 33 CARRERA 23,URBANA,TECNICO,,,DESOBEDECER SEÑAL DE PARE,112.0,NO APLICA,36.0,MASCULINO,NO APLICA
2022.0,8931.0,CHOQUE,2022-05-26 00:00:00,,TARDE,JUEVES,EMILIA,CARRERA 35 CALLE 38-30,URBANA,TECNICO,,,NO ESTAR PENDIENTE DE LA VIA,157,NO APLICA,42.0,MASCULINO,NO APLICA
2022.0,9178.0,CHOQUE,2022-08-13 00:00:00,,TARDE,SÁBADO,VERSALLES,CALLE 42 CARRERA 26,URBANA,TECNICO,,,GIRAR BRUSCAMENTE,122.0,MOTOCICLISTA,19.0,MASCULINO,LESIONADO
2022.0,8864.0,CHOQUE,2022-05-05 00:00:00,,NOCHE,JUEVES,PRADO,CALLE 42 CARRERA 40-37,URBANA,TECNICO,,,NO ESTAR PENDIENTE DE LA VIA,157,MOTOCICLISTA,22.0,MASCULINO,LESIONADO