a_o,ipat,clase_siniestro,fecha,hora,jornada,dia_semana,barrios_corregimiento_via,direccion,zona,autoridad,lat,long,hipotesis,codigo,condicion_de_la_victima,edad,genero,lesionados_y_muertos
2022.0,9122.0,CHOQUE,2022-07-22 00:00:00,,TARDE,VIERNES,GUAYACANES DEL SUR,CARRERA 33A CALLE 15-33,URBANA,TECNICO,,,GIRAR BRUSCAMENTE,122.0,MOTOCICLISTA,52.0,MASCULINO,LESIONADO
2022.0,9256.0,CHOQUE,2022-09-25 00:00:00,,NOCHE,DOMINGO,URIBE,CALLE 33 CARRERA 22,URBANA,TECNICO,,,DESOBEDECER SEÑAL DE PARE,112.0,MOTOCICLISTA,20.0,MASCULINO,LESIONADO
2022.0,8751.0,CHOQUE,2022-04-01 00:00:00,,MAÑANA,VIERNES,BARRIO NUEVO,CARRERA 31 CALLE 26-34,URBANA,TECNICO,,,ADELANTAR CERRANDO,103.0,MOTOCICLISTA,59.0,MASCULINO,LESIONADO
2022.0,8880.0,CHOQUE,2022-05-10 00:00:00,,MAÑANA,MARTES,SEMBRADOR,CALLE 23 CARRERA 23,URBANA,TECNICO,,,ARRANCAR SIN PRECAUCION,145,MOTOCICLISTA,45.0,FEMENINO,LESIONADO
2022.0,8971.0,VOLCAMIENTO,2022-06-05 00:00:00,,MAÑANA,DOMINGO,ESTONIA,CALLE 47 CARRERA 32,URBANA,TECNICO,,,PERDIDA DEL CONTROL DEL VEHICULO,157.0,ACOMPAÑANTE MOTOCICLISTA,17.0,MASCULINO,LESIONADO
2022.0,8792.0,CHOQUE,2022-04-16 00:00:00,,MAÑANA,SÁBADO,COLOMBIA,CALLE 33 CARRERA 30,URBANA,TECNICO,,,SEMAFORO EN ROJO,142,ACOMPAÑANTE MOTOCICLISTA,14.0,MASCULINO,LESIONADO
2022.0,8853.0,CHOQUE,2022-05-03 00:00:00,,MAÑANA,MARTES,INDUSTRIAL,CALLE 42 CARRERA 35,URBANA,TECNICO,,,SEMAFORO EN ROJO,142,MOTOCICLISTA,21.0,MASCULINO,LESIONADO
2022.0,8855.0,ATROPELLO,2022-05-03 00:00:00,,MAÑANA,MARTES,PRADO,CALLE 42 CARRERA 44-45,URBANA,TECNICO,,,POR ESTABLECER,157,NO APLICA,74.0,MASCULINO,NO APLICA
2022.0,9231.0,CHOQUE,2022-09-15 00:00:00,,TARDE,JUEVES,COLOMBINA,CALLE 30 CARRERA 18,URBANA,TECNICO,,,SEMAFORO EN ROJO,142.0,MOTOCICLISTA,32.0,MASCULINO,LESIONADO
2022.0,DITRA,CHOQUE,2022-10-13 00:00:00,,TARDE,JUEVES,VIA PALMIRA CANDELARIA,KM 43,RURAL,TECNICO,,,PERDIDA DEL CONTROL DEL VEHICULO,157.0,MOTOCICLISTA,25.0,MASCULINO,MUERTO
2022.0,9119.0,CHOQUE OBJETO FIJO SARDINEL,2022-07-20 00:00:00,,NOCHE,MIÉRCOLES,PRADO,CALLE 34 CARRERA 41,URBANA,TECNICO,,,PERDIDA DEL CONTROL DEL VEHICULO,157.0,ACOMPAÑANTE MOTOCICLISTA,38.0,MASCULINO,MUERTO
2022.0,8973.0,CHOQUE,2022-06-05 00:00:00,,TARDE,DOMINGO,VIA PALMIRA LA BUITRERA,VEREDA PUBLO NUEVO CASA 13 500MTS,RURAL,TECNICO,,,POR ESTABLECER,157.0,NO APLICA,65.0,MASCULINO,NO APLICA
2022.0,OFICIO,CHOQUE,2022-02-26 00:00:00,,MAÑANA,SÁBADO,BARRIO NUEVO,CARRERA 29 CALLE 26,URBANA,TECNICO,,,POR ESTABLECER,157.0,MOTOCICLISTA,57.0,MASCULINO,MUERTO
2022.0,8562.0,CHOQUE,2022-02-09 00:00:00,,TARDE,MIÉRCOLES,SANTA TERESITA,CALLE 47 CARRERA 35,URBANA,TECNICO,,,FRENAR BRUSCAMENTE,119.0,MOTOCICLISTA,35.0,MASCULINO,LESIONADO
2022.0,8746.0,CHOQUE,2022-03-30 00:00:00,,NOCHE,MIÉRCOLES,EMILIA,CALLE 36 CARRERA 36,URBANA,TECNICO,,,DESOBEDECER SEÑAL DE PARE,112.0,NO APLICA,62.0,MASCULINO,NO APLICA
2022.0,9069.0,CHOQUE,2022-07-03 00:00:00,,MAÑANA,DOMINGO,RECREO,CALLE 18 CARRERA 25,URBANA,TECNICO,,,NO RESPETAR PRELACIÓN,132.0,MOTOCICLISTA,69.0,MASCULINO,LESIONADO
2022.0,9276.0,CHOQUE,2022-10-02 00:00:00,,MAÑANA,DOMINGO,BARRIO NUEVO,CALLE 26 CARRERA 29,URBANA,TECNICO,,,DESOBEDECER SEÑAL DE PARE,112.0,MOTOCICLISTA,39.0,MASCULINO,LESIONADO
2022.0,9283.0,CHOQUE,2022-10-05 00:00:00,,TARDE,MIÉRCOLES,INDUSTRIAL,CALLE 42 CARRERA 39,URBANA,TECNICO,,,ABRIR LA PUERTA SIN MEDIDAS DE PRECAUCION,157.0,NO APLICA,64.0,MASCULINO,NO APLICA
2022.0,9281.0,CHOQUE,2022-10-05 00:00:00,,TARDE,MIÉRCOLES,PRIMERO DE MAYO,CALLE 42 CARRERA 12-37,URBANA,TECNICO,,,NO MANTENER DISTANCIA SEGURIDAD,121.0,NO APLICA,27.0,MASCULINO,NO APLICA
2022.0,9235.0,CHOQUE,2022-09-17 00:00:00,,TARDE,SÁBADO,SANTA RITA,CARRERA 27 CALLE 33,URBANA,TECNICO,,,DESOBEDECER SEÑAL DE PARE,112.0,NO APLICA,68.0,MASCULINO,NO APLICA
2022.0,8643.0,CHOQUE,2022-03-01 00:00:00,,NOCHE,MARTES,OBRERO,CARRERA 25 CALLE 34,URBANA,TECNICO,,,PONER EN MARCHA UN VEHICULO SIN LAS MEDIDAS DE PRECAUCION,143.0,NO APLICA,81.0,MASCULINO,NO APLICA
2022.0,8704.0,CHOQUE OBJETO FIJO ARBOL,2022-03-18 00:00:00,,NOCHE,VIERNES,VIA CORONADO ROZO,KM 4 + 600 MTS,RURAL,TECNICO,,,HUECOS EN LA VIA,306.0,CONDUCTOR,34.0,MASCULINO,LESIONADO
2022.0,8742.0,CHOQUE,2022-03-28 00:00:00,,TARDE,LUNES,FRAY LUIS,CALLE 42 CARRERA 46-77,URBANA,TECNICO,,,INVADIR CARRIL SENTIDO CONTRARIO,157.0,NO APLICA,48.0,MASCULINO,NO APLICA
2022.0,8566.0,CHOQUE,2022-02-09 00:00:00,,NOCHE,MIÉRCOLES,COLOMBIA,CALLE 36 CARRERA 31,URBANA,TECNICO,,,SEMAFORO EN ROJO,142.0,MOTOCICLISTA,27.0,MASCULINO,LESIONADO
2022.0,8792.0,CHOQUE,2022-04-16 00:00:00,,MAÑANA,SÁBADO,COLOMBIA,CALLE 33 CARRERA 30,URBANA,TECNICO,,,SEMAFORO EN ROJO,142,MOTOCICLISTA,21.0,MASCULINO,LESIONADO
2022.0,8844.0,CHOQUE,2022-05-01 00:00:00,,MAÑANA,DOMINGO,URIBE,CALLE 33 CARRERA 23,URBANA,TECNICO,,,DESOBEDECER SEÑAL DE PARE,112,ACOMPAÑANTE MOTOCICLISTA,14.0,FEMENINO,LESIONADO
2022.0,8606.0,CHOQUE,2022-02-21 00:00:00,,MAÑANA,LUNES,GUAYACANES DEL INGENIO,CARRERA 17 CALLE 26,URBANA,TECNICO,,,FRENAR BRUSCAMENTE,119.0,MOTOCICLISTA,18.0,FEMENINO,LESIONADO
2022.0,8939.0,CHOQUE,2022-05-28 00:00:00,,MAÑANA,SÁBADO,SANTA RITA,CALLE 33 CARRERA 28,URBANA,TECNICO,,,SEMAFORO EN ROJO,142,MOTOCICLISTA,23.0,MASCULINO,LESIONADO
2022.0,9231.0,CHOQUE,2022-09-15 00:00:00,,TARDE,JUEVES,COLOMBINA,CALLE 30 CARRERA 18,URBANA,TECNICO,,,SEMAFORO EN ROJO,142.0,NO APLICA,46.0,MASCULINO,NO APLICA
2022.0,8628.0,CHOQUE,2022-02-27 00:00:00,,MADRUGADA,DOMINGO,CENTRO POBLADO ROZO,CALLE 10 N 13-908 LA PIÑA,RURAL,TECNICO,,,EMBRIAGUEZ APARENTE,115.0,NO APLICA,19.0,MASCULINO,NO APLICA
2022.0,9218.0,CHOQUE,2022-09-04 00:00:00,,MADRUGADA,DOMINGO,ALFONSO LOPEZ,CALLE 42 CARRERA 33-26,URBANA,TECNICO,,,CRUZAR SIN OBSERVAR,409.0,MOTOCICLISTA,26.0,MASCULINO,LESIONADO
2022.0,9238.0,ATROPELLO,2022-09-17 00:00:00,,NOCHE,SÁBADO,VERSALLES,CALLE 42 CARRERA 26-31,URBANA,TECNICO,,,TRANSITAR SIN LUCES,130.0,NO APLICA,23.0,MASCULINO,NO APLICA
2022.0,8914.0,CHOQUE,2022-05-21 00:00:00,,MAÑANA,SÁBADO,FRAY LUIS,CALLE 42 CARRERA 49-50,URBANA,TECNICO,,,FRENAR BRUSCAMENTE,119.0,MOTOCICLISTA,24.0,MASCULINO,LESIONADO
2022.0,DITRA,CHOQUE OBJETO FIJO ARBOL,2022-01-09 00:00:00,,MAÑANA,DOMINGO,VIA CALI - PALMIRA SUR,KM 18 + 600 MTS,RURAL,POLICIA,,,PERDIDA DEL CONTROL DEL VEHICULO,157.0,MOTOCICLISTA,28.0,MASCULINO,MUERTO
2022.0,9241.0,CHOQUE,2022-09-17 00:00:00,,NOCHE,SÁBADO,COLOMBIA,CALLE 36 CARRERA 32,URBANA,TECNICO,,,SEMAFORO EN ROJO,142.0,CONDUCTOR,25.0,MASCULINO,LESIONADO
2022.0,8791.0,CHOQUE,2022-04-16 00:00:00,,MAÑANA,SÁBADO,COLOMBINA,CALLE 29 CARRERA 13,URBANA,TECNICO,,,ARRANCAR SIN PRECAUCION,145,MOTOCICLISTA,42.0,MASCULINO,LESIONADO
2022.0,8951.0,CHOQUE,2022-06-01 00:00:00,,NOCHE,MIÉRCOLES,COLOMBINA,CALLE 30 CARRERA 21,URBANA,TECNICO,,,DESOBEDECER SEÑAL DE PARE,112.0,MOTOCICLISTA,26.0,MASCULINO,LESIONADO
2022.0,8756.0,CHOQUE,2022-04-02 00:00:00,,NOCHE,SÁBADO,GUAYACANES DEL INGENIO,CARRERA 19 CALLE 27,URBANA,TECNICO,,,DESOBEDECER SEÑAL DE PARE,112.0,MOTOCICLISTA,38.0,FEMENINO,LESIONADO
2022.0,9106.0,CHOQUE,2022-07-16 00:00:00,,TARDE,SÁBADO,CENTRO,CALLE 29 CARRERA 32,URBANA,TECNICO,,,SEMAFORO EN ROJO,142.0,CONDUCTOR,27.0,FEMENINO,LESIONADO
2022.0,8556.0,CHOQUE,2022-02-07 00:00:00,,NOCHE,LUNES,VERSALLES,CALLE 43 CARRERA 27,URBANA,TECNICO,,,ARRANCAR SIN PRECAUCION,145.0,MOTOCICLISTA,30.0,FEMENINO,LESIONADO
2022.0,9110.0,CHOQUE,2022-07-17 00:00:00,,NOCHE,DOMINGO,SESQUI,CARRERA 32 CALLE 11-20,URBANA,TECNICO,,,NO RESPETAR PRELACIÓN,132.0,ACOMPAÑANTE MOTOCICLISTA,56.0,FEMENINO,LESIONADO
2022.0,9290.0,CHOQUE,2022-10-07 00:00:00,,TARDE,VIERNES,DANUBIO,CARRELA 19 CALLE 34A,URBANA,TECNICO,,,GIRAR BRUSCAMENTE,122.0,NO APLICA,32.0,MASCULINO,NO APLICA
2022.0,9184.0,CHOQUE,2022-08-15 00:00:00,,TARDE,LUNES,MUNICIPAL,CARRERA 1 CALLE 31A,URBANA,TECNICO,,,NO MANTENER DISTANCIA SEGURIDAD,121.0,NO APLICA,28.0,FEMENINO,NO APLICA
2022.0,8755.0,CHOQUE,2022-04-02 00:00:00,,TARDE,SÁBADO,LOS PINOS,CALLE 42 CARRERA 22,URBANA,TECNICO,,,NO RESPETAR PRELACIÓN,132.0,MOTOCICLISTA,65.0,MASCULINO,LESIONADO
2022.0,DITRA,CHOQUE,2022-05-09 00:00:00,,NOCHE,LUNES,VIA PALMASECA EL CERRITO,KM 6 + 100 MTS,RURAL,POLICIA,,,NO ESTAR ATENTO A LOS OBSTACULOS SOBRE LA VIA,157,NO APLICA,65.0,MASCULINO,NO APLICA
2022.0,HOSPITALARIO,VOLCAMIENTO,2022-03-20 00:00:00,,MAÑANA,DOMINGO,CUIDAD DEL CAMPO,NO APLICA,RURAL,TECNICO,3.456363,-76.469013,POR ESTABLECER,157,MOTOCICLISTA,24.0,MASCULINO,MUERTO
2022.0,9223.0,CHOQUE,2022-09-09 00:00:00,,MAÑANA,VIERNES,VIA PALMIRA LA BOLSA,KM 7 + 076 MTS,RURAL,TECNICO,,,GIRAR BRUSCAMENTE,122.0,NO APLICA,42.0,MASCULINO,NO APLICA
2022.0,8997.0,CHOQUE,2022-06-13 00:00:00,,TARDE,LUNES,COLOMBIA,CALLE 37 CARRERA 38,URBANA,TECNICO,,,ARRANCAR SIN PRECAUCION,147.0,MOTOCICLISTA,22.0,MASCULINO,LESIONADO
2022.0,8607.0,CHOQUE,2022-02-21 00:00:00,,TARDE,LUNES,SESQUI,CARRERA 32 CALLE 8 -10,URBANA,TECNICO,,,DESOBEDECER SEÑAL DE PARE,112.0,MOTOCICLISTA,67.0,MASCULINO,LESIONADO
2022.0,9117.0,CHOQUE,2022-07-20 00:00:00,,TARDE,MIÉRCOLES,PRIMERO DE MAYO,CALLE 41 CARRERA 9,URBANA,TECNICO,,,DESOBEDECER SEÑAL DE PARE,112.0,NO APLICA,73.0,MASCULINO,NO APLICA
2022.0,9212.0,CHOQUE,2022-09-02 00:00:00,,NOCHE,VIERNES,OBRERO,CALLE 35 CARRERA 24,URBANA,TECNICO,,,DESOBEDECER SEÑAL DE PARE,112.0,MOTOCICLISTA,38.0,MASCULINO,LESIONADO
2022.0,8725.0,CHOQUE,2022-03-23 00:00:00,,TARDE,MIÉRCOLES,SAN CAYETANO,CARRERA 25 CALLE 39,URBANA,TECNICO,,,NO MANTENER DISTANCIA SEGURIDAD,121.0,MOTOCICLISTA,63.0,MASCULINO,LESIONADO
2022.0,8847.0,CHOQUE,2022-05-02 00:00:00,,MAÑANA,LUNES,FRAY LUIS,CALLE 42 CARRERA 49,URBANA,TECNICO,,,FRENAR BRUSCAMENTE,119.0,NO APLICA,38.0,MASCULINO,NO APLICA
2022.0,8944.0,CHOQUE,2022-05-29 00:00:00,,TARDE,DOMINGO,FLORES,CALLE 30 CARRERA 1,URBANA,TECNICO,,,ADELANTAR ZONA PROHIBIDAD,105,MOTOCICLISTA,21.0,MASCULINO,LESIONADO
2022.0,8963.0,CHOQUE,2022-06-03 00:00:00,,MAÑANA,VIERNES,SANTA RITA,CALLE 34 CARRERA 27,URBANA,TECNICO,,,DESOBEDECER SEÑAL DE PARE,112.0,NO APLICA,29.0,MASCULINO,NO APLICA
2022.0,9281.0,CHOQUE,2022-10-05 00:00:00,,TARDE,MIÉRCOLES,PRIMERO DE MAYO,CALLE 42 CARRERA 12-37,URBANA,TECNICO,,,NO MANTENER DISTANCIA SEGURIDAD,121.0,MOTOCICLISTA,23.0,MASCULINO,LESIONADO
2022.0,9204.0,CHOQUE,2022-08-26 00:00:00,,NOCHE,VIERNES,URBANIZACION EL BOSQUE,CALLE 32A CARRERA 7,URBANA,TECNICO,,,ARRANCAR SIN PRECAUCION,145.0,MOTOCICLISTA,31.0,MASCULINO,LESIONADO
2022.0,8847.0,CHOQUE,2022-05-02 00:00:00,,MAÑANA,LUNES,FRAY LUIS,CALLE 42 CARRERA 49,URBANA,TECNICO,,,FRENAR BRUSCAMENTE,119.0,MOTOCICLISTA,24.0,MASCULINO,LESIONADO
2022.0,9234.0,CHOQUE,2022-09-17 00:00:00,,MAÑANA,SÁBADO,VERSALLES,CALLE 42 CARRERA 27,URBANA,TECNICO,,,ADELANTAR CERRANDO,103.0,NO APLICA,26.0,MASCULINO,NO APLICA
2022.0,9286.0,CHOQUE,2022-10-05 00:00:00,,NOCHE,MIÉRCOLES,SEMBRADOR,CALLE 22 CARRERA 23-14,URBANA,TECNICO,,,POR ESTABLECER,157.0,CICLISTA,43.0,MASCULINO,LESIONADO
2022.0,8598.0,CHOQUE,2022-02-19 00:00:00,,MAÑANA,SÁBADO,ALFONSO LOPEZ,CARRERA 32A CALLE 41,URBANA,TECNICO,,,DESOBEDECER SEÑAL DE PARE,112.0,MOTOCICLISTA,20.0,MASCULINO,LESIONADO
2022.0,9147.0,CHOQUE,2022-07-30 00:00:00,,TARDE,SÁBADO,SANTA RITA,CALLE 35 CARRERA 27,URBANA,TECNICO,,,DESOBEDECER SEÑAL DE PARE,112.0,MOTOCICLISTA,32.0,MASCULINO,LESIONADO
2022.0,9265.0,CHOQUE,2022-09-28 00:00:00,,MAÑANA,MIÉRCOLES,FRAY LUIS,CALLE 42 CARRERA 42,URBANA,TECNICO,,,CAMBIO DE CARRIL CON O SIN INDICACION,157.0,NO APLICA,25.0,MASCULINO,NO APLICA
2022.0,9048.0,CHOQUE,2022-06-27 00:00:00,,TARDE,LUNES,LAS VICTORIAS,CARRERA 23 CALLE 23,URBANA,TECNICO,,,DESOBEDECER SEÑAL DE PARE,112.0,MOTOCICLISTA,43.0,MASCULINO,NO APLICA
2022.0,8764.0,CHOQUE,2022-04-05 00:00:00,,TARDE,MARTES,COLOMBIA,CALLE 33 CARRERA 31,URBANA,TECNICO,,,SEMAFORO EN ROJO,142.0,MOTOCICLISTA,33.0,MASCULINO,LESIONADO
2022.0,8851.0,CHOQUE,2022-05-02 00:00:00,,TARDE,LUNES,BARRIO NUEVO,CARRERA 31 CALLE 23,URBANA,TECNICO,,,ARRANCAR SIN PRECAUCION,145,MOTOCICLISTA,30.0,MASCULINO,LESIONADO
2022.0,9230.0,CHOQUE,2022-09-13 00:00:00,,NOCHE,MARTES,VIA CORONADO ROZO,600 MTS,RURAL,TECNICO,,,INVADIR CARRIL SENTIDO CONTRARIO,157.0,ACOMPAÑANTE CONDUCTOR,32.0,MASCULINO,LESIONADO
2022.0,9177.0,CHOQUE,2022-08-13 00:00:00,,MADRUGADA,SÁBADO,VIA PALMIRA CALI,KM 7 ESTADIO DEPORTIVO CALI,RURAL,TECNICO,,,IMPERICIA EN EL MANEJO,139.0,MOTOCICLISTA,38.0,MASCULINO,LESIONADO
2022.0,9249.0,CHOQUE,2022-09-23 00:00:00,,TARDE,VIERNES,PRIMERO DE MAYO,CALLE 41 CARRERA 13,URBANA,TECNICO,,,DESOBEDECER SEÑAL DE PARE,112.0,MOTOCICLISTA,41.0,MASCULINO,LESIONADO
2022.0,DITRA,CHOQUE,2022-04-10 00:00:00,,MADRUGADA,DOMINGO,VIA CALI - PALMIRA SUR,KM 6 + 350 MTS,RURAL,POLICIA,,,"NO UTILIZAR DISPÒSITIVOS LUMINOSOS, NO HACER UNOS CICLORUTA",99,NO APLICA,39.0,MASCULINO,NO APLICA
2022.0,9243.0,CHOQUE,2022-09-21 00:00:00,,MAÑANA,MIÉRCOLES,BARRIO NUEVO,CALLE 26 CARRERA30,URBANA,TECNICO,,,DESOBEDECER SEÑAL DE PARE,112.0,NO APLICA,43.0,MASCULINO,NO APLICA
2022.0,8569.0,CHOQUE,2022-02-10 00:00:00,,TARDE,JUEVES,SANTA RITA,CARRERA 28 CALLE 34,URBANA,TECNICO,,,PONER EN MARCHA UN VEHICULO SIN LAS MEDIDAS DE PRECAUCION,143.0,NO APLICA,51.0,MASCULINO,NO APLICA
2022.0,8673.0,CHOQUE,2022-03-11 00:00:00,,MAÑANA,VIERNES,SANTA BARBARA,CALLE 26 CARRERA 44-45,URBANA,TECNICO,,,NO ESTAR PENDIENTE DE LA VIA,157.0,MOTOCICLISTA,31.0,MASCULINO,LESIONADO
2022.0,9291.0,CHOQUE,2022-10-09 00:00:00,,TARDE,DOMINGO,URIBE,CALLE 33 CARRERA 21,URBANA,TECNICO,,,DESOBEDECER SEÑAL DE PARE,112.0,NO APLICA,52.0,MASCULINO,NO APLICA
2022.0,DITRA,CHOQUE,2022-03-20 00:00:00,,MADRUGADA,DOMINGO,VIA CALI - PALMIRA SUR,KM 7 + 625 MTS,RURAL,POLICIA,,,"FALTA DE PRECAUCION POR NIEBLA, LLUVIA O HUMO",138.0,MOTOCICLISTA,25.0,MASCULINO,MUERTO
2022.0,8641.0,CHOQUE,2022-03-01 00:00:00,,TARDE,MARTES,PRADO,CALLE 42 CARRERA 45,URBANA,TECNICO,,,FRENAR BRUSCAMENTE,119.0,NO APLICA,36.0,MASCULINO,NO APLICA
2022.0,8787.0,CHOQUE,2022-04-13 00:00:00,,TARDE,MIÉRCOLES,EMILIA,CALLE 36 CARRERA 37,URBANA,TECNICO,,,ARRANCAR SIN PRECAUCION,145,ACOMPAÑANTE MOTOCICLISTA,37.0,MASCULINO,LESIONADO
2022.0,DITRA,CHOQUE,2022-04-01 00:00:00,,MADRUGADA,VIERNES,VIA CALI - PALMIRA SUR,KM 2+ 700 MTS,RURAL,POLICIA,,,TRANSITAR EN CONTRA VIA,127.0,ACOMPAÑANTE CONDUCTOR,40.0,MASCULINO,LESIONADO
2022.0,9307.0,CHOQUE,2022-10-19 00:00:00,,TARDE,LUNES,VERSALLES,CALLE 40 CARRERA 27,URBANA,TECNICO,,,DESOBEDECER SEÑAL DE PARE,112.0,MOTOCICLISTA,52.0,MASCULINO,NO APLICA
2022.0,8888.0,CHOQUE,2022-05-13 00:00:00,,TARDE,VIERNES,BARRIO NUEVO,CARRERA 33A CALLE 20,URBANA,TECNICO,,,RECOGER PASAJEROS Y DEJAR EN SITIO DISTINTO,128,NO APLICA,40.0,MASCULINO,NO APLICA
2022.0,8556.0,CHOQUE,2022-02-07 00:00:00,,NOCHE,LUNES,VERSALLES,CALLE 43 CARRERA 27,URBANA,TECNICO,,,ARRANCAR SIN PRECAUCION,145.0,NO APLICA,67.0,MASCULINO,NO APLICA
2022.0,8731.0,CHOQUE,2022-03-26 00:00:00,,MAÑANA,SÁBADO,GUAYACANES DEL INGENIO,CARRERA 17 CALLE 27,URBANA,TECNICO,,,ARRANCAR SIN PRECAUCION,145.0,NO APLICA,27.0,MASCULINO,NO APLICA
2022.0,8630.0,CHOQUE,2022-02-26 00:00:00,,TARDE,SÁBADO,SANTA ISABEL,CARRERA 28 CALLE 44,URBANA,TECNICO,,,PERDIDA DEL CONTROL DEL VEHICULO,157.0,NO APLICA,37.0,MASCULINO,NO APLICA
2022.0,8845.0,CHOQUE,2022-05-01 00:00:00,,TARDE,DOMINGO,LA VEGA,CALLE 38 CARRERA 13,URBANA,TECNICO,,,DESOBEDECER SEÑAL DE PARE,112,MOTOCICLISTA,29.0,MASCULINO,LESIONADO
2022.0,9261.0,CHOQUE,2022-09-27 00:00:00,,TARDE,MARTES,SAMANES,CALLE 47 CARRERA 28,URBANA,TECNICO,,,SEMAFORO EN ROJO,142.0,MOTOCICLISTA,21.0,MASCULINO,LESIONADO
2022.0,9270.0,CHOQUE,2022-10-01 00:00:00,,MADRUGADA,SÁBADO,CUIDAD DEL CAMPO,CALLE 101 CARRERA 35,RURAL,TECNICO,,,TRANSITAR EN CONTRA VIA,127.0,MOTOCICLISTA,22.0,MASCULINO,LESIONADO
2022.0,9295.0,CHOQUE,2022-10-10 00:00:00,,NOCHE,LUNES,ALTAMIRA,CALLE 46 CARRERA 26,URBANA,TECNICO,,,NO RESPETAR PRELACIÓN,132.0,MOTOCICLISTA,29.0,MASCULINO,LESIONADO
2022.0,9077.0,CHOQUE,2022-07-06 00:00:00,,NOCHE,MIÉRCOLES,VIA PALMIRA TIENDA NUEVA,KM 6 VEREDA LA BOLSA,RURAL,TECNICO,,,INVADIR CARRIL SENTIDO CONTRARIO,157.0,ACOMPAÑANTE MOTOCICLISTA,19.0,MASCULINO,LESIONADO
2022.0,9298.0,CHOQUE,2022-10-12 00:00:00,,NOCHE,MIÉRCOLES,URIBE,CALLE 33 CARRERA 21,URBANA,TECNICO,,,DESOBEDECER SEÑAL DE PARE,112.0,MOTOCICLISTA,20.0,MASCULINO,LESIONADO
2022.0,9190.0,CHOQUE,2022-08-17 00:00:00,,MADRUGADA,MIÉRCOLES,CUIDAD DEL CAMPO,CALLE 100 CARRERA 16-126,RURAL,TECNICO,,,REALIZAR MAL USO DEL CARRIL,157,NO APLICA,28.0,MASCULINO,NO APLICA
2022.0,9081.0,CHOQUE,2022-07-09 00:00:00,,MAÑANA,SÁBADO,ALAMEDA,CARRERA 25A CALLE 69B,URBANA,TECNICO,,,TRANSITAR EN CONTRA VIA,127.0,MOTOCICLISTA,27.0,MASCULINO,LESIONADO
2022.0,8941.0,CHOQUE,2022-05-28 00:00:00,,TARDE,SÁBADO,TRINIDAD,CALLE 30 CARRERA 22,URBANA,TECNICO,,,ADELANTAR ZONA PROHIBIDAD,105,MOTOCICLISTA,33.0,MASCULINO,LESIONADO
2022.0,9227.0,CHOQUE,2022-09-10 00:00:00,,NOCHE,SÁBADO,CENTRO,CALLE 32 CARRERA 32,URBANA,TECNICO,,,SEMAFORO EN ROJO,142.0,MOTOCICLISTA,24.0,MASCULINO,LESIONADO
2022.0,8752.0,CHOQUE,2022-04-01 00:00:00,,TARDE,VIERNES,OBRERO,CALLE 35 CARRERA 26,URBANA,TECNICO,,,DESOBEDECER SEÑAL DE PARE,112.0,NO APLICA,39.0,FEMENINO,NO APLICA
2022.0,9150.0,VOLCAMIENTO,2022-07-31 00:00:00,,MADRUGADA,DOMINGO,INDUSTRIAL,CALLE 42 CARRERA 35,URBANA,TECNICO,,,PERDIDA DEL CONTROL DEL VEHICULO,157.0,MOTOCICLISTA,42.0,MASCULINO,LESIONADO
2022.0,DITRA,CHOQUE,2022-04-03 00:00:00,,NOCHE,DOMINGO,VIA CALI - PALMIRA SUR,KM 18 + 150 MTS,RURAL,POLICIA,,,PERDIDA DEL CONTROL DEL VEHICULO,157.0,ACOMPAÑANTE CONDUCTOR,25.0,MASCULINO,MUERTO
2022.0,9303.0,CHOQUE OBJETO FIJO POSTE,2022-10-16 00:00:00,,MAÑANA,DOMINGO,VIA PALMIRA TIENDA NUEVA,KM 5 + 225,URBANA,TECNICO,,,POR ESTABLECER,157.0,ACOMPAÑANTE CONDUCTOR,56.0,MASCULINO,LESIONADO
2022.0,9103.0,CHOQUE,2022-07-15 00:00:00,,TARDE,VIERNES,RECREO,CALLE 18 CARRERA 26,URBANA,TECNICO,,,NO RESPETAR PRELACIÓN,132.0,NO APLICA,33.0,MASCULINO,NO APLICA
2022.0,8671.0,CHOQUE,2022-03-12 00:00:00,,TARDE,SÁBADO,COLOMBIA,CARRERA 30 CALLE 38,URBANA,TECNICO,,,DESOBEDECER SEÑAL DE PARE,112.0,MOTOCICLISTA,22.0,MASCULINO,LESIONADO
2022.0,8689.0,CHOQUE,2022-03-13 00:00:00,,TARDE,DOMINGO,SAN PEDRO,CALLE 37 CARRERA 15,URBANA,TECNICO,,,DESOBEDECER SEÑAL DE PARE,112.0,MOTOCICLISTA,24.0,MASCULINO,LESIONADO
2022.0,9208.0,CHOQUE,2022-08-30 00:00:00,,NOCHE,MARTES,MERCEDES,CALLE 69D CARRERA 26,URBANA,TECNICO,,,GIRAR BRUSCAMENTE,122.0,MOTOCICLISTA,23.0,MASCULINO,LESIONADO
2022.0,9043.0,CHOQUE,2022-06-26 00:00:00,,TARDE,DOMINGO,EL SEMBRADOR,CARRERA 19 CALLE 18,URBANA,TECNICO,,,NO RESPETAR PRELACIÓN,123.0,MOTOCICLISTA,26.0,MASCULINO,LESIONADO
2022.0,8699.0,ATROPELLO,2022-03-17 00:00:00,,MAÑANA,JUEVES,BARRIO NUEVO,CARRERA 29 CALLE 21,URBANA,TECNICO,,,CRUZAR SIN OBSERVAR,409.0,MOTOCICLISTA,21.0,MASCULINO,LESIONADO
2022.0,8860.0,ATROPELLO,2022-05-03 00:00:00,,NOCHE,MARTES,VIA PALMIRA CANDELARIA,KM 1,RURAL,TECNICO,,,CRUZAR SIN OBSERVAR,409,MOTOCICLISTA,23.0,MASCULINO,LESIONADO