a_o,ipat,clase_siniestro,fecha,hora,jornada,dia_semana,barrios_corregimiento_via,direccion,zona,autoridad,lat,long,hipotesis,codigo,condicion_de_la_victima,edad,genero,lesionados_y_muertos
2022.0,9280.0,CHOQUE,2022-10-05 00:00:00,,MAÑANA,MIÉRCOLES,CAMPESTRE,CALLE 42 CARRERA 2-17,URBANA,TECNICO,,,INVADIR CARRIL SENTIDO CONTRARIO,157.0,NO APLICA,26.0,MASCULINO,NO APLICA
2022.0,8800.0,CHOQUE,2022-04-18 00:00:00,,TARDE,LUNES,COLOMBIA,CALLE 36 CARRERA 31,URBANA,TECNICO,,,NO MANTENER DISTANCIA SEGURIDAD,121,MOTOCICLISTA,52.0,MASCULINO,LESIONADO
2022.0,8814.0,CHOQUE,2022-04-22 00:00:00,,NOCHE,VIERNES,SANTA RITA,CALLLE 36 CARRERA 29,URBANA,TECNICO,,,SEMAFORO EN ROJO,142,MOTOCICLISTA,52.0,MASCULINO,LESIONADO
2022.0,8931.0,CHOQUE,2022-05-26 00:00:00,,TARDE,JUEVES,EMILIA,CARRERA 35 CALLE 38-30,URBANA,TECNICO,,,NO ESTAR PENDIENTE DE LA VIA,157,MOTOCICLISTA,19.0,MASCULINO,LESIONADO
2022.0,9157.0,ATROPELLO,2022-08-02 00:00:00,,TARDE,MIÉRCOLES,SANTA RITA,CALLE 33 CARRERA 27,URBANA,TECNICO,,,FALLAS EN LA DIRECCION,203.0,PEATÓN,47.0,MASCULINO,LESIONADO
2022.0,9222.0,CHOQUE,2022-09-08 00:00:00,,NOCHE,JUEVES,COLOMBIA,CALLE 34 CARRERA 31,URBANA,TECNICO,,,DESOBEDECER SEÑAL DE PARE,112.0,MOTOCICLISTA,49.0,MASCULINO,LESIONADO
2022.0,9229.0,CHOQUE,2022-09-12 00:00:00,,TARDE,LUNES,SAN PEDRO,CALLE 34A CARRERA 17,URBANA,TECNICO,,,DESOBEDECER SEÑAL DE PARE,112.0,NO APLICA,23.0,MASCULINO,NO APLICA
2022.0,9231.0,CHOQUE,2022-09-15 00:00:00,,TARDE,JUEVES,COLOMBINA,CALLE 30 CARRERA 18,URBANA,TECNICO,,,SEMAFORO EN ROJO,142.0,NO APLICA,56.0,MASCULINO,NO APLICA
2022.0,9291.0,CHOQUE,2022-10-09 00:00:00,,TARDE,DOMINGO,URIBE,CALLE 33 CARRERA 21,URBANA,TECNICO,,,DESOBEDECER SEÑAL DE PARE,112.0,ACOMPAÑANTE MOTOCICLISTA,32.0,MASCULINO,LESIONADO
2022.0,9285.0,CHOQUE,2022-10-05 00:00:00,,NOCHE,MIÉRCOLES,SANTA RITA,CALLE 35 CARRERA 29,URBANA,TECNICO,,,NO RESPETAR PRELACIÓN,132.0,NO APLICA,25.0,MASCULINO,NO APLICA
2022.0,8722.0,CHOQUE,2022-03-22 00:00:00,,NOCHE,MARTES,PRADO,CALLE 35 CARRERA 43,URBANA,TECNICO,,,DESOBEDECER SEÑAL DE PARE,112.0,NO APLICA,19.0,MASCULINO,NO APLICA
2022.0,9190.0,CHOQUE,2022-08-17 00:00:00,,MADRUGADA,MIÉRCOLES,CUIDAD DEL CAMPO,CALLE 100 CARRERA 16-126,RURAL,TECNICO,,,REALIZAR MAL USO DEL CARRIL,157,ACOMPAÑANTE CONDUCTOR,20.0,MASCULINO,LESIONADO
2022.0,8710.0,CHOQUE,2022-03-20 00:00:00,,MADRUGADA,DOMINGO,VERSALLES,CARRERA 28 CALLE 42,URBANA,TECNICO,,,INVADIR LINEA CONTINUA,157.0,MOTOCICLISTA,33.0,MASCULINO,LESIONADO
2022.0,8544.0,CHOQUE,2022-02-02 00:00:00,,NOCHE,MIÉRCOLES,MERCEDES,CALLE 57 DIAGONAL 28A,URBANA,TECNICO,,,FRENAR BRUSCAMENTE,119.0,MOTOCICLISTA,17.0,MASCULINO,LESIONADO
2022.0,8554.0,CHOQUE,2022-02-07 00:00:00,,TARDE,LUNES,ITALIA,TRANSVERSAL 30 CALLE 6E-39,URBANA,TECNICO,,,PONER EN MARCHA UN VEHICULO SIN LAS MEDIDAS DE PRECAUCION,145.0,NO APLICA,29.0,MASCULINO,NO APLICA
2022.0,8787.0,CHOQUE,2022-04-13 00:00:00,,TARDE,MIÉRCOLES,EMILIA,CALLE 36 CARRERA 37,URBANA,TECNICO,,,ARRANCAR SIN PRECAUCION,145,MOTOCICLISTA,27.0,MASCULINO,LESIONADO
2022.0,8836.0,CHOQUE,2022-04-29 00:00:00,,NOCHE,VIERNES,INDUSTRIAL,CALLE 42 CARRERA 35,URBANA,TECNICO,,,FRENAR BRUSCAMENTE,119.0,CICLISTA,25.0,MASCULINO,NO APLICA
2022.0,8906.0,CHOQUE,2022-05-18 00:00:00,,TARDE,MIÉRCOLES,CHAPINERO SUR,CARRERA 32 DIAGONAL 4,URBANA,TECNICO,,,NO ESTAR PENDIENTE DE LA VIA,157,MOTOCICLISTA,18.0,MASCULINO,LESIONADO
2022.0,8936.0,CHOQUE,2022-05-27 00:00:00,,TARDE,VIERNES,VIA CORONADO ROZO,KM 4 PUENTE MALINBU,RURAL,TECNICO,,,DESOBEDECER SEÑAL DE PARE,112,ACOMPAÑANTE MOTOCICLISTA,22.0,FEMENINO,LESIONADO
2022.0,8973.0,CHOQUE,2022-06-05 00:00:00,,TARDE,DOMINGO,VIA PALMIRA LA BUITRERA,VEREDA PUBLO NUEVO CASA 13 500MTS,RURAL,TECNICO,,,POR ESTABLECER,157.0,MOTOCICLISTA,20.0,MASCULINO,LESIONADO
2022.0,9045.0,CHOQUE,2022-06-26 00:00:00,,NOCHE,DOMINGO,CENTRO,CALLE 29 CARRERA 23,URBANA,TECNICO,,,DESOBEDECER SEÑAL DE PARE,112.0,NO APLICA,27.0,MASCULINO,NO APLICA
2022.0,9048.0,CHOQUE,2022-06-27 00:00:00,,TARDE,LUNES,LAS VICTORIAS,CARRERA 23 CALLE 23,URBANA,TECNICO,,,DESOBEDECER SEÑAL DE PARE,112.0,MOTOCICLISTA,26.0,MASCULINO,LESIONADO
2022.0,9103.0,CHOQUE,2022-07-15 00:00:00,,TARDE,VIERNES,RECREO,CALLE 18 CARRERA 26,URBANA,TECNICO,,,NO RESPETAR PRELACIÓN,132.0,MOTOCICLISTA,28.0,MASCULINO,LESIONADO
2022.0,9152.0,CHOQUE,2022-07-31 00:00:00,,NOCHE,DOMINGO,COLOMBIA,CALLE 33 CARRERA 32,URBANA,TECNICO,,,TRANSITAR EN CONTRA VIA,127.0,CONDUCTOR,36.0,MASCULINO,LESIONADO
2022.0,9164.0,CHOQUE,2022-08-04 00:00:00,,NOCHE,JUEVES,ZAMORANO,CALLE 65 CARRERA 31B,URBANA,TECNICO,,,GIRAR BRUSCAMENTE,122.0,MOTOCICLISTA,17.0,MASCULINO,LESIONADO
2022.0,9167.0,CHOQUE,2022-08-07 00:00:00,,MAÑANA,DOMINGO,CHAPINERO SUR,CARRERA 32 CALLE 8,URBANA,TECNICO,,,DESOBEDECER SEÑAL DE PARE,112.0,MOTOCICLISTA,24.0,MASCULINO,LESIONADO
2022.0,9223.0,CHOQUE,2022-09-09 00:00:00,,MAÑANA,VIERNES,VIA PALMIRA LA BOLSA,KM 7 + 076 MTS,RURAL,TECNICO,,,GIRAR BRUSCAMENTE,122.0,MOTOCICLISTA,17.0,MASCULINO,LESIONADO
2022.0,DITRA,CHOQUE,2022-04-03 00:00:00,,NOCHE,DOMINGO,VIA CALI - PALMIRA SUR,KM 18 + 150 MTS,RURAL,POLICIA,,,PERDIDA DEL CONTROL DEL VEHICULO,157.0,MOTOCICLISTA,23.0,MASCULINO,MUERTO
2022.0,8627.0,CHOQUE OBJETO FIJO SARDINEL,2022-02-26 00:00:00,,MAÑANA,SÁBADO,AMERICAS,CALLE 14 CARRERA 26,URBANA,TECNICO,,,PERDIDA DEL CONTROL DEL VEHICULO,157.0,MOTOCICLISTA,19.0,MASCULINO,LESIONADO
2022.0,9252.0,CHOQUE,2022-09-24 00:00:00,,TARDE,SÁBADO,DANUBIO,CARRERA 19 CALLE 33 B,URBANA,TECNICO,,,GIRAR BRUSCAMENTE,122.0,MOTOCICLISTA,21.0,MASCULINO,NO APLICA
2022.0,9106.0,CHOQUE,2022-07-16 00:00:00,,TARDE,SÁBADO,CENTRO,CALLE 29 CARRERA 32,URBANA,TECNICO,,,SEMAFORO EN ROJO,142.0,NO APLICA,30.0,MASCULINO,NO APLICA
2022.0,8555.0,CHOQUE,2022-02-07 00:00:00,,NOCHE,LUNES,BARRIO NUEVO,CALLE 27 CARRERA 32,URBANA,TECNICO,,,ARRANCAR SIN PRECAUCION,145.0,MOTOCICLISTA,18.0,MASCULINO,LESIONADO
2022.0,8609.0,CHOQUE,2022-02-21 00:00:00,,TARDE,LUNES,JARDIN,CARRERA 1 CALLE 33B-01,URBANA,TECNICO,,,CAMBIAR CARRIL SIN OBSERVAR,157.0,CICLISTA,60.0,MASCULINO,LESIONADO
2022.0,8716.0,CHOQUE,2022-03-21 00:00:00,,TARDE,LUNES,CORONADO,CALLE 58 CARRERA 35,URBANA,TECNICO,,,FRENAR BRUSCAMENTE,119.0,MOTOCICLISTA,26.0,MASCULINO,LESIONADO
2022.0,9031.0,CHOQUE,2022-06-23 00:00:00,,TARDE,JUEVES,SANTA BARBARA,CALLE 26 CARRERA 46,URBANA,TECNICO,,,FRENAR BRUSCAMENTE,119.0,NO APLICA,62.0,MASCULINO,NO APLICA
2022.0,9245.0,CHOQUE,2022-09-23 00:00:00,,MAÑANA,VIERNES,BARRIO NUEVO,CARRERA 32 CALLE26,URBANA,TECNICO,,,DESOBEDECER SEÑAL DE PARE,112.0,MOTOCICLISTA,58.0,MASCULINO,LESIONADO
2022.0,9148.0,CHOQUE,2022-07-30 00:00:00,,MAÑANA,SÁBADO,VERSALLES,CALLE 42 CARRERA 30-20,URBANA,TECNICO,,,NO ESTAR PENDIENTE DE LA VIA,157.0,MOTOCICLISTA,19.0,MASCULINO,LESIONADO
2022.0,8939.0,CHOQUE,2022-05-28 00:00:00,,MAÑANA,SÁBADO,SANTA RITA,CALLE 33 CARRERA 28,URBANA,TECNICO,,,SEMAFORO EN ROJO,142,MOTOCICLISTA,49.0,MASCULINO,LESIONADO
2022.0,8695.0,CHOQUE,2022-03-15 00:00:00,,MAÑANA,MARTES,INDUSTRIAL,CALLE 42 CARRERA 35,URBANA,TECNICO,,,NO RESPETAR PRELACIÓN,132.0,MOTOCICLISTA,25.0,MASCULINO,LESIONADO
2022.0,8626.0,CHOQUE,2022-02-25 00:00:00,,NOCHE,VIERNES,PRADO,CALLE 42 CARRERA 39-42,URBANA,TECNICO,,,POR ESTABLECER,157.0,CICLISTA,14.0,MASCULINO,LESIONADO
2022.0,8944.0,CHOQUE,2022-05-29 00:00:00,,TARDE,DOMINGO,FLORES,CALLE 30 CARRERA 1,URBANA,TECNICO,,,ADELANTAR ZONA PROHIBIDAD,105,NO APLICA,21.0,MASCULINO,NO APLICA
2022.0,8756.0,CHOQUE,2022-04-02 00:00:00,,NOCHE,SÁBADO,GUAYACANES DEL INGENIO,CARRERA 19 CALLE 27,URBANA,TECNICO,,,DESOBEDECER SEÑAL DE PARE,112.0,NO APLICA,18.0,MASCULINO,NO APLICA
2022.0,DITRA,CHOQUE OBJETO FIJO POSTE,2022-05-29 00:00:00,,MAÑANA,DOMINGO,VIA CALI - PALMIRA SUR,KM 18 + 150 MTS,RURAL,POLICIA,,,PERDIDA DEL CONTROL DEL VEHICULO,157,MOTOCICLISTA,33.0,MASCULINO,MUERTO
2022.0,8968.0,CHOQUE OBJETO FIJO INMUEBLE,2022-06-04 00:00:00,,MADRUGADA,SÁBADO,LOS PINOS,CALLE 42 CARRERA 22,URBANA,TECNICO,,,NO ESTAR PENDIENTE DE LA VIA,157.0,CONDUCTOR,23.0,MASCULINO,LESIONADO
2022.0,7959.0,CHOQUE,2022-04-03 00:00:00,,MADRUGADA,DOMINGO,CUIDAD DEL CAMPO,CALLE 101 CARRERA 37,RURAL,TECNICO,,,TRANSITAR EN CONTRA VIA,127.0,MOTOCICLISTA,28.0,MASCULINO,LESIONADO
2022.0,9264.0,CHOQUE,2022-09-28 00:00:00,,MADRUGADA,MIÉRCOLES,CENTRO,CALLE 29 CARRERA 28,URBANA,TECNICO,,,SEMAFORO EN ROJO,142.0,MOTOCICLISTA,24.0,MASCULINO,LESIONADO
2022.0,8993.0,CHOQUE,2022-06-11 00:00:00,,NOCHE,SÁBADO,CENTRO POBLADO LA TORRE,CARRERA 10 CALLEJON ISABELA FRENTE AL NO. 19-242,RURAL,TECNICO,,,CONDUCIR EN ESTADO DE EMBRIAGUEZ,115.0,MOTOCICLISTA,24.0,MASCULINO,LESIONADO
2022.0,9096.0,CHOQUE,2022-07-13 00:00:00,,TARDE,MIÉRCOLES,DANUBIO,CALLE 34 A CARRERA 17,URBANA,TECNICO,,,DESOBEDECER SEÑAL DE PARE,112.0,NO APLICA,59.0,MASCULINO,NO APLICA
2022.0,9205.0,VOLCAMIENTO,2022-08-28 00:00:00,,MADRUGADA,DOMINGO,MIRRIÑAO,CARRERA 28 CALLE 49-50,URBANA,TECNICO,,,PERDIDA DEL CONTROL DEL VEHICULO,157.0,MOTOCICLISTA,41.0,MASCULINO,LESIONADO
2022.0,8912.0,CHOQUE,2022-05-20 00:00:00,,MAÑANA,VIERNES,FRAY LUIS,CALLE 42 CARRERA 43-10,URBANA,TECNICO,,,NO MANTENER DISTANCIA SEGURIDAD,121,MOTOCICLISTA,38.0,MASCULINO,LESIONADO
2022.0,8964.0,CHOQUE,2022-06-03 00:00:00,,MAÑANA,VIERNES,SANTA BARBARA,CALLE 46 CARRERA 45,URBANA,TECNICO,,,PONER EN MARCHA UN VEHICULO SIN LAS MEDIDAS DE PRECAUCION,143.0,MOTOCICLISTA,19.0,MASCULINO,LESIONADO
2022.0,9255.0,CHOQUE,2022-09-25 00:00:00,,TARDE,DOMINGO,CENTRO,CALLE 29 CARRERA 33,URBANA,TECNICO,,,DESOBEDECER SEÑAL DE PARE,112.0,NO APLICA,36.0,MASCULINO,NO APLICA
2022.0,8618.0,CHOQUE,2022-02-23 00:00:00,,TARDE,MIÉRCOLES,SESQUI,CARRERA 32 CALLE 10,URBANA,TECNICO,,,PONER EN MARCHA UN VEHICULO SIN LAS MEDIDAS DE PRECAUCION,143.0,MOTOCICLISTA,38.0,MASCULINO,LESIONADO
2022.0,9254.0,CHOQUE,2022-09-25 00:00:00,,TARDE,DOMINGO,SAMANES,CALLE 47 CARRERA 28,URBANA,TECNICO,,,SEMAFORO EN ROJO,142.0,NO APLICA,31.0,MASCULINO,NO APLICA
2022.0,9055.0,CHOQUE,2022-06-29 00:00:00,,NOCHE,MIÉRCOLES,BARRIO NUEVO,CALLE 28 CARRERA 32,URBANA,TECNICO,,,SEMAFORO EN ROJO,142.0,MOTOCICLISTA,23.0,MASCULINO,LESIONADO
2022.0,9119.0,CHOQUE OBJETO FIJO SARDINEL,2022-07-20 00:00:00,,NOCHE,MIÉRCOLES,PRADO,CALLE 34 CARRERA 41,URBANA,TECNICO,,,PERDIDA DEL CONTROL DEL VEHICULO,157.0,MOTOCICLISTA,29.0,MASCULINO,LESIONADO
2022.0,9240.0,CHOQUE,2022-09-17 00:00:00,,NOCHE,SÁBADO,FRAY LUIS,CALLE 42 CARRERA 45-65,URBANA,TECNICO,,,NO ESTAR PENDIENTE DE LA VIA,157.0,NO APLICA,23.0,FEMENINO,NO APLICA
2022.0,DITRA,VOLCAMIENTO,2022-08-22 00:00:00,,MAÑANA,LUNES,VIA PALMASECA EL CERRITO,KM 5 + 600 MTS,RURAL,POLICIA,,,PERDIDA DEL CONTROL DEL VEHICULO,157.0,MOTOCICLISTA,38.0,MASCULINO,MUERTO
2022.0,8658.0,CHOQUE,2022-03-06 00:00:00,,MADRUGADA,DOMINGO,SAN PEDRO,CALLE 38 CARRERA 9,URBANA,TECNICO,,,TRANSITAR CON LAS PUERTAS ABIERTAS,127.0,MOTOCICLISTA,36.0,MASCULINO,LESIONADO
2022.0,DITRA,CHOQUE,2022-02-05 00:00:00,,MADRUGADA,SÁBADO,VIA PALMASECA EL CERRITO,KM 12 + 1609 MTS,RURAL,POLICIA,,,NO MANTENER DISTANCIA SEGURIDAD,121,MOTOCICLISTA,54.0,MASCULINO,MUERTO
2022.0,8627.0,CHOQUE OBJETO FIJO SARDINEL,2022-02-26 00:00:00,,MAÑANA,SÁBADO,AMERICAS,CALLE 14 CARRERA 26,URBANA,TECNICO,,,PERDIDA DEL CONTROL DEL VEHICULO,157.0,ACOMPAÑANTE MOTOCICLISTA,76.0,MASCULINO,LESIONADO
2022.0,9169.0,CHOQUE,2022-08-07 00:00:00,,NOCHE,DOMINGO,SANTA RITA,CARRERA 28 CALLE 33,URBANA,TECNICO,,,SEMAFORO EN ROJO,142.0,MOTOCICLISTA,34.0,MASCULINO,LESIONADO
2022.0,9184.0,CHOQUE,2022-08-15 00:00:00,,TARDE,LUNES,MUNICIPAL,CARRERA 1 CALLE 31A,URBANA,TECNICO,,,NO MANTENER DISTANCIA SEGURIDAD,121.0,ACOMPAÑANTE CONDUCTOR,12.0,FEMENINO,LESIONADO
2022.0,DITRA,CHOQUE OBJETO FIJO ARBOL,2022-10-29 00:00:00,,MAÑANA,SÁBADO,VIA CALI - PALMIRA NORTE,KM 9 + 900 MTS,RURAL,POLICIA,,,PERDIDA DEL CONTROL DEL VEHICULO,157.0,ACOMPAÑANTE CONDUCTOR,28.0,FEMENINO,LESIONADO
2022.0,8951.0,CHOQUE,2022-06-01 00:00:00,,NOCHE,MIÉRCOLES,COLOMBINA,CALLE 30 CARRERA 21,URBANA,TECNICO,,,DESOBEDECER SEÑAL DE PARE,112.0,ACOMPAÑANTE MOTOCICLISTA,18.0,FEMENINO,LESIONADO
2022.0,9300.0,CHOQUE,2022-10-14 00:00:00,,MAÑANA,VIERNES,EMILIA,CALLE 34A CARRERA 36,URBANA,TECNICO,,,DESOBEDECER SEÑAL DE PARE,112.0,MOTOCICLISTA,27.0,MASCULINO,LESIONADO
2022.0,9019.0,CHOQUE,2022-06-20 00:00:00,,MADRUGADA,LUNES,LOS LIBERTADORES,CALLE 26A CARRERA 20,URBANA,TECNICO,,,DESOBEDECER SEÑAL DE PARE,112.0,MOTOCICLISTA,30.0,FEMENINO,LESIONADO
2022.0,8661.0,CHOQUE,2022-03-06 00:00:00,,TARDE,DOMINGO,CUIDADELA PALMIRA,CARRERA 9 CALLE 26,URBANA,TECNICO,,,DESOBEDECER SEÑAL DE PARE,112.0,MOTOCICLISTA,32.0,FEMENINO,LESIONADO
2022.0,8600.0,CAIDA DE ARBOL,2022-02-19 00:00:00,,TARDE,SÁBADO,CENTRO,CALLE 32 CARRERA 33-69,URBANA,TECNICO,,,CAIDA DE ARBOL,157.0,ACOMPAÑANTE MOTOCICLISTA,20.0,FEMENINO,LESIONADO
2022.0,8907.0,CHOQUE,2022-05-19 00:00:00,,MAÑANA,JUEVES,ESTONIA,CARRERA 32 CALLE 44,URBANA,TECNICO,,,DESOBEDECER SEÑAL DE PARE,112,MOTOCICLISTA,32.0,MASCULINO,LESIONADO
2022.0,9249.0,CHOQUE,2022-09-23 00:00:00,,TARDE,VIERNES,PRIMERO DE MAYO,CALLE 41 CARRERA 13,URBANA,TECNICO,,,DESOBEDECER SEÑAL DE PARE,112.0,ACOMPAÑANTE MOTOCICLISTA,18.0,FEMENINO,LESIONADO
2022.0,8742.0,CHOQUE,2022-03-28 00:00:00,,TARDE,LUNES,FRAY LUIS,CALLE 42 CARRERA 46-77,URBANA,TECNICO,,,INVADIR CARRIL SENTIDO CONTRARIO,157.0,ACOMPAÑANTE MOTOCICLISTA,37.0,FEMENINO,LESIONADO
2022.0,8702.0,CHOQUE,2022-03-18 00:00:00,,MAÑANA,VIERNES,URIBE,CALLE 35 CARRERA 20,URBANA,TECNICO,,,DESOBEDECER SEÑAL DE PARE,112.0,MOTOCICLISTA,18.0,MASCULINO,LESIONADO
2022.0,8961.0,CHOQUE,2022-06-02 00:00:00,,NOCHE,JUEVES,SAMANES,CALLE 47 CARRERA 28,URBANA,TECNICO,,,SEMAFORO EN ROJO,142.0,NO APLICA,25.0,MASCULINO,NO APLICA
2022.0,9046.0,CHOQUE,2022-06-27 00:00:00,,NOCHE,LUNES,POBLADO COMFAUNION,CALLE 44 CARRERAS 9 A 11,URBANA,TECNICO,,,NO MANTENER DISTANCIA SEGURIDAD,121.0,NO APLICA,21.0,MASCULINO,NO APLICA
2022.0,9120.0,CHOQUE,2022-07-21 00:00:00,,TARDE,JUEVES,ALTAMIRA,CARRERA 19 CALLE 46-47,URBANA,TECNICO,,,NO RESPETAR PRELACIÓN,123.0,ACOMPAÑANTE MOTOCICLISTA,18.0,MASCULINO,LESIONADO
2022.0,DITRA,CHOQUE OBJETO FIJO ARBOL,2022-03-06 00:00:00,,MADRUGADA,DOMINGO,VIA CALI - PALMIRA NORTE,KM 9 + 625 MTS,RURAL,POLICIA,,,PERDIDA DEL CONTROL DEL VEHICULO,157,ACOMPAÑANTE CONDUCTOR,23.0,MASCULINO,MUERTO
2022.0,9196.0,CHOQUE,2022-08-20 00:00:00,,TARDE,SÁBADO,OBRERO,CARRERA 25 CALLE 39,URBANA,TECNICO,,,DESOBEDECER SEÑAL DE PARE,112,MOTOCICLISTA,20.0,MASCULINO,LESIONADO
2022.0,8719.0,CHOQUE,2022-03-21 00:00:00,,NOCHE,LUNES,VERSALLES,CARRERA 27 CALLE 42-43,URBANA,TECNICO,,,PERDIDA DEL CONTROL DEL VEHICULO,157.0,CONDUCTOR,21.0,MASCULINO,LESIONADO
2022.0,DITRA,CHOQUE,2022-04-03 00:00:00,,NOCHE,DOMINGO,VIA CALI - PALMIRA SUR,KM 18 + 150 MTS,RURAL,POLICIA,,,PERDIDA DEL CONTROL DEL VEHICULO,157.0,ACOMPAÑANTE CONDUCTOR,22.0,FEMENINO,LESIONADO
2022.0,8852.0,CHOQUE,2022-05-02 00:00:00,,TARDE,LUNES,SANTA BARBARA,CALLE 31 CARRERA 43,URBANA,TECNICO,,,FRENAR BRUSCAMENTE,119.0,NO APLICA,35.0,MASCULINO,NO APLICA
2022.0,9283.0,CHOQUE,2022-10-05 00:00:00,,TARDE,MIÉRCOLES,INDUSTRIAL,CALLE 42 CARRERA 39,URBANA,TECNICO,,,ABRIR LA PUERTA SIN MEDIDAS DE PRECAUCION,157.0,ACOMPAÑANTE MOTOCICLISTA,41.0,FEMENINO,LESIONADO
2022.0,8996.0,CHOQUE,2022-06-13 00:00:00,,MAÑANA,LUNES,URIBE,CALLE 23 CARRERA 23,URBANA,TECNICO,,,DESOBEDECER SEÑAL DE PARE,112.0,ACOMPAÑANTE MOTOCICLISTA,29.0,FEMENINO,LESIONADO
2022.0,9118.0,CHOQUE,2022-07-20 00:00:00,,NOCHE,MIÉRCOLES,PRIMERO DE MAYO,CALLE 42 CARRERA 14,URBANA,TECNICO,,,HACER MAL USO DEL CARRIL,157.0,MOTOCICLISTA,29.0,FEMENINO,LESIONADO
2022.0,9257.0,CHOQUE,2022-09-26 00:00:00,,MAÑANA,LUNES,OBRERO,CALLE 24 CARRERA 37,URBANA,TECNICO,,,GIRAR BRUSCAMENTE,122.0,MOTOCICLISTA,34.0,FEMENINO,LESIONADO
2022.0,9293.0,CHOQUE,2022-10-10 00:00:00,,TARDE,LUNES,OBRERO,CALLE 34 CARRERA 25,URBANA,TECNICO,,,ARRANCAR SIN PRECAUCION,145.0,MOTOCICLISTA,48.0,MASCULINO,LESIONADO
2022.0,9230.0,CHOQUE,2022-09-13 00:00:00,,NOCHE,MARTES,VIA CORONADO ROZO,600 MTS,RURAL,TECNICO,,,INVADIR CARRIL SENTIDO CONTRARIO,157.0,CONDUCTOR,37.0,MASCULINO,LESIONADO
2022.0,8695.0,CHOQUE,2022-03-15 00:00:00,,MAÑANA,MARTES,INDUSTRIAL,CALLE 42 CARRERA 35,URBANA,TECNICO,,,NO RESPETAR PRELACIÓN,132.0,MOTOCICLISTA,66.0,MASCULINO,LESIONADO
2022.0,9049.0,CHOQUE,2022-06-28 00:00:00,,MAÑANA,MARTES,SESQUICENTENARIO,CALLE 10 DIAGONAL 29,URBANA,TECNICO,,,DESOBEDECER SEÑAL DE PARE,112.0,NO APLICA,40.0,MASCULINO,NO APLICA
2022.0,9190.0,CHOQUE,2022-08-17 00:00:00,,MADRUGADA,MIÉRCOLES,CUIDAD DEL CAMPO,CALLE 100 CARRERA 16-126,RURAL,TECNICO,,,REALIZAR MAL USO DEL CARRIL,157,PASAJERO,46.0,MASCULINO,LESIONADO
2022.0,9215.0,CHOQUE,2022-09-03 00:00:00,,NOCHE,SÁBADO,AMERICAS,CARRERA 25 CALLE 12A,URBANA,TECNICO,,,DESOBEDECER SEÑAL DE PARE,112.0,NO APLICA,42.0,MASCULINO,NO APLICA
2022.0,8784.0,CHOQUE,2022-04-11 00:00:00,,NOCHE,LUNES,BENEDICTA,CALLE 47 CARRERA 34A,URBANA,TECNICO,,,ARRANCAR SIN PRECAUCION,145,MOTOCICLISTA,23.0,MASCULINO,LESIONADO
2022.0,9003.0,ATROPELLO,2022-06-14 00:00:00,,TARDE,MARTES,CENTRO POBLADO LA TORRE,CALLE 10 FRENTE 19-362,RURAL,TECNICO,,,IMPERICIA EN EL MANEJO,139.0,MOTOCICLISTA,19.0,MASCULINO,LESIONADO
2022.0,8857.0,CHOQUE,2022-05-03 00:00:00,,TARDE,MARTES,CENTRO,CALLE 28 CARRERA 32,URBANA,TECNICO,,,SEMAFORO EN ROJO,142,MOTOCICLISTA,34.0,MASCULINO,LESIONADO
2022.0,9004.0,CHOQUE,2022-06-14 00:00:00,,NOCHE,MARTES,VEINTE  DE JULIO,CARRERA 38 CALLE 62-125,URBANA,TECNICO,,,POR ESTABLECER,157.0,MOTOCICLISTA,57.0,FEMENINO,LESIONADO
2022.0,8851.0,CHOQUE,2022-05-02 00:00:00,,TARDE,LUNES,BARRIO NUEVO,CARRERA 31 CALLE 23,URBANA,TECNICO,,,ARRANCAR SIN PRECAUCION,145,NO APLICA,55.0,MASCULINO,NO APLICA
2022.0,9184.0,CHOQUE,2022-08-15 00:00:00,,TARDE,LUNES,MUNICIPAL,CARRERA 1 CALLE 31A,URBANA,TECNICO,,,NO MANTENER DISTANCIA SEGURIDAD,121.0,ACOMPAÑANTE CONDUCTOR,35.0,FEMENINO,LESIONADO
2022.0,8790.0,CHOQUE,2022-04-16 00:00:00,,MAÑANA,SÁBADO,BARRIO NUEVO,CARRERA 31 CALLE 24,URBANA,TECNICO,,,ARRANCAR SIN PRECAUCION,145,NO APLICA,38.0,FEMENINO,NO APLICA
2022.0,8615.0,CHOQUE,2022-02-23 00:00:00,,MADRUGADA,MIÉRCOLES,CENTRO,CALLE 31 CARRERA 23,URBANA,TECNICO,,,SEMAFORO EN ROJO,142.0,NO APLICA,61.0,MASCULINO,NO APLICA
2022.0,8751.0,CHOQUE,2022-04-01 00:00:00,,MAÑANA,VIERNES,BARRIO NUEVO,CARRERA 31 CALLE 26-34,URBANA,TECNICO,,,ADELANTAR CERRANDO,103.0,ACOMPAÑANTE MOTOCICLISTA,29.0,FEMENINO,LESIONADO
2022.0,8607.0,CHOQUE,2022-02-21 00:00:00,,TARDE,LUNES,SESQUI,CARRERA 32 CALLE 8 -10,URBANA,TECNICO,,,DESOBEDECER SEÑAL DE PARE,112.0,ACOMPAÑANTE MOTOCICLISTA,17.0,FEMENINO,LESIONADO
2022.0,8951.0,CHOQUE,2022-06-01 00:00:00,,NOCHE,MIÉRCOLES,COLOMBINA,CALLE 30 CARRERA 21,URBANA,TECNICO,,,DESOBEDECER SEÑAL DE PARE,112.0,MOTOCICLISTA,28.0,FEMENINO,LESIONADO
2022.0,8566.0,CHOQUE,2022-02-09 00:00:00,,NOCHE,MIÉRCOLES,COLOMBIA,CALLE 36 CARRERA 31,URBANA,TECNICO,,,SEMAFORO EN ROJO,142.0,ACOMPAÑANTE MOTOCICLISTA,34.0,FEMENINO,LESIONADO