a_o,ipat,clase_siniestro,fecha,hora,jornada,dia_semana,barrios_corregimiento_via,direccion,zona,autoridad,lat,long,hipotesis,codigo,condicion_de_la_victima,edad,genero,lesionados_y_muertos
2022.0,8951.0,CHOQUE,2022-06-01 00:00:00,,NOCHE,MIÉRCOLES,COLOMBINA,CALLE 30 CARRERA 21,URBANA,TECNICO,,,DESOBEDECER SEÑAL DE PARE,112.0,ACOMPAÑANTE MOTOCICLISTA,28.0,FEMENINO,LESIONADO
2022.0,9279.0,CHOQUE,2022-10-05 00:00:00,,MAÑANA,MIÉRCOLES,CAMPESTRE,CALLE 42 CARRERA 2,URBANA,TECNICO,,,NO ESTAR PENDIENTE DE LA VIA,157.0,CONDUCTOR,57.0,FEMENINO,LESIONADO
2022.0,8876.0,CHOQUE,2022-05-09 00:00:00,,TARDE,LUNES,URIBE,CALLE 34 CARRERA 22,URBANA,TECNICO,,,ARRANCAR SIN PRECAUCION,145,MOTOCICLISTA,47.0,FEMENINO,LESIONADO
2022.0,OFICIO,ATROPELLO,2022-11-20 00:00:00,,NOCHE,SÁBADO,EMILIA,CARRERA 35 CALLE 41,URBANA,TECNICO,3.538002,-76.306502,POR ESTABLECER,157,PEATÓN,37.0,FEMENINO,MUERTO
2022.0,9046.0,CHOQUE,2022-06-27 00:00:00,,NOCHE,LUNES,POBLADO COMFAUNION,CALLE 44 CARRERAS 9 A 11,URBANA,TECNICO,,,NO MANTENER DISTANCIA SEGURIDAD,121.0,NO APLICA,42.0,FEMENINO,NO APLICA
2022.0,8790.0,CHOQUE,2022-04-16 00:00:00,,MAÑANA,SÁBADO,BARRIO NUEVO,CARRERA 31 CALLE 24,URBANA,TECNICO,,,ARRANCAR SIN PRECAUCION,145,ACOMPAÑANTE MOTOCICLISTA,17.0,FEMENINO,LESIONADO
2022.0,8592.0,CHOQUE,2022-02-17 00:00:00,,MAÑANA,JUEVES,SAN PEDRO,CALLE 35 CARRERA 19,URBANA,TECNICO,,,SEMAFORO EN ROJO,142.0,ACOMPAÑANTE MOTOCICLISTA,7.0,FEMENINO,LESIONADO
2022.0,7959.0,CHOQUE,2022-04-03 00:00:00,,MADRUGADA,DOMINGO,CUIDAD DEL CAMPO,CALLE 101 CARRERA 37,RURAL,TECNICO,,,TRANSITAR EN CONTRA VIA,127.0,ACOMPAÑANTE MOTOCICLISTA,35.0,FEMENINO,LESIONADO
2022.0,8671.0,CHOQUE,2022-03-12 00:00:00,,TARDE,SÁBADO,COLOMBIA,CARRERA 30 CALLE 38,URBANA,TECNICO,,,DESOBEDECER SEÑAL DE PARE,112.0,ACOMPAÑANTE MOTOCICLISTA,19.0,FEMENINO,LESIONADO
2022.0,8964.0,CHOQUE,2022-06-03 00:00:00,,MAÑANA,VIERNES,SANTA BARBARA,CALLE 46 CARRERA 45,URBANA,TECNICO,,,PONER EN MARCHA UN VEHICULO SIN LAS MEDIDAS DE PRECAUCION,143.0,MOTOCICLISTA,41.0,FEMENINO,NO APLICA
2022.0,9069.0,CHOQUE,2022-07-03 00:00:00,,MAÑANA,DOMINGO,RECREO,CALLE 18 CARRERA 25,URBANA,TECNICO,,,NO RESPETAR PRELACIÓN,132.0,ACOMPAÑANTE MOTOCICLISTA,40.0,FEMENINO,LESIONADO
2022.0,9095.0,CHOQUE,2022-07-13 00:00:00,,MAÑANA,MIÉRCOLES,PRADO,CALLE 42 CARRERA 39 -68,URBANA,TECNICO,,,CRUCE REPENTNO DESTINADO PARA PEAONES,157.0,ACOMPAÑANTE MOTOCICLISTA,42.0,FEMENINO,LESIONADO
2022.0,8889.0,CHOQUE,2022-05-13 00:00:00,,TARDE,VIERNES,VIA PALMIRA BARRANCAS,KM 13,RURAL,TECNICO,,,REALIZAR U,146,MOTOCICLISTA,59.0,MASCULINO,LESIONADO
2022.0,9155.0,CHOQUE,2022-08-02 00:00:00,,TARDE,MARTES,VIA PALMIRA BOLO,KM 2,RURAL,TECNICO,,,TRANSITAR EN CONTRA VIA,127.0,MOTOCICLISTA,21.0,MASCULINO,LESIONADO
2022.0,8567.0,CHOQUE,2022-02-10 00:00:00,,TARDE,JUEVES,FRAY LUIS,CALLE 42 CARRERA 49,URBANA,TECNICO,,,NO RESPETAR PRELACIÓN,132.0,NO APLICA,71.0,MASCULINO,NO APLICA
2022.0,9238.0,ATROPELLO,2022-09-17 00:00:00,,NOCHE,SÁBADO,VERSALLES,CALLE 42 CARRERA 26-31,URBANA,TECNICO,,,TRANSITAR SIN LUCES,130.0,PEATÓN,69.0,MASCULINO,LESIONADO
2022.0,9276.0,CHOQUE,2022-10-02 00:00:00,,MAÑANA,DOMINGO,BARRIO NUEVO,CALLE 26 CARRERA 29,URBANA,TECNICO,,,DESOBEDECER SEÑAL DE PARE,112.0,NO APLICA,29.0,MASCULINO,NO APLICA
2022.0,8695.0,CHOQUE,2022-03-15 00:00:00,,MAÑANA,MARTES,INDUSTRIAL,CALLE 42 CARRERA 35,URBANA,TECNICO,,,NO RESPETAR PRELACIÓN,132.0,ACOMPAÑANTE MOTOCICLISTA,25.0,MASCULINO,LESIONADO
2022.0,8668.0,CHOQUE,2022-03-08 00:00:00,,TARDE,MARTES,SANTA BARBARA,CALLE 31 CARRERA 42-44,URBANA,TECNICO,,,INVADIR LINEA CONTINUA,157.0,NO APLICA,56.0,MASCULINO,NO APLICA
2022.0,9139.0,CHOQUE,2022-07-28 00:00:00,,NOCHE,JUEVES,SAN PEDRO,CALLE 34A CARRERA 17,URBANA,TECNICO,,,DESOBEDECER SEÑAL DE PARE,112.0,MOTOCICLISTA,33.0,MASCULINO,LESIONADO
2022.0,8601.0,CHOQUE OBJETO FIJO ARBOL,2022-02-20 00:00:00,,MAÑANA,DOMINGO,VIA CORONADO ROZO,500 MTS,RURAL,TECNICO,,,POR ESTABLECER,157.0,MOTOCICLISTA,26.0,MASCULINO,MUERTO
2022.0,8693.0,CHOQUE,2022-03-14 00:00:00,,NOCHE,LUNES,ZAMORANO,CALLE 65 CARRERA 28-200,URBANA,TECNICO,,,ADELANTAR INVADIENDO CARRIL,104.0,NO APLICA,18.0,MASCULINO,NO APLICA
2022.0,DITRA,CHOQUE,2022-04-10 00:00:00,,MADRUGADA,DOMINGO,VIA CALI - PALMIRA SUR,KM 6 + 350 MTS,RURAL,POLICIA,,,"NO UTILIZAR DISPÒSITIVOS LUMINOSOS, NO HACER UNOS CICLORUTA",99,CICLISTA,25.0,MASCULINO,MUERTO
2022.0,8950.0,CHOQUE,2022-06-01 00:00:00,,TARDE,MIÉRCOLES,EMILIA,CALLE 37 CARRERA 37,URBANA,TECNICO,,,DESOBEDECER SEÑAL DE PARE,112.0,MOTOCICLISTA,18.0,MASCULINO,LESIONADO
2022.0,9241.0,CHOQUE,2022-09-17 00:00:00,,NOCHE,SÁBADO,COLOMBIA,CALLE 36 CARRERA 32,URBANA,TECNICO,,,SEMAFORO EN ROJO,142.0,MOTOCICLISTA,28.0,MASCULINO,LESIONADO
2022.0,8809.0,CHOQUE,2022-04-20 00:00:00,,MAÑANA,MIÉRCOLES,CENTRO,CALLE 27 CARRERA 33,URBANA,TECNICO,,,ARRANCAR SIN PRECAUCION,145,MOTOCICLISTA,50.0,MASCULINO,LESIONADO
2022.0,8889.0,CHOQUE,2022-05-13 00:00:00,,TARDE,VIERNES,VIA PALMIRA BARRANCAS,KM 13,RURAL,TECNICO,,,REALIZAR U,146,MOTOCICLISTA,21.0,MASCULINO,LESIONADO
2022.0,9080.0,CHOQUE,2022-07-08 00:00:00,,NOCHE,MIÉRCOLES,LIBERTAD,CALLE 39 CARRERA 11,URBANA,TECNICO,,,DESOBEDECER SEÑAL DE PARE,112.0,MOTOCICLISTA,28.0,MASCULINO,MUERTO
2022.0,9181.0,CHOQUE,2022-08-14 00:00:00,,MAÑANA,DOMINGO,MIRRIÑAO,CALLE 54 CARRERA 31,URBANA,TECNICO,,,ARRANCAR SIN PRECAUCION,145.0,MOTOCICLISTA,21.0,MASCULINO,LESIONADO
2022.0,9188.0,CHOQUE,2022-08-16 00:00:00,,MAÑANA,MARTES,ESTONIA,CALLE 46 CARRERA 33,URBANA,TECNICO,,,CRUCE REPENTNO DESTINADO PARA PEAONES,157,CICLISTA,62.0,MASCULINO,LESIONADO
2022.0,9297.0,CHOQUE,2022-10-12 00:00:00,,TARDE,MIÉRCOLES,IGNACIO TORRES,CARRERA 39 CALLE 49,URBANA,TECNICO,,,PONER EN MARCHA UN VEHICULO SIN LAS MEDIDAS DE PRECAUCION,143.0,NO APLICA,48.0,MASCULINO,NO APLICA
2022.0,9288.0,ATROPELLO,2022-10-06 00:00:00,,TARDE,JUEVES,BOSQUE,CARRERA 13 CALLE 30-36,URBANA,TECNICO,,,CARÁCTER AVERIGUATORIO,157.0,PEATÓN,35.0,MASCULINO,LESIONADO
2022.0,8604.0,ATROPELLO,2022-02-20 00:00:00,,NOCHE,DOMINGO,VIA PALMIRA TIENDA NUEVA,KM 9 + 293 MTS,RURAL,TECNICO,,,PERDIDA DEL CONTROL DEL VEHICULO,157.0,NO APLICA,48.0,MASCULINO,NO APLICA
2022.0,8623.0,CHOQUE,2022-02-25 00:00:00,,MAÑANA,VIERNES,CENTRO,CALLE 31 CARRERA 25,URBANA,TECNICO,,,SEMAFORO EN ROJO,142.0,MOTOCICLISTA,26.0,MASCULINO,LESIONADO
2022.0,8976.0,CHOQUE,2022-06-06 00:00:00,,MADRUGADA,LUNES,MUNICIPAL,CARRERA 1 CALLE 31 30,URBANA,TECNICO,,,POR ESTABLECER,157.0,NO APLICA,52.0,MASCULINO,NO APLICA
2022.0,9153.0,CHOQUE,2022-08-01 00:00:00,,TARDE,LUNES,EMILIA,CALLE 36 CARRERA 37,URBANA,TECNICO,,,DESOBEDECER SEÑAL DE PARE,112.0,NO APLICA,70.0,MASCULINO,NO APLICA
2022.0,9181.0,CHOQUE,2022-08-14 00:00:00,,MAÑANA,DOMINGO,MIRRIÑAO,CALLE 54 CARRERA 31,URBANA,TECNICO,,,ARRANCAR SIN PRECAUCION,145.0,NO APLICA,79.0,MASCULINO,NO APLICA
2022.0,8950.0,CHOQUE,2022-06-01 00:00:00,,TARDE,MIÉRCOLES,EMILIA,CALLE 37 CARRERA 37,URBANA,TECNICO,,,DESOBEDECER SEÑAL DE PARE,112.0,MOTOCICLISTA,51.0,MASCULINO,LESIONADO
2022.0,9176.0,CHOQUE,2022-08-13 00:00:00,,NOCHE,SÁBADO,CENTRO,CALLE 31 CARRERA 32,URBANA,TECNICO,,,SEMAFORO EN ROJO,142.0,MOTOCICLISTA,25.0,MASCULINO,LESIONADO
2022.0,8692.0,CHOQUE,2022-03-14 00:00:00,,TARDE,LUNES,TRINIDAD,CALLE 31 CARRERA 22,URBANA,TECNICO,,,DESOBEDECER SEÑAL DE PARE,112.0,MOTOCICLISTA,50.0,MASCULINO,LESIONADO
2022.0,9284.0,CHOQUE,2022-10-05 00:00:00,,TARDE,MIÉRCOLES,RECREO,CALLE 21 CARRERA 28,URBANA,TECNICO,,,DESOBEDECER SEÑAL DE PARE,112.0,NO APLICA,39.0,MASCULINO,NO APLICA
2022.0,9071.0,CHOQUE,2022-07-04 00:00:00,,MAÑANA,LUNES,VIA CORONADO ROZO,KM 4 + 100 MTS PUETE MALIMBU,URBANA,TECNICO,,,DESOBEDECER SEÑAL DE PARE,112.0,ACOMPAÑANTE MOTOCICLISTA,22.0,MASCULINO,LESIONADO
2022.0,9311.0,CHOQUE,2022-10-22 00:00:00,,MAÑANA,SÁBADO,SESQUI,CARRERA 31 CALLE 9,URBANA,TECNICO,,,DESOBEDECER SEÑAL DE PARE,112.0,MOTOCICLISTA,29.0,FEMENINO,LESIONADO
2022.0,8598.0,CHOQUE,2022-02-19 00:00:00,,MAÑANA,SÁBADO,ALFONSO LOPEZ,CARRERA 32A CALLE 41,URBANA,TECNICO,,,DESOBEDECER SEÑAL DE PARE,112.0,NO APLICA,28.0,MASCULINO,NO APLICA
2022.0,9110.0,CHOQUE,2022-07-17 00:00:00,,NOCHE,DOMINGO,SESQUI,CARRERA 32 CALLE 11-20,URBANA,TECNICO,,,NO RESPETAR PRELACIÓN,132.0,ACOMPAÑANTE MOTOCICLISTA,17.0,FEMENINO,LESIONADO
2022.0,8713.0,CHOQUE,2022-03-20 00:00:00,,NOCHE,DOMINGO,EMILIA,CARRERA 35 TRANSVERSAL 37,URBANA,TECNICO,,,NO ESTAR PENDIENTE DE LA VIA,157.0,ACOMPAÑANTE MOTOCICLISTA,19.0,FEMENINO,LESIONADO
2022.0,DITRA,CHOQUE OBJETO FIJO MURO,2022-02-06 00:00:00,,TARDE,DOMINGO,VIA SUCROMIELES - EL CERRITO,KM 47 + 600 MTS,RURAL,POLICIA,,,PERDIDA DEL CONTROL DEL VEHICULO,157,ACOMPAÑANTE CONDUCTOR,37.0,FEMENINO,MUERTO
2022.0,8990.0,CHOQUE,2022-06-11 00:00:00,,MAÑANA,SÁBADO,URIBE,CALLE 35 CARRERA 22,URBANA,TECNICO,,,DESOBEDECER SEÑAL DE PARE,112.0,CONDUCTOR,44.0,FEMENINO,LESIONADO
2022.0,8939.0,CHOQUE,2022-05-28 00:00:00,,MAÑANA,SÁBADO,SANTA RITA,CALLE 33 CARRERA 28,URBANA,TECNICO,,,SEMAFORO EN ROJO,142,ACOMPAÑANTE MOTOCICLISTA,52.0,FEMENINO,LESIONADO
2022.0,9245.0,CHOQUE,2022-09-23 00:00:00,,MAÑANA,VIERNES,BARRIO NUEVO,CARRERA 32 CALLE26,URBANA,TECNICO,,,DESOBEDECER SEÑAL DE PARE,112.0,ACOMPAÑANTE MOTOCICLISTA,63.0,FEMENINO,LESIONADO
2022.0,9214.0,CHOQUE,2022-09-03 00:00:00,,TARDE,SÁBADO,COLOMBIA,CALLE 36 CARRERA 30-72,URBANA,TECNICO,,,NO MANTENER DISTANCIA SEGURIDAD,121.0,PASAJERO,66.0,FEMENINO,LESIONADO
2022.0,8963.0,CHOQUE,2022-06-03 00:00:00,,MAÑANA,VIERNES,SANTA RITA,CALLE 34 CARRERA 27,URBANA,TECNICO,,,DESOBEDECER SEÑAL DE PARE,112.0,ACOMPAÑANTE MOTOCICLISTA,55.0,FEMENINO,LESIONADO
2022.0,9055.0,CHOQUE,2022-06-29 00:00:00,,NOCHE,MIÉRCOLES,BARRIO NUEVO,CALLE 28 CARRERA 32,URBANA,TECNICO,,,SEMAFORO EN ROJO,142.0,NO APLICA,28.0,FEMENINO,NO APLICA
2022.0,DITRA,CHOQUE,2022-04-03 00:00:00,,NOCHE,DOMINGO,VIA CALI - PALMIRA SUR,KM 18 + 150 MTS,RURAL,POLICIA,,,PERDIDA DEL CONTROL DEL VEHICULO,157.0,ACOMPAÑANTE CONDUCTOR,36.0,FEMENINO,LESIONADO
2022.0,8829.0,CHOQUE,2022-04-27 00:00:00,,MADRUGADA,MIÉRCOLES,CENTRO,CALLE 28 CARRERA 28,URBANA,TECNICO,,,SEMAFORO EN ROJO,142,NO APLICA,51.0,MASCULINO,NO APLICA
2022.0,8864.0,CHOQUE,2022-05-05 00:00:00,,NOCHE,JUEVES,PRADO,CALLE 42 CARRERA 40-37,URBANA,TECNICO,,,NO ESTAR PENDIENTE DE LA VIA,157,NO APLICA,39.0,MASCULINO,NO APLICA
2022.0,8978.0,CHOQUE,2022-06-06 00:00:00,,MAÑANA,SÁBADO,ZAMORANO,CARRERA 31 CALLE 68,URBANA,TECNICO,,,ARRANCAR SIN PRECAUCION,145.0,MOTOCICLISTA,30.0,MASCULINO,LESIONADO
2022.0,9202.0,CHOQUE,2022-08-23 00:00:00,,TARDE,MARTES,EMILIA,CALLE 36 CARRERA 38,URBANA,TECNICO,,,DESOBEDECER SEÑAL DE PARE,112.0,NO APLICA,29.0,MASCULINO,NO APLICA
2022.0,9221.0,CHOQUE,2022-09-08 00:00:00,,TARDE,JUEVES,EMILIA,CALLE 37 CARRERA 38,URBANA,TECNICO,,,DESOBEDECER SEÑAL DE PARE,112.0,MOTOCICLISTA,43.0,MASCULINO,LESIONADO
2022.0,8938.0,ATROPELLO,2022-05-27 00:00:00,,NOCHE,VIERNES,SAN PEDRO,CALLE 39 CARRERA 18,URBANA,TECNICO,,,CRUZAR SIN OBSERVAR,409,PEATÓN,58.0,MASCULINO,LESIONADO
2022.0,8649.0,CHOQUE,2022-03-02 00:00:00,,NOCHE,MIÉRCOLES,FLORES,CALLE 23 CARRERA 3,URBANA,TECNICO,,,DESOBEDECER SEÑAL DE PARE,112.0,NO APLICA,22.0,FEMENINO,NO APLICA
2022.0,8703.0,CHOQUE,2022-03-18 00:00:00,,TARDE,VIERNES,SAN CAYETANO,CARRERA 22 CALLE 39,URBANA,TECNICO,,,DESOBEDECER SEÑAL DE PARE,112.0,ACOMPAÑANTE MOTOCICLISTA,20.0,FEMENINO,LESIONADO
2022.0,8631.0,CHOQUE,2022-02-26 00:00:00,,TARDE,SÁBADO,ESTONIA,CALLE 42 CARRERA 32,URBANA,TECNICO,,,POR ESTABLECER,157.0,CICLISTA,64.0,MASCULINO,LESIONADO
2022.0,9077.0,CHOQUE,2022-07-06 00:00:00,,NOCHE,MIÉRCOLES,VIA PALMIRA TIENDA NUEVA,KM 6 VEREDA LA BOLSA,RURAL,TECNICO,,,INVADIR CARRIL SENTIDO CONTRARIO,157.0,NO APLICA,58.0,FEMENINO,NO APLICA
2022.0,9175.0,CHOQUE,2022-08-12 00:00:00,,TARDE,VIERNES,ZAMORANO,CARRERA 28 CALLE 69,URBANA,TECNICO,,,GIRAR BRUSCAMENTE,122.0,ACOMPAÑANTE MOTOCICLISTA,51.0,FEMENINO,LESIONADO
2022.0,8587.0,CHOQUE,2022-02-15 00:00:00,,TARDE,MARTES,COLOMBIA,CARRERA 31 CALLE 35,URBANA,TECNICO,,,DESOBEDECER SEÑAL DE PARE,112.0,NO APLICA,20.0,MASCULINO,NO APLICA
2022.0,9197.0,CHOQUE,2022-08-20 00:00:00,,NOCHE,SÁBADO,PRIMERO DE MAYO,CALLE 41 CARRERA 13,URBANA,TECNICO,,,TRANSITAR EN CONTRA VIA,127,MOTOCICLISTA,27.0,MASCULINO,LESIONADO
2022.0,8995.0,CHOQUE,2022-06-12 00:00:00,,NOCHE,DOMINGO,SANTA TERESITA,TRANSV 39 CALLE 39,URBANA,TECNICO,,,NO RESPETAR PRELACIÓN,123.0,NO APLICA,45.0,MASCULINO,NO APLICA
2022.0,9126.0,CHOQUE,2022-07-22 00:00:00,,NOCHE,VIERNES,SANTA RITA,CALLE 36 CARRERA 31,URBANA,TECNICO,,,SEMAFORO EN ROJO,142.0,MOTOCICLISTA,52.0,MASCULINO,LESIONADO
2022.0,8800.0,CHOQUE,2022-04-18 00:00:00,,TARDE,LUNES,COLOMBIA,CALLE 36 CARRERA 31,URBANA,TECNICO,,,NO MANTENER DISTANCIA SEGURIDAD,121,NO APLICA,38.0,FEMENINO,NO APLICA
2022.0,9252.0,CHOQUE,2022-09-24 00:00:00,,TARDE,SÁBADO,DANUBIO,CARRERA 19 CALLE 33 B,URBANA,TECNICO,,,GIRAR BRUSCAMENTE,122.0,NO APLICA,31.0,FEMENINO,NO APLICA
2022.0,8891.0,CHOQUE,2022-05-14 00:00:00,,TARDE,SÁBADO,LOS PINOS,CALLE 42 CARRERA 26-15,URBANA,TECNICO,,,MANIOBRAS PELIGROSAS,157,ACOMPAÑANTE MOTOCICLISTA,50.0,FEMENINO,LESIONADO
2022.0,9283.0,CHOQUE,2022-10-05 00:00:00,,TARDE,MIÉRCOLES,INDUSTRIAL,CALLE 42 CARRERA 39,URBANA,TECNICO,,,ABRIR LA PUERTA SIN MEDIDAS DE PRECAUCION,157.0,MOTOCICLISTA,29.0,FEMENINO,LESIONADO
2022.0,9188.0,CHOQUE,2022-08-16 00:00:00,,MAÑANA,MARTES,ESTONIA,CALLE 46 CARRERA 33,URBANA,TECNICO,,,CRUCE REPENTNO DESTINADO PARA PEAONES,157,ACOMPAÑANTE MOTOCICLISTA,24.0,FEMENINO,LESIONADO
2022.0,9191.0,CHOQUE,2022-08-17 00:00:00,,TARDE,MIÉRCOLES,CENTRO,CALLE 31 CARRERA 32,URBANA,TECNICO,,,NO HACER USO DE SEÑALES REFLECTIVAS O LUMINOSAS,157.0,MOTOCICLISTA,28.0,FEMENINO,LESIONADO
2022.0,9185.0,CHOQUE,2022-08-15 00:00:00,,TARDE,LUNES,BARRIO NUEVO,CALLE 26 CARRERA 32,URBANA,TECNICO,,,DESOBEDECER SEÑAL DE PARE,112.0,ACOMPAÑANTE MOTOCICLISTA,44.0,FEMENINO,LESIONADO
2022.0,8634.0,CHOQUE,2022-02-27 00:00:00,,MAÑANA,DOMINGO,FRAY LUIS,CALLE 42 CARRERA 47,URBANA,TECNICO,,,ADELANTAR EN CURVA,101.0,NO APLICA,62.0,FEMENINO,NO APLICA
2022.0,8821.0,CHOQUE,2022-04-24 00:00:00,,TARDE,DOMINGO,SAN CAYETANO,CALLE 42 CARRERA 25,URBANA,TECNICO,,,DESOBEDECER SEÑAL DE PARE,112,ACOMPAÑANTE MOTOCICLISTA,63.0,FEMENINO,LESIONADO
2022.0,8973.0,CHOQUE,2022-06-05 00:00:00,,TARDE,DOMINGO,VIA PALMIRA LA BUITRERA,VEREDA PUBLO NUEVO CASA 13 500MTS,RURAL,TECNICO,,,POR ESTABLECER,157.0,ACOMPAÑANTE MOTOCICLISTA,20.0,FEMENINO,LESIONADO
2022.0,9024.0,CHOQUE,2022-06-21 00:00:00,,TARDE,MARTES,CENTRO,CARRERA 29 CALLE 29-13,URBANA,TECNICO,,,ABRIR LA PUERTA SIN MEDIDAS DE PRECAUCION,506.0,MOTOCICLISTA,18.0,FEMENINO,LESIONADO
2022.0,8884.0,CHOQUE,2022-05-10 00:00:00,,NOCHE,MARTES,RINCON DEL BOSQUE,CALLE 31 CARRERA 9,URBANA,TECNICO,,,REVERSO IMPRUDENTE,134,ACOMPAÑANTE MOTOCICLISTA,20.0,FEMENINO,LESIONADO
2022.0,9070.0,CHOQUE,2022-07-03 00:00:00,,TARDE,DOMINGO,DELICIAS,CALLE 27 CARRERA 27,URBANA,TECNICO,,,DESOBEDECER SEÑAL DE PARE,112.0,ACOMPAÑANTE MOTOCICLISTA,24.0,FEMENINO,LESIONADO
2022.0,9243.0,CHOQUE,2022-09-21 00:00:00,,MAÑANA,MIÉRCOLES,BARRIO NUEVO,CALLE 26 CARRERA30,URBANA,TECNICO,,,DESOBEDECER SEÑAL DE PARE,112.0,ACOMPAÑANTE MOTOCICLISTA,46.0,MASCULINO,LESIONADO
2022.0,8879.0,CHOQUE,2022-05-09 00:00:00,,NOCHE,LUNES,SAN PEDRO,CARRERA 19 CALLE 38-26,URBANA,TECNICO,,,PONER EN MARCHA UN VEHICULO SIN LAS MEDIDAS DE PRECAUCION,143,NO APLICA,51.0,FEMENINO,NO APLICA
2022.0,8589.0,CHOQUE,2022-02-15 00:00:00,,NOCHE,MARTES,URIBE,CALLE 33 CARRERA 20,URBANA,TECNICO,,,PONER EN MARCHA UN VEHICULO SIN LAS MEDIDAS DE PRECAUCION,143.0,MOTOCICLISTA,37.0,FEMENINO,LESIONADO
2022.0,9132.0,CHOQUE,2022-07-26 00:00:00,,MAÑANA,MARTES,SAN PEDRO,CALLE 37 CARRERA 18,URBANA,TECNICO,,,PONER EN MARCHA UN VEHICULO SIN LAS MEDIDAS DE PRECAUCION,143.0,ACOMPAÑANTE MOTOCICLISTA,66.0,FEMENINO,LESIONADO
2022.0,9173.0,CHOQUE,2022-08-11 00:00:00,,MAÑANA,JUEVES,POMONA,DIAGONAL 34 CALLE 34,URBANA,TECNICO,,,DESOBEDECER SEÑAL DE PARE,112,MOTOCICLISTA,26.0,MASCULINO,LESIONADO
2022.0,9204.0,CHOQUE,2022-08-26 00:00:00,,NOCHE,VIERNES,URBANIZACION EL BOSQUE,CALLE 32A CARRERA 7,URBANA,TECNICO,,,ARRANCAR SIN PRECAUCION,145.0,ACOMPAÑANTE MOTOCICLISTA,14.0,FEMENINO,LESIONADO
2022.0,8641.0,CHOQUE,2022-03-01 00:00:00,,TARDE,MARTES,PRADO,CALLE 42 CARRERA 45,URBANA,TECNICO,,,FRENAR BRUSCAMENTE,119.0,ACOMPAÑANTE MOTOCICLISTA,68.0,FEMENINO,LESIONADO
2022.0,9295.0,CHOQUE,2022-10-12 00:00:00,,TARDE,MIÉRCOLES,CENTRO,CARRERA 30 CALLE 27,URBANA,TECNICO,,,ARRANCAR SIN PRECAUCION,145.0,ACOMPAÑANTE MOTOCICLISTA,53.0,MASCULINO,LESIONADO
2022.0,9262.0,CHOQUE,2022-09-27 00:00:00,,TARDE,MARTES,FRAY LUIS,CALLE 42 CARRERA 49,URBANA,TECNICO,,,NO RESPETAR PRELACIÓN,132.0,NO APLICA,49.0,FEMENINO,NO APLICA
2022.0,DITRA,CHOQUE OBJETO FIJO ARBOL,2022-05-25 00:00:00,,TARDE,MIÉRCOLES,VIA CALI - PALMIRA NORTE,KM 8,RURAL,POLICIA,,,PERDIDA DEL CONTROL DEL VEHICULO,157,ACOMPAÑANTE CONDUCTOR,50.0,FEMENINO,MUERTO
2022.0,8855.0,ATROPELLO,2022-05-03 00:00:00,,MAÑANA,MARTES,PRADO,CALLE 42 CARRERA 44-45,URBANA,TECNICO,,,POR ESTABLECER,157,PEATÓN,81.0,FEMENINO,LESIONADO
2022.0,9206.0,CHOQUE,2022-08-29 00:00:00,,TARDE,LUNES,LIBERTADORES,CALLE 27 CARRERA 18,URBANA,TECNICO,,,DESOBEDECER SEÑAL DE PARE,112.0,MOTOCICLISTA,22.0,MASCULINO,LESIONADO
2022.0,9199.0,CHOQUE,2022-08-21 00:00:00,,TARDE,DOMINGO,TREBOL,CALLE 26A CARRERA 21,URBANA,TECNICO,,,DESOBEDECER SEÑAL DE PARE,112,ACOMPAÑANTE MOTOCICLISTA,53.0,FEMENINO,LESIONADO
2022.0,9282.0,CHOQUE,2022-10-05 00:00:00,,TARDE,MIÉRCOLES,VIA PALMIRA LA BOLSA,KM 7 + 175 MTS,RURAL,TECNICO,,,GIRAR BRUSCAMENTE,122.0,ACOMPAÑANTE MOTOCICLISTA,15.0,FEMENINO,LESIONADO
2022.0,8683.0,CHOQUE,2022-03-12 00:00:00,,NOCHE,SÁBADO,COLOMBINA,CALLE 31 CARRERA 18,URBANA,TECNICO,,,DESOBEDECER SEÑAL DE PARE,112.0,ACOMPAÑANTE MOTOCICLISTA,2.0,FEMENINO,LESIONADO
2022.0,9075.0,CHOQUE,2022-07-05 00:00:00,,NOCHE,MARTES,LOS PINOS,CALLE 42 CARRERA 25-29,URBANA,TECNICO,,,NO MANTENER DISTANCIA SEGURIDAD,121.0,NO APLICA,61.0,FEMENINO,NO APLICA
2022.0,9189.0,CHOQUE,2022-08-16 00:00:00,,TARDE,MARTES,SESQUI,CARRERA 24 CALLE 12A,URBANA,TECNICO,,,NO RESPETAR PRELACIÓN,132,MOTOCICLISTA,59.0,MASCULINO,LESIONADO
2022.0,8712.0,CHOQUE,2022-03-20 00:00:00,,NOCHE,DOMINGO,CENTRO,CALLE 32 CARRERA 26,URBANA,TECNICO,,,DESOBEDECER SEÑAL DE PARE,112.0,ACOMPAÑANTE MOTOCICLISTA,56.0,FEMENINO,LESIONADO
2022.0,9199.0,CHOQUE,2022-08-21 00:00:00,,TARDE,DOMINGO,TREBOL,CALLE 26A CARRERA 21,URBANA,TECNICO,,,DESOBEDECER SEÑAL DE PARE,112,MOTOCICLISTA,50.0,FEMENINO,LESIONADO
2022.0,8661.0,CHOQUE,2022-03-06 00:00:00,,TARDE,DOMINGO,CUIDADELA PALMIRA,CARRERA 9 CALLE 26,URBANA,TECNICO,,,DESOBEDECER SEÑAL DE PARE,112.0,NO APLICA,28.0,FEMENINO,NO APLICA
2022.0,9190.0,CHOQUE,2022-08-17 00:00:00,,MADRUGADA,MIÉRCOLES,CUIDAD DEL CAMPO,CALLE 100 CARRERA 16-126,RURAL,TECNICO,,,REALIZAR MAL USO DEL CARRIL,157,NO APLICA,47.0,FEMENINO,NO APLICA