a_o,ipat,clase_siniestro,fecha,hora,jornada,dia_semana,barrios_corregimiento_via,direccion,zona,autoridad,lat,long,hipotesis,codigo,condicion_de_la_victima,edad,genero,lesionados_y_muertos
2022.0,8611.0,CHOQUE,2022-02-22 00:00:00,,MADRUGADA,MARTES,RECREO,CARRERA 24 CALLE 18,URBANA,TECNICO,,,SEMAFORO EN ROJO,142.0,MOTOCICLISTA,16.0,MASCULINO,LESIONADO
2022.0,9173.0,CHOQUE,2022-08-11 00:00:00,,MAÑANA,JUEVES,POMONA,DIAGONAL 34 CALLE 34,URBANA,TECNICO,,,DESOBEDECER SEÑAL DE PARE,112,NO APLICA,49.0,FEMENINO,NO APLICA
2022.0,9189.0,CHOQUE,2022-08-16 00:00:00,,TARDE,MARTES,SESQUI,CARRERA 24 CALLE 12A,URBANA,TECNICO,,,NO RESPETAR PRELACIÓN,132,MOTOCICLISTA,32.0,FEMENINO,LESIONADO
2022.0,8700.0,CHOQUE,2022-03-17 00:00:00,,TARDE,JUEVES,CENTRO POBLADO POTRERILLO,AVENIDAD 4 CALLE 3,RURAL,TECNICO,,,NO RESPETAR PRELACIÓN,132.0,MOTOCICLISTA,44.0,MASCULINO,LESIONADO
2022.0,8729.0,CHOQUE,2022-03-25 00:00:00,,NOCHE,VIERNES,BARRIO NUEVO,CALLE 20 CARRERA 31,URBANA,TECNICO,,,DESOBEDECER SEÑAL DE PARE,112.0,MOTOCICLISTA,21.0,MASCULINO,LESIONADO
2022.0,8831.0,CHOQUE,2022-04-27 00:00:00,,TARDE,MIÉRCOLES,BARRIO NUEVO,CARRERA 29 CALLE 24,URBANA,TECNICO,,,DESOBEDECER SEÑAL DE PARE,112,NO APLICA,48.0,MASCULINO,NO APLICA
2022.0,8933.0,CHOQUE,2022-05-26 00:00:00,,NOCHE,JUEVES,FLORES,CALLE 30 CARRERA 1,URBANA,TECNICO,,,INVADIR CARRIL SENTIDO CONTRARIO,157,NO APLICA,40.0,MASCULINO,NO APLICA
2022.0,9008.0,CHOQUE,2022-06-17 00:00:00,,TARDE,VIERNES,PORTAL DE LAS PALMAS,CARRERA 43 CALLE 51,URBANA,TECNICO,,,DESOBEDECER SEÑAL DE PARE,112.0,NO APLICA,42.0,MASCULINO,NO APLICA
2022.0,9139.0,CHOQUE,2022-07-28 00:00:00,,NOCHE,JUEVES,SAN PEDRO,CALLE 34A CARRERA 17,URBANA,TECNICO,,,DESOBEDECER SEÑAL DE PARE,112.0,NO APLICA,36.0,MASCULINO,NO APLICA
2022.0,DITRA,CHOQUE OBJETO FIJO ARBOL,2022-07-01 00:00:00,,NOCHE,VIERNES,VIA CALI - PALMIRA SUR,KM 14 + 400 MTS,RURAL,POLICIA,,,PERDIDA DEL CONTROL DEL VEHICULO,157,CONDUCTOR,35.0,MASCULINO,MUERTO
2022.0,8603.0,CHOQUE,2022-02-20 00:00:00,,TARDE,DOMINGO,ITALIA,CARRERA 29 CALLE 6,URBANA,TECNICO,,,PONER EN MARCHA UN VEHICULO SIN LAS MEDIDAS DE PRECAUCION,143.0,MOTOCICLISTA,35.0,MASCULINO,LESIONADO
2022.0,9317.0,CHOQUE,2022-10-25 00:00:00,,MAÑANA,MARTES,URIBE,CALLE 36 CARRERA 22,URBANA,TECNICO,,,DESOBEDECER SEÑAL DE PARE,112.0,ACOMPAÑANTE MOTOCICLISTA,5.0,MASCULINO,LESIONADO
2022.0,9288.0,ATROPELLO,2022-10-06 00:00:00,,TARDE,JUEVES,BOSQUE,CARRERA 13 CALLE 30-36,URBANA,TECNICO,,,CARÁCTER AVERIGUATORIO,157.0,PEATÓN,19.0,FEMENINO,LESIONADO
2022.0,8718.0,CHOQUE,2022-03-21 00:00:00,,NOCHE,LUNES,ZAMORANO,CALLE 69B CARRERA 28A,URBANA,TECNICO,,,DESOBEDECER SEÑAL DE PARE,112.0,MOTOCICLISTA,21.0,MASCULINO,LESIONADO
2022.0,8671.0,CHOQUE,2022-03-12 00:00:00,,TARDE,SÁBADO,COLOMBIA,CARRERA 30 CALLE 38,URBANA,TECNICO,,,DESOBEDECER SEÑAL DE PARE,112.0,ACOMPAÑANTE MOTOCICLISTA,23.0,FEMENINO,LESIONADO
2022.0,8986.0,CHOQUE,2022-06-10 00:00:00,,TARDE,VIERNES,OBRERO,CALLE 33 CARRERA 23,URBANA,TECNICO,,,DESOBEDECER SEÑAL DE PARE,112.0,MOTOCICLISTA,53.0,FEMENINO,NO APLICA
2022.0,9228.0,CHOQUE,2022-09-11 00:00:00,,NOCHE,DOMINGO,COLOMBIA,CARRERA 32 CALLE 35-62,URBANA,TECNICO,,,PERDIDA DEL CONTROL DEL VEHICULO,157.0,MOTOCICLISTA,54.0,MASCULINO,LESIONADO
2022.0,9282.0,CHOQUE,2022-10-05 00:00:00,,TARDE,MIÉRCOLES,VIA PALMIRA LA BOLSA,KM 7 + 175 MTS,RURAL,TECNICO,,,GIRAR BRUSCAMENTE,122.0,MOTOCICLISTA,21.0,FEMENINO,LESIONADO
2022.0,8598.0,CHOQUE,2022-02-19 00:00:00,,MAÑANA,SÁBADO,ALFONSO LOPEZ,CARRERA 32A CALLE 41,URBANA,TECNICO,,,DESOBEDECER SEÑAL DE PARE,112.0,ACOMPAÑANTE MOTOCICLISTA,20.0,FEMENINO,LESIONADO
2022.0,8986.0,CHOQUE,2022-06-10 00:00:00,,TARDE,VIERNES,OBRERO,CALLE 33 CARRERA 23,URBANA,TECNICO,,,DESOBEDECER SEÑAL DE PARE,112.0,NO APLICA,55.0,FEMENINO,NO APLICA
2022.0,8598.0,CHOQUE,2022-02-19 00:00:00,,MAÑANA,SÁBADO,ALFONSO LOPEZ,CARRERA 32A CALLE 41,URBANA,TECNICO,,,DESOBEDECER SEÑAL DE PARE,112.0,ACOMPAÑANTE MOTOCICLISTA,46.0,FEMENINO,LESIONADO
2022.0,9202.0,CHOQUE,2022-08-23 00:00:00,,TARDE,MARTES,EMILIA,CALLE 36 CARRERA 38,URBANA,TECNICO,,,DESOBEDECER SEÑAL DE PARE,112.0,MOTOCICLISTA,27.0,MASCULINO,LESIONADO
2022.0,8687.0,CHOQUE,2022-03-13 00:00:00,,NOCHE,DOMINGO,FRAY LUIS,CALLE 42 CARRERA 49-50,URBANA,TECNICO,,,EMBRIAGUEZ APARENTE,115.0,MOTOCICLISTA,28.0,MASCULINO,LESIONADO
2022.0,8592.0,CHOQUE,2022-02-17 00:00:00,,MAÑANA,JUEVES,SAN PEDRO,CALLE 35 CARRERA 19,URBANA,TECNICO,,,SEMAFORO EN ROJO,142.0,CICLISTA,22.0,MASCULINO,LESIONADO
2022.0,9236.0,CHOQUE,2022-09-17 00:00:00,,TARDE,SÁBADO,GUAYACANES DEL INGENIO,CARRERA 17 CALLE 23,URBANA,TECNICO,,,DESOBEDECER SEÑAL DE PARE,112.0,MOTOCICLISTA,23.0,MASCULINO,LESIONADO
2022.0,8550.0,CHOQUE,2022-02-05 00:00:00,,TARDE,SÁBADO,INDUSTRIAL,CALLE 42 CARRERA 34,URBANA,TECNICO,,,ARRANCAR SIN PRECAUCION,145.0,MOTOCICLISTA,37.0,MASCULINO,LESIONADO
2022.0,8615.0,CHOQUE,2022-02-23 00:00:00,,MADRUGADA,MIÉRCOLES,CENTRO,CALLE 31 CARRERA 23,URBANA,TECNICO,,,SEMAFORO EN ROJO,142.0,ACOMPAÑANTE MOTOCICLISTA,16.0,MASCULINO,LESIONADO
2022.0,8696.0,CHOQUE,2022-03-15 00:00:00,,TARDE,MARTES,BIZERTA,CALLE 37 CARRERA 22,URBANA,TECNICO,,,DESOBEDECER SEÑAL DE PARE,112.0,NO APLICA,24.0,MASCULINO,NO APLICA
2022.0,8818.0,CHOQUE,2022-04-22 00:00:00,,NOCHE,VIERNES,POBLADO COMFAUNION,CALLE 47A CARRERA 15,URBANA,TECNICO,,,NO RESPETAR PRELACIÓN,123,NO APLICA,53.0,MASCULINO,NO APLICA
2022.0,8844.0,CHOQUE,2022-05-01 00:00:00,,MAÑANA,DOMINGO,URIBE,CALLE 33 CARRERA 23,URBANA,TECNICO,,,DESOBEDECER SEÑAL DE PARE,112,PASAJERO,26.0,MASCULINO,LESIONADO
2022.0,8933.0,CHOQUE,2022-05-26 00:00:00,,NOCHE,JUEVES,FLORES,CALLE 30 CARRERA 1,URBANA,TECNICO,,,INVADIR CARRIL SENTIDO CONTRARIO,157,MOTOCICLISTA,28.0,MASCULINO,LESIONADO
2022.0,9214.0,CHOQUE,2022-09-03 00:00:00,,TARDE,SÁBADO,COLOMBIA,CALLE 36 CARRERA 30-72,URBANA,TECNICO,,,NO MANTENER DISTANCIA SEGURIDAD,121.0,NO APLICA,21.0,MASCULINO,NO APLICA
2022.0,9262.0,CHOQUE,2022-09-27 00:00:00,,TARDE,MARTES,FRAY LUIS,CALLE 42 CARRERA 49,URBANA,TECNICO,,,NO RESPETAR PRELACIÓN,132.0,MOTOCICLISTA,64.0,MASCULINO,LESIONADO
2022.0,8586.0,CHOQUE OBJETO FIJO ARBOL,2022-02-13 00:00:00,,MADRUGADA,DOMINGO,CENTRO,CARRERA 33A CALLE 27 -28,URBANA,TECNICO,,,PERDIDA DEL CONTROL DEL VEHICULO,157.0,MOTOCICLISTA,27.0,MASCULINO,LESIONADO
2022.0,8732.0,CHOQUE,2022-03-26 00:00:00,,MAÑANA,SÁBADO,OBRERO,CALLE 34 CARRERA26,URBANA,TECNICO,,,ARRANCAR SIN PRECAUCION,145.0,MOTOCICLISTA,35.0,MASCULINO,LESIONADO
2022.0,9298.0,CHOQUE,2022-10-12 00:00:00,,NOCHE,MIÉRCOLES,URIBE,CALLE 33 CARRERA 21,URBANA,TECNICO,,,DESOBEDECER SEÑAL DE PARE,112.0,NO APLICA,34.0,FEMENINO,NO APLICA
2022.0,9239.0,CHOQUE,2022-09-17 00:00:00,,NOCHE,SÁBADO,CAMPESTRE,CALLE 42 CARRERA 11-57,URBANA,TECNICO,,,NO MANTENER DISTANCIA SEGURIDAD,121.0,NO APLICA,49.0,MASCULINO,NO APLICA
2022.0,9210.0,CHOQUE,2022-09-01 00:00:00,,NOCHE,JUEVES,TRINIDAD,CALLE 29 CARRERA 24,URBANA,TECNICO,,,SEMAFORO EN ROJO,142.0,MOTOCICLISTA,39.0,MASCULINO,LESIONADO
2022.0,9219.0,ATROPELLO,2022-09-14 00:00:00,,MAÑANA,MIÉRCOLES,ZAMORANO,CALLE 66 CARREA 28,URBANA,TECNICO,,,SUBIRSE AL ANDEN,133.0,PEATÓN,62.0,FEMENINO,LESIONADO
2022.0,8602.0,CHOQUE,2022-02-20 00:00:00,,TARDE,DOMINGO,OBRERO,CALLE 33 CARRERA 24,URBANA,TECNICO,,,DESOBEDECER SEÑAL DE PARE,112.0,MOTOCICLISTA,34.0,MASCULINO,LESIONADO
2022.0,8643.0,CHOQUE,2022-03-01 00:00:00,,NOCHE,MARTES,OBRERO,CARRERA 25 CALLE 34,URBANA,TECNICO,,,PONER EN MARCHA UN VEHICULO SIN LAS MEDIDAS DE PRECAUCION,143.0,NO APLICA,45.0,MASCULINO,NO APLICA
2022.0,8683.0,CHOQUE,2022-03-12 00:00:00,,NOCHE,SÁBADO,COLOMBINA,CALLE 31 CARRERA 18,URBANA,TECNICO,,,DESOBEDECER SEÑAL DE PARE,112.0,NO APLICA,28.0,FEMENINO,NO APLICA
2022.0,8990.0,CHOQUE,2022-06-11 00:00:00,,MAÑANA,SÁBADO,URIBE,CALLE 35 CARRERA 22,URBANA,TECNICO,,,DESOBEDECER SEÑAL DE PARE,112.0,NO APLICA,36.0,FEMENINO,NO APLICA
2022.0,8887.0,CHOQUE,2022-05-13 00:00:00,,MADRUGADA,VIERNES,BARRIO NUEVO,CALLE 22 CARRERA 30,URBANA,TECNICO,,,TRANSITAR EN CONTRA VIA,127,MOTOCICLISTA,31.0,FEMENINO,LESIONADO
2022.0,9301.0,CHOQUE,2022-10-15 00:00:00,,MAÑANA,JUEVES,BENEDICTA,CALLE 47 CARRERA 34B-50,URBANA,TECNICO,,,REVERSO IMPRUDENTE,134.0,ACOMPAÑANTE MOTOCICLISTA,16.0,FEMENINO,LESIONADO
2022.0,8718.0,CHOQUE,2022-03-21 00:00:00,,NOCHE,LUNES,ZAMORANO,CALLE 69B CARRERA 28A,URBANA,TECNICO,,,DESOBEDECER SEÑAL DE PARE,112.0,NO APLICA,33.0,FEMENINO,NO APLICA
2022.0,8865.0,CHOQUE,2022-05-06 00:00:00,,NOCHE,VIERNES,COLOMBIA,CALLE 37 CARRERA 31,URBANA,TECNICO,,,ARRANCAR SIN PRECAUCION,145,MOTOCICLISTA,23.0,FEMENINO,LESIONADO
2022.0,9108.0,CHOQUE,2022-07-17 00:00:00,,TARDE,DOMINGO,CENTRO,CALLE 31 CARRERA 31,URBANA,TECNICO,,,SEMAFORO EN ROJO,142.0,MOTOCICLISTA,26.0,FEMENINO,LESIONADO
2022.0,8659.0,CHOQUE,2022-03-06 00:00:00,,MAÑANA,DOMINGO,DELICIAS,CARRERA 25 CALLE 24,URBANA,TECNICO,,,ARRANCAR SIN PRECAUCION,145.0,MOTOCICLISTA,25.0,MASCULINO,LESIONADO
2022.0,8709.0,CHOQUE,2022-03-19 00:00:00,,NOCHE,SÁBADO,VIA PALMIRA TABLONES,KM 12,RURAL,TECNICO,,,MANIOBRAR EN RETROCESO EN LA VIA,157.0,NO APLICA,32.0,MASCULINO,NO APLICA
2022.0,9207.0,ATROPELLO,2022-08-30 00:00:00,,TARDE,MARTES,TRINIDAD,CARRERA 24 CALLE 28-19,URBANA,TECNICO,,,CRUZAR SIN OBSERVAR,409.0,PEATÓN,23.0,FEMENINO,LESIONADO
2022.0,8570.0,ATROPELLO,2022-02-10 00:00:00,,TARDE,JUEVES,PORTAL DE LAS PALMAS,CALLE 47A CARRERA 46A-06,URBANA,TECNICO,,,CONDUCIR UN VEHICULO SIN OBSERVAR LAS MEDIDAS,157.0,PEATÓN,83.0,FEMENINO,LESIONADO
2022.0,9191.0,CHOQUE,2022-08-17 00:00:00,,TARDE,MIÉRCOLES,CENTRO,CALLE 31 CARRERA 32,URBANA,TECNICO,,,NO HACER USO DE SEÑALES REFLECTIVAS O LUMINOSAS,157.0,CICLISTA,69.0,MASCULINO,LESIONADO
2022.0,8602.0,CHOQUE,2022-02-20 00:00:00,,TARDE,DOMINGO,OBRERO,CALLE 33 CARRERA 24,URBANA,TECNICO,,,DESOBEDECER SEÑAL DE PARE,112.0,MOTOCICLISTA,39.0,MASCULINO,LESIONADO
2022.0,8673.0,CHOQUE,2022-03-11 00:00:00,,MAÑANA,VIERNES,SANTA BARBARA,CALLE 26 CARRERA 44-45,URBANA,TECNICO,,,NO ESTAR PENDIENTE DE LA VIA,157.0,MOTOCICLISTA,37.0,MASCULINO,LESIONADO
2022.0,8891.0,CHOQUE,2022-05-14 00:00:00,,TARDE,SÁBADO,LOS PINOS,CALLE 42 CARRERA 26-15,URBANA,TECNICO,,,MANIOBRAS PELIGROSAS,157,MOTOCICLISTA,55.0,MASCULINO,LESIONADO
2022.0,9233.0,CHOQUE,2022-09-16 00:00:00,,TARDE,VIERNES,GUAYACANES DEL SUR,CARRERA 33A CALLE 15-32,URBANA,TECNICO,,,GIRAR BRUSCAMENTE,122.0,NO APLICA,56.0,MASCULINO,NO APLICA
2022.0,8668.0,CHOQUE,2022-03-08 00:00:00,,TARDE,MARTES,SANTA BARBARA,CALLE 31 CARRERA 42-44,URBANA,TECNICO,,,INVADIR LINEA CONTINUA,157.0,ACOMPAÑANTE MOTOCICLISTA,21.0,FEMENINO,LESIONADO
2022.0,8589.0,CHOQUE,2022-02-15 00:00:00,,NOCHE,MARTES,URIBE,CALLE 33 CARRERA 20,URBANA,TECNICO,,,PONER EN MARCHA UN VEHICULO SIN LAS MEDIDAS DE PRECAUCION,143.0,NO APLICA,61.0,MASCULINO,NO APLICA
2022.0,8712.0,CHOQUE,2022-03-20 00:00:00,,NOCHE,DOMINGO,CENTRO,CALLE 32 CARRERA 26,URBANA,TECNICO,,,DESOBEDECER SEÑAL DE PARE,112.0,NO APLICA,20.0,MASCULINO,NO APLICA
2022.0,DITRA,CHOQUE,2022-08-13 00:00:00,,MAÑANA,SÁBADO,VIA PALMIRA CANDELARIA,KM 41 + 800 MTS,RURAL,POLICIA,,,REALIZAR MANIOBRAS PELIGROSAS,157,ACOMPAÑANTE MOTOCICLISTA,15.0,FEMENINO,MUERTO
2022.0,9039.0,CHOQUE,2022-06-25 00:00:00,,TARDE,SÁBADO,PETRUC,CALLE 18 CARRERA 26,URBANA,TECNICO,,,NO RESPETAR PRELACIÓN,123.0,NO APLICA,63.0,MASCULINO,NO APLICA
2022.0,8693.0,CHOQUE,2022-03-14 00:00:00,,NOCHE,LUNES,ZAMORANO,CALLE 65 CARRERA 28-200,URBANA,TECNICO,,,ADELANTAR INVADIENDO CARRIL,104.0,ACOMPAÑANTE MOTOCICLISTA,21.0,FEMENINO,LESIONADO
2022.0,8714.0,VOLCAMIENTO,2022-03-20 00:00:00,,NOCHE,DOMINGO,SANTA MARIA DEL PALMAR,CALLE 44 CARRERA 8-9,URBANA,TECNICO,,,HUECOS EN LA VIA,306.0,ACOMPAÑANTE MOTOCICLISTA,49.0,FEMENINO,LESIONADO
2022.0,DITRA,CHOQUE,2022-01-31 00:00:00,,TARDE,VIERNES,VIA CALI - PALMIRA SUR,KM 2  + 500  MTS,RURAL,POLICIA,,,OTRA,157.0,MOTOCICLISTA,28.0,MASCULINO,LESIONADO
2022.0,DITRA,CHOQUE,2022-01-30 00:00:00,,NOCHE,JUEVES,VIA CALI - PALMIRA SUR,KM 5 +  900 MTS,RURAL,POLICIA,,,NO MANTENER DISTANCIA SEGURIDAD,121.0,MOTOCICLISTA,35.0,MASCULINO,LESIONADO
2022.0,DITRA,CHOQUE,2022-01-30 00:00:00,,TARDE,VIERNES,VIA CALI - PALMIRA SUR,KM 12  + 230 MTS,RURAL,POLICIA,,,OTRA,157.0,MOTOCICLISTA,41.0,MASCULINO,LESIONADO
2022.0,DITRA,CHOQUE,2022-01-30 00:00:00,,TARDE,SÁBADO,VIA CALI - PALMIRA SUR,KM 12  + 230 MTS,RURAL,POLICIA,,,OTRA,157.0,ACOMPAÑANTE MOTOCICLISTA,35.0,MASCULINO,LESIONADO
2022.0,DITRA,CHOQUE,2022-01-30 00:00:00,,MAÑANA,DOMINGO,VIA CALI - PALMIRA NORTE,KM 16+ 230 MTS,RURAL,POLICIA,,,OTRA,157.0,MOTOCICLISTA,26.0,MASCULINO,LESIONADO
2022.0,DITRA,CHOQUE,2022-01-26 00:00:00,,MADRUGADA,MIÉRCOLES,VIA  CANDELARIA - PALMIRA,KM 42+  250 MTS,RURAL,POLICIA,,,FRENAR BRUSCAMENTE,119.0,MOTOCICLISTA,28.0,MASCULINO,LESIONADO
2022.0,DITRA,CHOQUE,2022-01-26 00:00:00,,MADRUGADA,MIÉRCOLES,VIA  CANDELARIA - PALMIRA,KM 42+  250 MTS,RURAL,POLICIA,,,FRENAR BRUSCAMENTE,119.0,ACOMPAÑANTE MOTOCICLISTA,44.0,FEMENINO,LESIONADO
2022.0,DITRA,CHOQUE,2022-01-24 00:00:00,,NOCHE,LUNES,VIA PALMASECA EL CERRITO,KM 14 +  180 MTS,RURAL,POLICIA,,,OBSTÁCULOS EN LA VÍA,157.0,MOTOCICLISTA,71.0,MASCULINO,LESIONADO
2022.0,DITRA,CHOQUE,2022-01-24 00:00:00,,MADRUGADA,VIERNES,VIA PALMIRA - AMAIME,KM 30+  959 MTS,RURAL,POLICIA,,,EMBRIAGUEZ O SUSTANCIAS ALUCINOGENAS,115.0,PEATÓN,65.0,MASCULINO,LESIONADO
2022.0,DITRA,CHOQUE,2022-01-22 00:00:00,,TARDE,MIÉRCOLES,VIA CALI - PALMIRA NORTE,KM 12 +  50 MTS,RURAL,POLICIA,,,FRENAR BRUSCAMENTE,119.0,MOTOCICLISTA,44.0,MASCULINO,LESIONADO
2022.0,DITRA,CHOQUE,2022-01-22 00:00:00,,TARDE,MIÉRCOLES,VIA CALI - PALMIRA NORTE,KM 12 +  50 MTS,RURAL,POLICIA,,,FRENAR BRUSCAMENTE,119.0,ACOMPAÑANTE MOTOCICLISTA,19.0,FEMENINO,LESIONADO
2022.0,DITRA,CHOQUE,2022-01-20 00:00:00,,TARDE,LUNES,VIA CALI - PALMIRA SUR,KM 5  + 650 MTS,RURAL,POLICIA,,,TRANSITAR POR SU DERECHA EN VÍAS RURALES,157.0,MOTOCICLISTA,22.0,MASCULINO,LESIONADO
2022.0,DITRA,CHOQUE,2022-01-20 00:00:00,,MAÑANA,MARTES,VIA YUMBO - LA TINAJA,KM 6,RURAL,POLICIA,,,EMBRIAGUEZ APARENTE,115.0,CONDUCTOR,28.0,MASCULINO,LESIONADO
2022.0,DITRA,CHOQUE,2022-01-19 00:00:00,,NOCHE,MIÉRCOLES,VIA SUCROMIELES - EL CERRITO,KM 8 + 900  MTS,RURAL,POLICIA,,,OTRA,157.0,CONDUCTOR,33.0,FEMENINO,LESIONADO
2022.0,DITRA,CHOQUE,2022-01-20 00:00:00,,NOCHE,JUEVES,VIA SUCROMIELES - EL CERRITO,KM 8 + 900  MTS,RURAL,POLICIA,,,OTRA,157.0,ACOMPAÑANTE CONDUCTOR,36.0,FEMENINO,LESIONADO
2022.0,DITRA,CHOQUE,2022-01-19 00:00:00,,MADRUGADA,DOMINGO,VIA CENCAR -AEREOPUERTO,KM 1 + 320 MTS,RURAL,POLICIA,,,EMBRIAGUEZ APARENTE,115.0,CONDUCTOR,35.0,MASCULINO,LESIONADO
2022.0,DITRA,CHOQUE,2022-01-20 00:00:00,,MADRUGADA,LUNES,VIA CENCAR -AEREOPUERTO,KM 1 + 320 MTS,RURAL,POLICIA,,,EMBRIAGUEZ APARENTE,115.0,PEATÓN,39.0,MASCULINO,LESIONADO
2022.0,DITRA,CHOQUE,2022-01-18 00:00:00,,NOCHE,SÁBADO,VIA  CANDELARIA - PALMIRA,KM 43,RURAL,POLICIA,,,FRENAR BRUSCAMENTE,119.0,MOTOCICLISTA,40.0,MASCULINO,LESIONADO
2022.0,DITRA,CHOQUE,2022-01-18 00:00:00,,MAÑANA,SÁBADO,VIA CALI - PALMIRA SUR,KM 9+  350 MTS,RURAL,POLICIA,,,NO MANTENER DISTANCIA SEGURIDAD,121.0,ACOMPAÑANTE CONDUCTOR,51.0,FEMENINO,LESIONADO
2022.0,DITRA,CHOQUE,2022-01-16 00:00:00,,TARDE,JUEVES,VIA  CANDELARIA - PALMIRA,KM 49,RURAL,POLICIA,,,REVERSO IMPRUDENTE,134.0,MOTOCICLISTA,53.0,MASCULINO,LESIONADO
2022.0,DITRA,CHOQUE,2022-01-14 00:00:00,,TARDE,MARTES,VIA CALI - PALMIRA NORTE,KM 2 + 100 MTS,RURAL,POLICIA,,,OTRA,157.0,CONDUCTOR,21.0,MASCULINO,LESIONADO
2022.0,DITRA,CHOQUE,2022-01-14 00:00:00,,TARDE,MIÉRCOLES,VIA CALI - PALMIRA NORTE,KM 2 + 100 MTS,RURAL,POLICIA,,,OTRA,157.0,PASAJERO,28.0,MASCULINO,LESIONADO
2022.0,DITRA,CHOQUE,2022-01-13 00:00:00,,TARDE,LUNES,VIA CALI - PALMIRA NORTE,KM 5 + 100 MTS,RURAL,POLICIA,,,OTRA,157.0,MOTOCICLISTA,36.0,MASCULINO,LESIONADO
2022.0,DITRA,CHOQUE,2022-01-12 00:00:00,,MADRUGADA,DOMINGO,VIA CALI - PALMIRA NORTE,KM 14 + 400 MTS,RURAL,POLICIA,,,OTRA,157.0,MOTOCICLISTA,29.0,MASCULINO,LESIONADO
2022.0,DITRA,CHOQUE,2022-01-12 00:00:00,,MADRUGADA,LUNES,VIA CALI - PALMIRA NORTE,KM 14 + 400 MTS,RURAL,POLICIA,,,OTRA,157.0,PEATÓN,55.0,FEMENINO,LESIONADO
2022.0,DITRA,CHOQUE,2022-01-11 00:00:00,,MAÑANA,SÁBADO,VIA CALI - PALMIRA SUR,KM 11+  750 MTS,RURAL,POLICIA,,,TRANSITAR POR LA CALZADA  PEATON,404.0,CICLISTA,49.0,MASCULINO,LESIONADO
2022.0,DITRA,CHOQUE,2022-01-11 00:00:00,,NOCHE,SÁBADO,VIA CALI - PALMIRA SUR,KM 8+  100 MTS,RURAL,POLICIA,,,IMPERICIA EN EL MANEJO,139.0,MOTOCICLISTA,62.0,MASCULINO,LESIONADO
2022.0,DITRA,CHOQUE,2022-01-11 00:00:00,,NOCHE,SÁBADO,VIA CALI - PALMIRA SUR,KM 8+  400 MTS,RURAL,POLICIA,,,IMPERICIA EN EL MANEJO,139.0,ACOMPAÑANTE MOTOCICLISTA,37.0,FEMENINO,LESIONADO
2022.0,DITRA,CHOQUE,2022-01-11 00:00:00,,NOCHE,SÁBADO,VIA CALI - PALMIRA SUR,KM 8+  600 MTS,RURAL,POLICIA,,,IMPERICIA EN EL MANEJO,139.0,ACOMPAÑANTE CONDUCTOR,25.0,FEMENINO,LESIONADO
2022.0,DITRA,CHOQUE,2022-01-08 00:00:00,,TARDE,MIÉRCOLES,VIA CANDELARIA - PALMIRA,KM 43+  150 MTS,RURAL,POLICIA,,,NO MANTENER DISTANCIA SEGURIDAD,121.0,MOTOCICLISTA,44.0,MASCULINO,LESIONADO
2022.0,DITRA,CHOQUE,2022-01-08 00:00:00,,TARDE,MIÉRCOLES,VIA CANDELARIA - PALMIRA,KM 43+  150 MTS,RURAL,POLICIA,,,NO MANTENER DISTANCIA SEGURIDAD,121.0,ACOMPAÑANTE MOTOCICLISTA,47.0,MASCULINO,LESIONADO
2022.0,DITRA,CHOQUE,2022-01-06 00:00:00,,TARDE,LUNES,VIA CALI - PALMIRA NORTE,KM 10 +  280  MTS,RURAL,POLICIA,,,NO MANTENER DISTANCIA SEGURIDAD,121.0,MOTOCICLISTA,61.0,MASCULINO,LESIONADO
2022.0,DITRA,CHOQUE,2022-01-03 00:00:00,,MADRUGADA,JUEVES,VIA PALMIRA - AMAIME,KM 29 + 700  MTS,RURAL,POLICIA,,,DEJAR O MOVILIZAR SEMOVIENTES EN LA VÍA,157.0,MOTOCICLISTA,59.0,MASCULINO,LESIONADO
2022.0,DITRA,CHOQUE,2022-01-02 00:00:00,,MADRUGADA,VIERNES,VIA PALMIRA - AMAIME,KM 29 + 700  MTS,RURAL,POLICIA,,,DEJAR O MOVILIZAR SEMOVIENTES EN LA VÍA,157.0,ACOMPAÑANTE MOTOCICLISTA,21.0,MASCULINO,LESIONADO
2022.0,DITRA,CHOQUE OBJETO FIJO MURO,2022-02-06 00:00:00,,TARDE,DOMINGO,VIA SUCROMIELES - EL CERRITO,KM 47 + 600 MTS,RURAL,POLICIA,,,PERDIDA DEL CONTROL DEL VEHICULO,157,ACOMPAÑANTE CONDUCTOR,8.0,FEMENINO,LESIONADO
2022.0,DITRA,CHOQUE,2022-02-28 00:00:00,,MAÑANA,LUNES,VIA  CANDELARIA - PALMIRA,KM 42 + 450 MTS,RURAL,POLICIA,,,ADELANTAR INVADIENDO CARRIL,104,MOTOCICLISTA,29.0,MASCULINO,LESIONADO
2022.0,DITRA,CHOQUE,2022-02-24 00:00:00,,MAÑANA,JUEVES,VIA CALI - PALMIRA SUR,KM 0+ 500 MTS,RURAL,POLICIA,,,FRENAR BRUSCAMENTE,119.0,MOTOCICLISTA,36.0,MASCULINO,LESIONADO
2022.0,DITRA,CHOQUE,2022-02-24 00:00:00,,MAÑANA,JUEVES,VIA CALI - PALMIRA SUR,KM 0+ 500 MTS,RURAL,POLICIA,,,FRENAR BRUSCAMENTE,119.0,ACOMPAÑANTE MOTOCICLISTA,45.0,MASCULINO,LESIONADO
2022.0,DITRA,CHOQUE,2022-02-20 00:00:00,,MAÑANA,DOMINGO,VIA CALI - PALMIRA NORTE,KM 10 +  110 MTS,RURAL,POLICIA,,,NO MANTENER DISTANCIA SEGURIDAD,121.0,MOTOCICLISTA,52.0,MASCULINO,LESIONADO
2022.0,DITRA,CHOQUE,2022-02-18 00:00:00,,MADRUGADA,VIERNES,VIA CALI - PALMIRA SUR,KM 11,RURAL,POLICIA,,,NO MANTENER DISTANCIA SEGURIDAD,121.0,CONDUCTOR,66.0,FEMENINO,LESIONADO