a_o,ipat,clase_siniestro,fecha,hora,jornada,dia_semana,barrios_corregimiento_via,direccion,zona,autoridad,lat,long,hipotesis,codigo,condicion_de_la_victima,edad,genero,lesionados_y_muertos
2022.0,DITRA,CHOQUE,2022-02-18 00:00:00,,MADRUGADA,VIERNES,VIA CALI - PALMIRA SUR,KM 11,RURAL,POLICIA,,,NO MANTENER DISTANCIA SEGURIDAD,121.0,ACOMPAÑANTE CONDUCTOR,26.0,MASCULINO,LESIONADO
2022.0,DITRA,CHOQUE,2022-02-16 00:00:00,,TARDE,MIÉRCOLES,VIA SUCROMIELES - EL CERRITO,KM 8,RURAL,POLICIA,,,NO MANTENER DISTANCIA SEGURIDAD,121.0,MOTOCICLISTA,31.0,MASCULINO,LESIONADO
2022.0,DITRA,CHOQUE,2022-02-16 00:00:00,,NOCHE,MIÉRCOLES,VIA CALI - PALMIRA SUR,KM 16,RURAL,POLICIA,,,NO MANTENER DISTANCIA SEGURIDAD,121.0,MOTOCICLISTA,41.0,MASCULINO,LESIONADO
2022.0,DITRA,CHOQUE,2022-02-13 00:00:00,,MADRUGADA,DOMINGO,VIA CALI - PALMIRA SUR,KM 14,RURAL,POLICIA,,,DEJAR OBSTÁCULOS EN LA VÍA,157.0,MOTOCICLISTA,32.0,MASCULINO,LESIONADO
2022.0,DITRA,CHOQUE,2022-02-11 00:00:00,,MAÑANA,VIERNES,VIA  CANDELARIA - PALMIRA,KM 43 +100 MTS,RURAL,POLICIA,,,NO MANTENER DISTANCIA SEGURIDAD,121.0,MOTOCICLISTA,48.0,FEMENINO,LESIONADO
2022.0,DITRA,CHOQUE,2022-02-10 00:00:00,,MAÑANA,JUEVES,VIA PALMASECA EL CERRITO,KM 7 +  60 MTS,RURAL,POLICIA,,,NO RESPETAR PRELACIÓN,132.0,MOTOCICLISTA,55.0,FEMENINO,LESIONADO
2022.0,DITRA,CHOQUE OBJETO FIJO MURO,2022-02-06 00:00:00,,MAÑANA,DOMINGO,VIA CALI - PALMIRA SUR,KM 11,RURAL,POLICIA,,,DEJAR OBSTÁCULOS EN LA VÍA,157.0,MOTOCICLISTA,26.0,MASCULINO,LESIONADO
2022.0,DITRA,CHOQUE,2022-02-06 00:00:00,,TARDE,DOMINGO,VIA  CANDELARIA - PALMIRA,KM 47  + 600 MTS,RURAL,POLICIA,,,OTRA,157.0,ACOMPAÑANTE CONDUCTOR,34.0,FEMENINO,LESIONADO
2022.0,DITRA,CHOQUE,2022-02-06 00:00:00,,TARDE,DOMINGO,VIA  CANDELARIA - PALMIRA,KM 47 +  600 MTS,RURAL,POLICIA,,,OTRA,157.0,ACOMPAÑANTE CONDUCTOR,37.0,MASCULINO,LESIONADO
2022.0,DITRA,CHOQUE,2022-02-04 00:00:00,,NOCHE,VIERNES,VIA  CANDELARIA - PALMIRA,KM 43,RURAL,POLICIA,,,FRENAR BRUSCAMENTE,119.0,MOTOCICLISTA,41.0,MASCULINO,LESIONADO
2022.0,DITRA,CHOQUE,2022-02-03 00:00:00,,TARDE,JUEVES,VIA CALI - PALMIRA SUR,KM 16 +  600 MTS,RURAL,POLICIA,,,NO MANTENER DISTANCIA SEGURIDAD,121.0,CICLISTA,20.0,FEMENINO,LESIONADO
2022.0,DITRA,CHOQUE,2022-02-03 00:00:00,,TARDE,JUEVES,VIA CALI - PALMIRA SUR,KM 16 +  600 MTS,RURAL,POLICIA,,,NO MANTENER DISTANCIA SEGURIDAD,121.0,MOTOCICLISTA,22.0,MASCULINO,LESIONADO
2022.0,DITRA,CHOQUE,2022-02-03 00:00:00,,MAÑANA,JUEVES,VIA CALI - PALMIRA NORTE,KM 12 + 500  MTS,RURAL,POLICIA,,,OTRA,157.0,CONDUCTOR,31.0,MASCULINO,LESIONADO
2022.0,DITRA,CHOQUE,2022-02-03 00:00:00,,TARDE,JUEVES,VIA CALI - PALMIRA NORTE,KM 16+  600 MTS,RURAL,POLICIA,,,NO MANTENER DISTANCIA SEGURIDAD,121.0,ACOMPAÑANTE MOTOCICLISTA,33.0,FEMENINO,LESIONADO
2022.0,DITRA,CHOQUE,2022-02-03 00:00:00,,MAÑANA,JUEVES,VIA CALI - PALMIRA NORTE,KM 12 +  500 MTS,RURAL,POLICIA,,,OTRA,157.0,ACOMPAÑANTE CONDUCTOR,65.0,MASCULINO,LESIONADO
2022.0,DITRA,CHOQUE,2022-04-24 00:00:00,,NOCHE,DOMINGO,VIA PALMIRA - PRADERA,KM 79,RURAL,POLICIA,,,NO ESTAR PENDIENTE DE LA VIA,157,NO APLICA,50.0,MASCULINO,NO APLICA
2022.0,DITRA,CHOQUE,2022-03-30 00:00:00,,TARDE,DOMINGO,VIA PALMASECA EL CERRITO,KM 4 + 335 MTS,RURAL,POLICIA,,,NO HACER USO DE SEÑALES REFLECTIVAS O LUMINOSAS,99.0,CONDUCTOR,28.0,MASCULINO,LESIONADO
2022.0,DITRA,CHOQUE,2022-03-28 00:00:00,,TARDE,MARTES,VIA CENCAR -AEREOPUERTO,KM 0 +  550 MTS,RURAL,POLICIA,,,NO MANTENER DISTANCIA SEGURIDAD,121.0,MOTOCICLISTA,33.0,MASCULINO,LESIONADO
2022.0,DITRA,CHOQUE,2022-03-26 00:00:00,,MAÑANA,SÁBADO,VIA CALI - PALMIRA SUR,KM 9 + 780 MTS,RURAL,POLICIA,,,NO MANTENER DISTANCIA SEGURIDAD,121.0,ACOMPAÑANTE MOTOCICLISTA,42.0,FEMENINO,LESIONADO
2022.0,DITRA,CHOQUE,2022-03-25 00:00:00,,TARDE,VIERNES,VIA CALI - PALMIRA NORTE,KM 13 + 50 MTS,RURAL,POLICIA,,,OTRA,157.0,ACOMPAÑANTE MOTOCICLISTA,56.0,FEMENINO,LESIONADO
2022.0,DITRA,CHOQUE,2022-03-25 00:00:00,,TARDE,VIERNES,VIA CALI - PALMIRA NORTE,KM 13 + 50 MTS,RURAL,POLICIA,,,OTRA,157.0,ACOMPAÑANTE MOTOCICLISTA,38.0,MASCULINO,LESIONADO
2022.0,DITRA,ATROPELLO,2022-03-22 00:00:00,,MAÑANA,MARTES,VIA CENCAR -AEREOPUERTO,KM 13 + 150 MTS,RURAL,POLICIA,,,CRUZAR SIN OBSERVAR,409.0,PEATÓN,45.0,FEMENINO,LESIONADO
2022.0,DITRA,CHOQUE,2022-03-21 00:00:00,,TARDE,LUNES,VIA CALI - PALMIRA SUR,KM 18+  200 MTS,RURAL,POLICIA,,,OTRA,157.0,CONDUCTOR,22.0,MASCULINO,LESIONADO
2022.0,DITRA,CHOQUE,2022-03-21 00:00:00,,TARDE,LUNES,VIA SUCROMIELES - EL CERRITO,KM 0 + 200 MTS,RURAL,POLICIA,,,VEHÍCULO MAL ESTACIONADO,157.0,ACOMPAÑANTE CONDUCTOR,19.0,MASCULINO,LESIONADO
2022.0,DITRA,CHOQUE,2022-03-20 00:00:00,,MADRUGADA,DOMINGO,VIA CALI - PALMIRA NORTE,KM 4 + 700 MTS,RURAL,POLICIA,,,OTRA,157.0,MOTOCICLISTA,25.0,FEMENINO,LESIONADO
2022.0,DITRA,CHOQUE,2022-03-19 00:00:00,,NOCHE,SÁBADO,VIA PALMASECA EL CERRITO,KM 10  + 850 MTS,RURAL,POLICIA,,,ADELANTAR CERRANDO,103.0,MOTOCICLISTA,47.0,MASCULINO,LESIONADO
2022.0,DITRA,CHOQUE,2022-03-19 00:00:00,,NOCHE,SÁBADO,VIA PALMASECA EL CERRITO,KM 10  + 850 MTS,RURAL,POLICIA,,,ADELANTAR CERRANDO,103.0,ACOMPAÑANTE MOTOCICLISTA,38.0,FEMENINO,LESIONADO
2022.0,DITRA,CHOQUE,2022-03-15 00:00:00,,NOCHE,MARTES,VIA CALI - PALMIRA SUR,KM 3 + 350 MTS,RURAL,POLICIA,,,NO MANTENER DISTANCIA SEGURIDAD,121.0,MOTOCICLISTA,58.0,MASCULINO,LESIONADO
2022.0,DITRA,CHOQUE,2022-03-15 00:00:00,,TARDE,MARTES,VIA  CANDELARIA - PALMIRA,KM 44 +510 MTS,RURAL,POLICIA,,,ADELANTAR INVADIENDO CARRIL,104,PASAJERO,61.0,MASCULINO,LESIONADO
2022.0,DITRA,CHOQUE,2022-03-12 00:00:00,,NOCHE,SÁBADO,VIA CENCAR -AEREOPUERTO,KM 12+  500 MTS,RURAL,POLICIA,,,NO MANTENER DISTANCIA SEGURIDAD,121.0,MOTOCICLISTA,62.0,MASCULINO,LESIONADO
2022.0,DITRA,CHOQUE,2022-03-11 00:00:00,,TARDE,VIERNES,VIA PALMASECA EL CERRITO,KM 7+ 450 MTS,RURAL,POLICIA,,,OTRA,157.0,CONDUCTOR,64.0,MASCULINO,LESIONADO
2022.0,DITRA,CHOQUE,2022-03-08 00:00:00,,MAÑANA,MARTES,VIA CALI - PALMIRA SUR,KM 9 + 300 MTS,RURAL,POLICIA,,,OTRA,157.0,MOTOCICLISTA,25.0,MASCULINO,LESIONADO
2022.0,DITRA,CHOQUE,2022-03-06 00:00:00,,MAÑANA,DOMINGO,VIA CALI - PALMIRA SUR,KM 9 + 300 MTS,RURAL,POLICIA,,,NO MANTENER DISTANCIA SEGURIDAD,121.0,MOTOCICLISTA,35.0,MASCULINO,LESIONADO
2022.0,DITRA,CHOQUE,2022-03-03 00:00:00,,MADRUGADA,JUEVES,VIA CALI - PALMIRA NORTE,KM 5 + 540 MTS,RURAL,POLICIA,,,NO MANTENER DISTANCIA SEGURIDAD,121.0,MOTOCICLISTA,33.0,MASCULINO,LESIONADO
2022.0,DITRA,CHOQUE,2022-03-02 00:00:00,,MAÑANA,MIÉRCOLES,VIA SUCROMIELES - EL CERRITO,KM 4 + 200 MTS,RURAL,POLICIA,,,OTRA,157.0,CONDUCTOR,42.0,MASCULINO,LESIONADO
2022.0,DITRA,ATROPELLO,2022-03-01 00:00:00,,NOCHE,MARTES,VIA  CANDELARIA - PALMIRA,KM 46 + 500 MTS,RURAL,POLICIA,,,ADELANTAR ZONA PROHIBIDAD,105.0,PEATÓN,55.0,MASCULINO,LESIONADO
2022.0,DITRA,CHOQUE,2022-05-09 00:00:00,,NOCHE,LUNES,VIA PALMASECA EL CERRITO,KM 6 + 100 MTS,RURAL,POLICIA,,,NO ESTAR ATENTO A LOS OBSTACULOS SOBRE LA VIA,157,MOTOCICLISTA,42.0,MASCULINO,MUERTO
2022.0,DITRA,CHOQUE,2022-04-29 00:00:00,,NOCHE,VIERNES,VIA PALMASECA EL CERRITO,KM 9 + 300 MTS,RURAL,POLICIA,,,ADELANTAR INVADIENDO CARRIL,104,MOTOCICLISTA,35.0,FEMENINO,LESIONADO
2022.0,DITRA,CHOQUE,2022-04-29 00:00:00,,NOCHE,SÁBADO,VIA PALMASECA EL CERRITO,KM 9 + 300 MTS,RURAL,POLICIA,,,ADELANTAR INVADIENDO CARRIL,104,ACOMPAÑANTE MOTOCICLISTA,42.0,MASCULINO,LESIONADO
2022.0,DITRA,CHOQUE,2022-04-26 00:00:00,,TARDE,MARTES,VIA CALI - PALMIRA SUR,KM 12 +  200 MTS,RURAL,POLICIA,,,NO MANTENER DISTANCIA SEGURIDAD,121.0,MOTOCICLISTA,19.0,MASCULINO,LESIONADO
2022.0,DITRA,ATROPELLO,2022-04-12 00:00:00,,TARDE,MIÉRCOLES,VIA  CANDELARIA - PALMIRA,KM 41+  760 MTS,RURAL,POLICIA,,,TRANSITAR POR SU DERECHA EN VÍAS RURALES,403.0,PEATÓN,22.0,FEMENINO,LESIONADO
2022.0,DITRA,CHOQUE,2022-04-08 00:00:00,,TARDE,VIERNES,VIA CENCAR -AEREOPUERTO,KM 2 +  330 MTS,RURAL,POLICIA,,,ADELANTAR POR LA DERECHA,102.0,MOTOCICLISTA,61.0,MASCULINO,LESIONADO
2022.0,DITRA,CHOQUE,2022-04-08 00:00:00,,MAÑANA,SÁBADO,VIA  CANDELARIA - PALMIRA,KM 43 + 400 MTS,RURAL,POLICIA,,,FRENAR BRUSCAMENTE,119.0,MOTOCICLISTA,38.0,MASCULINO,LESIONADO
2022.0,DITRA,ATROPELLO,2022-04-05 00:00:00,,NOCHE,MARTES,VIA CALI - PALMIRA SUR,KM 14  + 755 MTS,RURAL,POLICIA,,,CRUZAR SIN OBSERVAR,409.0,MOTOCICLISTA,42.0,MASCULINO,LESIONADO
2022.0,DITRA,ATROPELLO,2022-04-05 00:00:00,,NOCHE,MIÉRCOLES,VIA CALI - PALMIRA SUR,KM 14  + 755 MTS,RURAL,POLICIA,,,CRUZAR SIN OBSERVAR,409.0,ACOMPAÑANTE MOTOCICLISTA,35.0,FEMENINO,LESIONADO
2022.0,DITRA,ATROPELLO,2022-04-05 00:00:00,,NOCHE,JUEVES,VIA CALI - PALMIRA SUR,KM 14  + 755 MTS,RURAL,POLICIA,,,CRUZAR SIN OBSERVAR,409.0,PEATÓN,45.0,MASCULINO,LESIONADO
2022.0,DITRA,CHOQUE,2022-04-05 00:00:00,,TARDE,VIERNES,VIA SUCROMIELES - EL CERRITO,KM 7  + 200 MTS,RURAL,POLICIA,,,OTRA,157.0,MOTOCICLISTA,22.0,MASCULINO,LESIONADO
2022.0,DITRA,CHOQUE,2022-04-05 00:00:00,,TARDE,SÁBADO,VIA SUCROMIELES - EL CERRITO,KM 7  + 200 MTS,RURAL,POLICIA,,,OTRA,157.0,ACOMPAÑANTE MOTOCICLISTA,28.0,MASCULINO,LESIONADO
2022.0,DITRA,CHOQUE,2022-04-04 00:00:00,,MADRUGADA,LUNES,VIA  CANDELARIA - PALMIRA,KM 43,RURAL,POLICIA,,,EMBRIAGUEZ APARENTE,115.0,MOTOCICLISTA,33.0,MASCULINO,LESIONADO
2022.0,DITRA,CHOQUE,2022-04-04 00:00:00,,MADRUGADA,MARTES,VIA  CANDELARIA - PALMIRA,KM 41+  760 MTS,RURAL,POLICIA,,,EMBRIAGUEZ APARENTE,115.0,ACOMPAÑANTE MOTOCICLISTA,28.0,FEMENINO,LESIONADO
2022.0,DITRA,CHOQUE,2022-04-04 00:00:00,,TARDE,MIÉRCOLES,VIA CALI - PALMIRA NORTE,KM 0 800 MTS,RURAL,POLICIA,,,FALLAS EN LA LLANTA,201.0,MOTOCICLISTA,29.0,FEMENINO,LESIONADO
2022.0,DITRA,CHOQUE,2022-04-03 00:00:00,,TARDE,DOMINGO,VIA CALI - PALMIRA NORTE,KM 0 800 MTS,RURAL,POLICIA,,,NO MANTENER DISTANCIA SEGURIDAD,121.0,MOTOCICLISTA,21.0,MASCULINO,LESIONADO
2022.0,DITRA,CHOQUE,2022-05-28 00:00:00,,NOCHE,SÁBADO,VIA PALMIRA - AMAIME,KM 31,RURAL,POLICIA,,,INVADIR CARRIL SENTIDO CONTRARIO,157,NO APLICA,55.0,MASCULINO,NO APLICA
2022.0,DITRA,CHOQUE,2022-05-25 00:00:00,,MAÑANA,MIÉRCOLES,VIA PALMASECA EL CERRITO,KM 10 + 905 MTS,RURAL,POLICIA,,,INVADIR CARRIL SENTIDO CONTRARIO,157,ACOMPAÑANTE MOTOCICLISTA,36.0,MASCULINO,LESIONADO
2022.0,DITRA,CHOQUE,2022-05-29 00:00:00,,MADRUGADA,DOMINGO,VIA  CANDELARIA - PALMIRA,KM 42,RURAL,POLICIA,,,TRANSITAR CON LAS PUERTAS ABIERTAS,154.0,PEATÓN,26.0,MASCULINO,LESIONADO
2022.0,DITRA,CHOQUE,2022-05-28 00:00:00,,MADRUGADA,SÁBADO,VIA  CANDELARIA - PALMIRA,KM 44 +  600 MTS,RURAL,POLICIA,,,OTRA,157.0,CONDUCTOR,28.0,MASCULINO,LESIONADO
2022.0,DITRA,CHOQUE,2022-05-26 00:00:00,,NOCHE,JUEVES,VIA PALMASECA EL CERRITO,KM 8 +  600 MTS,RURAL,POLICIA,,,NO RESPETAR PRELACIÓN,132.0,MOTOCICLISTA,47.0,MASCULINO,LESIONADO
2022.0,DITRA,CHOQUE,2022-05-26 00:00:00,,TARDE,JUEVES,VIA CALI - PALMIRA SUR,KM 11 +  850 MTS,RURAL,POLICIA,,,TRANSPORTE DE CARGA SIN SEGURIDAD,151.0,MOTOCICLISTA,36.0,MASCULINO,LESIONADO
2022.0,DITRA,CHOQUE,2022-05-25 00:00:00,,TARDE,MIÉRCOLES,VIA CALI - PALMIRA SUR,KM 7 +  600 MTS,RURAL,POLICIA,,,OTRA,157.0,CONDUCTOR,45.0,MASCULINO,LESIONADO
2022.0,DITRA,CHOQUE,2022-05-24 00:00:00,,MAÑANA,MARTES,VIA PALMASECA EL CERRITO,KM 0 + 870 MTS,RURAL,POLICIA,,,NO MANTENER DISTANCIA SEGURIDAD,121.0,MOTOCICLISTA,58.0,MASCULINO,LESIONADO
2022.0,DITRA,CHOQUE,2022-05-18 00:00:00,,TARDE,MIÉRCOLES,VIA CALI - PALMIRA SUR,KM 0 +  800 MTS,RURAL,POLICIA,,,NO MANTENER DISTANCIA SEGURIDAD,121.0,MOTOCICLISTA,36.0,FEMENINO,LESIONADO
2022.0,DITRA,CHOQUE,2022-05-18 00:00:00,,TARDE,MIÉRCOLES,VIA PALMASECA EL CERRITO,KM 0,RURAL,POLICIA,,,NO MANTENER DISTANCIA SEGURIDAD,121.0,CONDUCTOR,33.0,MASCULINO,LESIONADO
2022.0,DITRA,CHOQUE,2022-05-16 00:00:00,,MADRUGADA,LUNES,VIA CALI - PALMIRA SUR,KM 1 +  800MTS,RURAL,POLICIA,,,NO MANTENER DISTANCIA SEGURIDAD,121.0,ACOMPAÑANTE MOTOCICLISTA,47.0,FEMENINO,LESIONADO
2022.0,DITRA,CHOQUE,2022-05-08 00:00:00,,MADRUGADA,DOMINGO,VIA SUCROMIELES - EL CERRITO,KM 5,RURAL,POLICIA,,,OTRA,157.0,CONDUCTOR,61.0,MASCULINO,LESIONADO
2022.0,DITRA,CHOQUE,2022-05-08 00:00:00,,MADRUGADA,DOMINGO,VIA SUCROMIELES - EL CERRITO,KM 5,RURAL,POLICIA,,,OTRA,157.0,ACOMPAÑANTE CONDUCTOR,29.0,MASCULINO,LESIONADO
2022.0,DITRA,CHOQUE,2022-05-06 00:00:00,,NOCHE,VIERNES,VIA CALI - PALMIRA NORTE,KM 15 +  860 MTS,RURAL,POLICIA,,,NO MANTENER DISTANCIA SEGURIDAD,121.0,MOTOCICLISTA,41.0,MASCULINO,LESIONADO
2022.0,DITRA,CHOQUE,2022-05-04 00:00:00,,TARDE,MIÉRCOLES,VIA CALI - PALMIRA SUR,KM 17 +  900 MTS,RURAL,POLICIA,,,TRANSITAR POR LA CALZADA  PEATON,404.0,MOTOCICLISTA,57.0,MASCULINO,LESIONADO
2022.0,DITRA,CHOQUE,2022-05-04 00:00:00,,TARDE,MIÉRCOLES,VIA CALI - PALMIRA SUR,KM 17 +  900 MTS,RURAL,POLICIA,,,TRANSITAR POR LA CALZADA  PEATON,404.0,PEATÓN,52.0,MASCULINO,LESIONADO
2022.0,DITRA,CHOQUE,2022-06-30 00:00:00,,NOCHE,JUEVES,VIA PALMASECA EL CERRITO,KM 21,RURAL,POLICIA,,,NO MANTENER DISTANCIA SEGURIDAD,121.0,PASAJERO,23.0,FEMENINO,LESIONADO
2022.0,DITRA,CHOQUE,2022-06-30 00:00:00,,NOCHE,JUEVES,VIA PALMASECA EL CERRITO,KM 21,RURAL,POLICIA,,,NO MANTENER DISTANCIA SEGURIDAD,121.0,PASAJERO,35.0,MASCULINO,LESIONADO
2022.0,DITRA,CHOQUE,2022-06-30 00:00:00,,NOCHE,JUEVES,VIA PALMASECA EL CERRITO,KM 21,RURAL,POLICIA,,,NO MANTENER DISTANCIA SEGURIDAD,121.0,PASAJERO,48.0,MASCULINO,LESIONADO
2022.0,DITRA,CHOQUE,2022-06-30 00:00:00,,NOCHE,JUEVES,VIA PALMASECA EL CERRITO,KM 21,RURAL,POLICIA,,,NO MANTENER DISTANCIA SEGURIDAD,121.0,PASAJERO,21.0,FEMENINO,LESIONADO
2022.0,DITRA,CHOQUE,2022-06-30 00:00:00,,NOCHE,JUEVES,VIA PALMASECA EL CERRITO,KM 21,RURAL,POLICIA,,,NO MANTENER DISTANCIA SEGURIDAD,121.0,PASAJERO,20.0,MASCULINO,LESIONADO
2022.0,DITRA,VOLCAMIENTO,2022-06-27 00:00:00,,NOCHE,LUNES,VIA PALMASECA EL CERRITO,KM 9 +  200 MTS,RURAL,POLICIA,,,SALIRSE DE LA CALZADA,131.0,CONDUCTOR,18.0,FEMENINO,LESIONADO
2022.0,DITRA,CHOQUE,2022-06-27 00:00:00,,NOCHE,LUNES,VIA CALI - PALMIRA SUR,KM 8  + 960 MTS,RURAL,POLICIA,,,OTRA,157.0,MOTOCICLISTA,19.0,FEMENINO,LESIONADO
2022.0,DITRA,CHOQUE,2022-06-27 00:00:00,,NOCHE,LUNES,VIA CALI - PALMIRA SUR,KM 3 +  360 MTS,RURAL,POLICIA,,,NO MANTENER DISTANCIA SEGURIDAD,121.0,MOTOCICLISTA,47.0,MASCULINO,LESIONADO
2022.0,DITRA,CHOQUE,2022-06-27 00:00:00,,NOCHE,LUNES,VIA CALI - PALMIRA SUR,KM 3 +  360 MTS,RURAL,POLICIA,,,NO MANTENER DISTANCIA SEGURIDAD,121.0,MOTOCICLISTA,42.0,MASCULINO,LESIONADO
2022.0,DITRA,CHOQUE,2022-06-25 00:00:00,,MADRUGADA,SÁBADO,VIA PALMIRA - AMAIME,KM 29 +  50 MTS,RURAL,POLICIA,,,TRANSITAR EN CONTRA VIA,127.0,CONDUCTOR,65.0,MASCULINO,LESIONADO
2022.0,DITRA,CHOQUE,2022-06-24 00:00:00,,NOCHE,VIERNES,VIA CALI - PALMIRA NORTE,KM 11 +  67  MTS,RURAL,POLICIA,,,OTRA,157.0,ACOMPAÑANTE MOTOCICLISTA,48.0,MASCULINO,LESIONADO
2022.0,DITRA,CHOQUE,2022-06-21 00:00:00,,TARDE,MARTES,VIA CALI - PALMIRA SUR,KM 14  + 375 MTS,RURAL,POLICIA,,,FALTA DE SEÑALES EN VEHÍCULO VARADO,137.0,MOTOCICLISTA,55.0,MASCULINO,LESIONADO
2022.0,DITRA,CHOQUE,2022-06-18 00:00:00,,NOCHE,SÁBADO,VIA CALI - PALMIRA NORTE,KM 26 +  800  MTS,RURAL,POLICIA,,,"FALTA DE PRECAUCION POR NIEBLA, LLUVIA O HUMO",138.0,MOTOCICLISTA,51.0,MASCULINO,LESIONADO
2022.0,DITRA,CHOQUE,2022-06-18 00:00:00,,NOCHE,SÁBADO,VIA CALI - PALMIRA NORTE,KM 26 +  800  MTS,RURAL,POLICIA,,,"FALTA DE PRECAUCION POR NIEBLA, LLUVIA O HUMO",138.0,ACOMPAÑANTE MOTOCICLISTA,24.0,FEMENINO,LESIONADO
2022.0,DITRA,CHOQUE,2022-06-18 00:00:00,,NOCHE,SÁBADO,VIA PALMASECA EL CERRITO,KM 15 +  750 MTS,RURAL,POLICIA,,,NO RESPETAR PRELACIÓN,132.0,ACOMPAÑANTE MOTOCICLISTA,21.0,MASCULINO,LESIONADO
2022.0,DITRA,CHOQUE,2022-06-18 00:00:00,,TARDE,SÁBADO,VIA PALMASECA EL CERRITO,KM 20 +  600 MTS,RURAL,POLICIA,,,OTRA,157.0,CONDUCTOR,65.0,MASCULINO,LESIONADO
2022.0,DITRA,CHOQUE,2022-06-15 00:00:00,,TARDE,MIÉRCOLES,VIA CALI - PALMIRA SUR,KM 1 +  620 MTS,RURAL,POLICIA,,,NO MANTENER DISTANCIA SEGURIDAD,121.0,MOTOCICLISTA,29.0,FEMENINO,LESIONADO
2022.0,DITRA,CHOQUE,2022-06-12 00:00:00,,MADRUGADA,DOMINGO,VIA PALMIRA - AMAIME,KM 25+ 500 MTS,RURAL,POLICIA,,,GIRAR BRUSCAMENTE,122.0,MOTOCICLISTA,33.0,MASCULINO,LESIONADO
2022.0,DITRA,CHOQUE,2022-06-07 00:00:00,,TARDE,MARTES,VIA CALI - PALMIRA NORTE,KM 1+  980 MTS,RURAL,POLICIA,,,TRANSITAR DISTANTE DE LA ACERA U ORILLA DE LA CALZADA.,157.0,CICLISTA,41.0,MASCULINO,LESIONADO
2022.0,DITRA,CHOQUE,2022-06-05 00:00:00,,MADRUGADA,DOMINGO,VIA CALI - PALMIRA NORTE,KM 11+ 600 MTS,RURAL,POLICIA,,,NO MANTENER DISTANCIA SEGURIDAD,121.0,CONDUCTOR,32.0,MASCULINO,LESIONADO
2022.0,DITRA,CHOQUE,2022-06-05 00:00:00,,MADRUGADA,DOMINGO,VIA CALI - PALMIRA NORTE,KM 11+ 600 MTS,RURAL,POLICIA,,,NO MANTENER DISTANCIA SEGURIDAD,121.0,ACOMPAÑANTE CONDUCTOR,45.0,FEMENINO,LESIONADO
2022.0,DITRA,CHOQUE,2022-06-04 00:00:00,,MAÑANA,SÁBADO,VIA CALI - PALMIRA SUR,KM 14 +  450 MTS,RURAL,POLICIA,,,OTRA,157.0,CONDUCTOR,21.0,MASCULINO,LESIONADO
2022.0,DITRA,CHOQUE,2022-06-04 00:00:00,,MAÑANA,SÁBADO,VIA CALI - PALMIRA SUR,KM 14 +  450 MTS,RURAL,POLICIA,,,OTRA,157.0,ACOMPAÑANTE CONDUCTOR,27.0,MASCULINO,LESIONADO
2022.0,DITRA,CHOQUE,2022-06-01 00:00:00,,TARDE,MIÉRCOLES,VIA CALI - PALMIRA SUR,KM 8+  800 MTS,RURAL,POLICIA,,,NO MANTENER DISTANCIA SEGURIDAD,121.0,MOTOCICLISTA,55.0,MASCULINO,LESIONADO
2022.0,DITRA,CHOQUE,2022-07-27 00:00:00,,NOCHE,MIÉRCOLES,VIA CALI - PALMIRA SUR,KM 18  + 500 MTS,RURAL,POLICIA,,,OBSTÁCULOS EN LA VÍA,305.0,MOTOCICLISTA,42.0,MASCULINO,LESIONADO
2022.0,DITRA,CHOQUE,2022-07-27 00:00:00,,NOCHE,MIÉRCOLES,VIA CALI - PALMIRA SUR,KM 18  + 500 MTS,RURAL,POLICIA,,,OBSTÁCULOS EN LA VÍA,305.0,ACOMPAÑANTE MOTOCICLISTA,35.0,MASCULINO,LESIONADO
2022.0,DITRA,CHOQUE,2022-07-26 00:00:00,,MAÑANA,MARTES,VIA CALI - PALMIRA SUR,KM  12 +  295 MTS,RURAL,POLICIA,,,NO MANTENER DISTANCIA SEGURIDAD,121.0,CICLISTA,19.0,MASCULINO,LESIONADO
2022.0,DITRA,CHOQUE,2022-07-26 00:00:00,,MAÑANA,MARTES,VIA CALI - PALMIRA SUR,KM  12 +  295 MTS,RURAL,POLICIA,,,NO MANTENER DISTANCIA SEGURIDAD,121.0,MOTOCICLISTA,22.0,MASCULINO,LESIONADO
2022.0,DITRA,CHOQUE,2022-07-22 00:00:00,,MAÑANA,VIERNES,VIA PALMIRA CANDELARIA,KM 43 +190 MTS,RURAL,POLICIA,,,ADELANTAR POR LA DERECHA,102.0,MOTOCICLISTA,61.0,FEMENINO,LESIONADO
2022.0,DITRA,CHOQUE,2022-07-22 00:00:00,,MAÑANA,VIERNES,VIA PALMIRA CANDELARIA,KM 43 +190 MTS,RURAL,POLICIA,,,ADELANTAR POR LA DERECHA,102.0,NO APLICA,57.0,MASCULINO,NO APLICA
2022.0,DITRA,CHOQUE,2022-07-22 00:00:00,,MAÑANA,VIERNES,VIA PALMIRA CANDELARIA,KM 43 +190 MTS,RURAL,POLICIA,,,ADELANTAR POR LA DERECHA,102.0,NO APLICA,66.0,MASCULINO,NO APLICA
2022.0,DITRA,CHOQUE,2022-07-17 00:00:00,,TARDE,DOMINGO,VIA PALMIRA CANDELARIA,KM 43 +190 MTS,RURAL,POLICIA,,,VEHÍCULO MAL ESTACIONADO,141.0,NO APLICA,33.0,MASCULINO,NO APLICA
2022.0,DITRA,CHOQUE,2022-07-17 00:00:00,,TARDE,DOMINGO,VIA PALMIRA CANDELARIA,KM 43 +190 MTS,RURAL,POLICIA,,,VEHÍCULO MAL ESTACIONADO,141.0,MOTOCICLISTA,24.0,MASCULINO,LESIONADO
2022.0,DITRA,CHOQUE,2022-07-17 00:00:00,,MADRUGADA,DOMINGO,VIA CALI - PALMIRA NORTE,KM 18,RURAL,POLICIA,,,OTRA,157.0,CONDUCTOR,33.0,FEMENINO,LESIONADO