a_o,ipat,clase_siniestro,fecha,hora,jornada,dia_semana,barrios_corregimiento_via,direccion,zona,autoridad,lat,long,hipotesis,codigo,condicion_de_la_victima,edad,genero,lesionados_y_muertos
2022.0,DITRA,CHOQUE,2022-07-17 00:00:00,,MADRUGADA,DOMINGO,VIA CALI - PALMIRA NORTE,KM 18,RURAL,POLICIA,,,OTRA,157.0,ACOMPAÑANTE CONDUCTOR,21.0,FEMENINO,LESIONADO
2022.0,DITRA,CHOQUE,2022-07-17 00:00:00,,TARDE,DOMINGO,VIA PALMIRA CANDELARIA,KM 42 + 235 MTS,RURAL,POLICIA,,,VEHÍCULO MAL ESTACIONADO,141.0,ACOMPAÑANTE MOTOCICLISTA,28.0,FEMENINO,LESIONADO
2022.0,DITRA,CHOQUE,2022-07-17 00:00:00,,TARDE,DOMINGO,VIA PALMIRA CANDELARIA,KM 42 + 235 MTS,RURAL,POLICIA,,,VEHÍCULO MAL ESTACIONADO,141.0,ACOMPAÑANTE MOTOCICLISTA,45.0,MASCULINO,LESIONADO
2022.0,DITRA,CHOQUE,2022-07-15 00:00:00,,NOCHE,VIERNES,VIA CALI - PALMIRA SUR,KM 1  + 500 MTS,RURAL,POLICIA,,,NO MANTENER DISTANCIA SEGURIDAD,121.0,NO APLICA,48.0,MASCULINO,NO APLICA
2022.0,DITRA,CHOQUE,2022-07-15 00:00:00,,NOCHE,VIERNES,VIA CALI - PALMIRA SUR,KM 1  + 500 MTS,RURAL,POLICIA,,,NO MANTENER DISTANCIA SEGURIDAD,121.0,MOTOCICLISTA,36.0,MASCULINO,LESIONADO
2022.0,DITRA,CHOQUE,2022-07-15 00:00:00,,NOCHE,VIERNES,VIA CALI - PALMIRA SUR,KM 1  + 500 MTS,RURAL,POLICIA,,,NO MANTENER DISTANCIA SEGURIDAD,121.0,ACOMPAÑANTE MOTOCICLISTA,22.0,MASCULINO,LESIONADO
2022.0,DITRA,CHOQUE,2022-07-12 00:00:00,,TARDE,MARTES,VIA CALI - PALMIRA NORTE,KM 0  + 750 MTS,RURAL,POLICIA,,,OTRA,157.0,CICLISTA,20.0,FEMENINO,LESIONADO
2022.0,DITRA,CHOQUE,2022-07-12 00:00:00,,TARDE,MARTES,VIA CALI - PALMIRA NORTE,KM 0  + 750 MTS,RURAL,POLICIA,,,OTRA,157.0,NO APLICA,19.0,FEMENINO,NO APLICA
2022.0,DITRA,CHOQUE,2022-07-11 00:00:00,,TARDE,LUNES,VIA CENCAR -AEREOPUERTO,KM 11 +  500  MTS,RURAL,POLICIA,,,OTRA,157.0,MOTOCICLISTA,47.0,FEMENINO,LESIONADO
2022.0,DITRA,CHOQUE,2022-07-11 00:00:00,,TARDE,LUNES,VIA SUCROMIELES - EL CERRITO,KM 13 + 400 MTS,RURAL,POLICIA,,,OTRA,157.0,NO APLICA,51.0,MASCULINO,NO APLICA
2022.0,DITRA,CHOQUE,2022-07-11 00:00:00,,TARDE,LUNES,VIA SUCROMIELES - EL CERRITO,KM 13 + 400 MTS,RURAL,POLICIA,,,OTRA,157.0,ACOMPAÑANTE CONDUCTOR,38.0,MASCULINO,LESIONADO
2022.0,DITRA,CHOQUE,2022-07-10 00:00:00,,MAÑANA,DOMINGO,VIA CALI - PALMIRA SUR,KM 2 + 350 MTS,RURAL,POLICIA,,,OTRA,157.0,CICLISTA,39.0,FEMENINO,LESIONADO
2022.0,DITRA,CHOQUE,2022-07-10 00:00:00,,MAÑANA,DOMINGO,VIA CALI - PALMIRA SUR,KM 2 + 350 MTS,RURAL,POLICIA,,,OTRA,157.0,MOTOCICLISTA,41.0,MASCULINO,LESIONADO
2022.0,DITRA,CHOQUE,2022-07-08 00:00:00,,MAÑANA,VIERNES,VIA CALI - PALMIRA SUR,KM 8,RURAL,POLICIA,,,ARRANCAR SIN PRECAUCION,145.0,NO APLICA,49.0,MASCULINO,NO APLICA
2022.0,DITRA,CHOQUE,2022-07-08 00:00:00,,MAÑANA,VIERNES,VIA CALI - PALMIRA SUR,KM 8,RURAL,POLICIA,,,ARRANCAR SIN PRECAUCION,145.0,PEATÓN,51.0,MASCULINO,LESIONADO
2022.0,DITRA,CHOQUE,2022-07-08 00:00:00,,MADRUGADA,VIERNES,VIA CALI - PALMIRA SUR,KM 13 + 900  MTS,RURAL,POLICIA,,,OTRA,157.0,CONDUCTOR,24.0,MASCULINO,LESIONADO
2022.0,DITRA,CHOQUE,2022-07-07 00:00:00,,TARDE,JUEVES,VIA PALMIRA CANDELARIA,KM 46 + 900 MTS,RURAL,POLICIA,,,OTRA,157.0,MOTOCICLISTA,29.0,MASCULINO,LESIONADO
2022.0,DITRA,CHOQUE,2022-07-07 00:00:00,,TARDE,JUEVES,VIA PALMIRA CANDELARIA,KM 46 + 900 MTS,RURAL,POLICIA,,,OTRA,157.0,NO APLICA,37.0,MASCULINO,NO APLICA
2022.0,DITRA,CHOQUE,2022-07-07 00:00:00,,MAÑANA,JUEVES,VIA CALI - PALMIRA NORTE,KM 7 +  700 MTS,RURAL,POLICIA,,,REVERSO IMPRUDENTE,134.0,MOTOCICLISTA,44.0,MASCULINO,LESIONADO
2022.0,DITRA,CHOQUE,2022-07-07 00:00:00,,MAÑANA,JUEVES,VIA CALI - PALMIRA NORTE,KM 7 +  700 MTS,RURAL,POLICIA,,,REVERSO IMPRUDENTE,134.0,NO APLICA,54.0,FEMENINO,NO APLICA
2022.0,DITRA,CHOQUE,2022-07-07 00:00:00,,TARDE,JUEVES,VIA CALI - PALMIRA SUR,KM 18 + 300 MTS,RURAL,POLICIA,,,REVERSO IMPRUDENTE,134.0,MOTOCICLISTA,25.0,MASCULINO,LESIONADO
2022.0,DITRA,CHOQUE,2022-07-07 00:00:00,,TARDE,JUEVES,VIA CALI - PALMIRA SUR,KM 18 + 300 MTS,RURAL,POLICIA,,,REVERSO IMPRUDENTE,134.0,NO APLICA,29.0,MASCULINO,NO APLICA
2022.0,DITRA,CHOQUE,2022-07-06 00:00:00,,MAÑANA,MIÉRCOLES,VIA PALMASECA EL CERRITO,KM 13  + 200  MTS,RURAL,POLICIA,,,NO RESPETAR PRELACIÓN,132.0,NO APLICA,64.0,MASCULINO,NO APLICA
2022.0,DITRA,CHOQUE,2022-07-06 00:00:00,,MAÑANA,MIÉRCOLES,VIA PALMASECA EL CERRITO,KM 13  + 200  MTS,RURAL,POLICIA,,,NO RESPETAR PRELACIÓN,132.0,NO APLICA,71.0,MASCULINO,NO APLICA
2022.0,DITRA,CHOQUE,2022-07-06 00:00:00,,MAÑANA,MIÉRCOLES,VIA PALMASECA EL CERRITO,KM 13  + 200  MTS,RURAL,POLICIA,,,NO RESPETAR PRELACIÓN,132.0,ACOMPAÑANTE MOTOCICLISTA,55.0,FEMENINO,LESIONADO
2022.0,DITRA,CHOQUE,2022-07-05 00:00:00,,NOCHE,MARTES,VIA CALI - PALMIRA SUR,KM 7 +  830 MTS,RURAL,POLICIA,,,OTRA,157.0,NO APLICA,62.0,MASCULINO,NO APLICA
2022.0,DITRA,CHOQUE,2022-07-05 00:00:00,,NOCHE,MARTES,VIA CALI - PALMIRA SUR,KM 7 +  830 MTS,RURAL,POLICIA,,,OTRA,157.0,ACOMPAÑANTE CONDUCTOR,24.0,FEMENINO,LESIONADO
2022.0,DITRA,CHOQUE,2022-07-01 00:00:00,,MAÑANA,VIERNES,VIA CALI - PALMIRA SUR,KM 6 + 900  MTS,RURAL,POLICIA,,,CRUZAR SIN OBSERVAR,409.0,MOTOCICLISTA,31.0,MASCULINO,LESIONADO
2022.0,DITRA,ATROPELLO,2022-08-30 00:00:00,,MAÑANA,MARTES,VIA PALMIRA - AMAIME,KM 29 + 170 MTS,RURAL,POLICIA,,,TRANSITAR DISTANTE DE LA ACERA U ORILLA DE LA CALZADA.,404.0,PEATÓN,28.0,MASCULINO,LESIONADO
2022.0,DITRA,CHOQUE,2022-08-28 00:00:00,,MAÑANA,DOMINGO,VIA CALI - PALMIRA SUR,KM 15 + 400 MTS,RURAL,POLICIA,,,OTRA,157.0,CONDUCTOR,32.0,MASCULINO,LESIONADO
2022.0,DITRA,CHOQUE,2022-08-26 00:00:00,,MAÑANA,VIERNES,VIA PALMASECA EL CERRITO,KM 10 +  450 MTS,RURAL,POLICIA,,,OTRA,157.0,MOTOCICLISTA,39.0,MASCULINO,LESIONADO
2022.0,DITRA,CHOQUE,2022-08-23 00:00:00,,MAÑANA,MARTES,VIA PALMIRA - AMAIME,KM 26 + 750 MTS,RURAL,POLICIA,,,NO RESPETAR PRELACIÓN,132.0,MOTOCICLISTA,47.0,MASCULINO,LESIONADO
2022.0,DITRA,CHOQUE,2022-08-14 00:00:00,,MADRUGADA,DOMINGO,VIA CENCAR -AEREOPUERTO,KM 14 +  800 MTS,RURAL,POLICIA,,,NO MANTENER DISTANCIA SEGURIDAD,121.0,MOTOCICLISTA,41.0,MASCULINO,LESIONADO
2022.0,DITRA,CHOQUE,2022-08-13 00:00:00,,NOCHE,SÁBADO,VIA PALMASECA EL CERRITO,KM 20 + 800 MTS,RURAL,POLICIA,,,OTRA,157.0,CONDUCTOR,52.0,MASCULINO,LESIONADO
2022.0,DITRA,CHOQUE,2022-08-13 00:00:00,,MADRUGADA,SÁBADO,VIA PALMASECA EL CERRITO,KM 24 + 550 MTS,RURAL,POLICIA,,,OTRA,157.0,CONDUCTOR,56.0,MASCULINO,LESIONADO
2022.0,DITRA,CHOQUE,2022-08-13 00:00:00,,MADRUGADA,SÁBADO,VIA PALMASECA EL CERRITO,KM 24 + 550 MTS,RURAL,POLICIA,,,OTRA,157.0,ACOMPAÑANTE MOTOCICLISTA,61.0,FEMENINO,LESIONADO
2022.0,DITRA,CHOQUE,2022-08-13 00:00:00,,NOCHE,SÁBADO,VIA SUCROMIELES - EL CERRITO,KM 5 + 300 MTS,RURAL,POLICIA,,,POR ESTABLECER,157.0,MOTOCICLISTA,25.0,MASCULINO,LESIONADO
2022.0,DITRA,CHOQUE,2022-08-13 00:00:00,,NOCHE,SÁBADO,VIA SUCROMIELES - EL CERRITO,KM 5 + 300 MTS,RURAL,POLICIA,,,POR ESTABLECER,157.0,ACOMPAÑANTE MOTOCICLISTA,29.0,FEMENINO,LESIONADO
2022.0,DITRA,CHOQUE,2022-08-07 00:00:00,,NOCHE,DOMINGO,VIA PALMIRA - AMAIME,KM 27 + 200 MTS,RURAL,POLICIA,,,NO MANTENER DISTANCIA SEGURIDAD,121.0,ACOMPAÑANTE MOTOCICLISTA,33.0,FEMENINO,LESIONADO
2022.0,DITRA,CHOQUE,2022-08-05 00:00:00,,NOCHE,VIERNES,VIA CALI - PALMIRA SUR,KM 10 + 500 MTS,RURAL,POLICIA,,,NO RESPETAR PRELACIÓN,132.0,MOTOCICLISTA,45.0,MASCULINO,LESIONADO
2022.0,DITRA,ATROPELLO,2022-09-18 00:00:00,,MADRUGADA,DOMINGO,VIA PALMIRA - AMAIME,KM 28,RURAL,POLICIA,,,TRANSITAR DISTANTE DE LA ACERA U ORILLA DE LA CALZADA.,157.0,MOTOCICLISTA,45.0,MASCULINO,LESIONADO
2022.0,DITRA,ATROPELLO,2022-09-18 00:00:00,,MADRUGADA,DOMINGO,VIA PALMIRA - AMAIME,KM 28,RURAL,POLICIA,,,TRANSITAR DISTANTE DE LA ACERA U ORILLA DE LA CALZADA.,157.0,PEATÓN,52.0,MASCULINO,LESIONADO
2022.0,DITRA,CHOQUE,2022-09-17 00:00:00,,TARDE,SÁBADO,VIA PALMASECA EL CERRITO,KM 4 +  150 MTS,RURAL,POLICIA,,,OTRA,157.0,ACOMPAÑANTE CONDUCTOR,32.0,FEMENINO,LESIONADO
2022.0,DITRA,CHOQUE,2022-09-10 00:00:00,,TARDE,SÁBADO,VIA PALMASECA EL CERRITO,KM 16 +  250 MTS,RURAL,POLICIA,,,ARRANCAR SIN PRECAUCION,145.0,MOTOCICLISTA,39.0,FEMENINO,LESIONADO
2022.0,DITRA,CHOQUE,2022-09-10 00:00:00,,TARDE,SÁBADO,VIA PALMIRA - AMAIME,KM 28 +400,RURAL,POLICIA,,,GIRAR BRUSCAMENTE,122.0,MOTOCICLISTA,44.0,MASCULINO,LESIONADO
2022.0,DITRA,CHOQUE,2022-09-09 00:00:00,,MAÑANA,VIERNES,VIA PALMIRA - AMAIME,KM 30,RURAL,POLICIA,,,NO RESPETAR PRELACIÓN,132.0,MOTOCICLISTA,65.0,MASCULINO,LESIONADO
2022.0,DITRA,CHOQUE,2022-09-09 00:00:00,,MAÑANA,VIERNES,VIA PALMIRA - AMAIME,KM 30,RURAL,POLICIA,,,NO RESPETAR PRELACIÓN,132.0,MOTOCICLISTA,42.0,MASCULINO,LESIONADO
2022.0,DITRA,CHOQUE,2022-09-05 00:00:00,,MAÑANA,LUNES,VIA  CANDELARIA - PALMIRA,KM 42  + 500 MTS,RURAL,POLICIA,,,ADELANTAR INVADIENDO CARRIL,104.0,MOTOCICLISTA,22.0,MASCULINO,LESIONADO
2022.0,DITRA,CHOQUE,2022-10-25 00:00:00,,MAÑANA,MARTES,VIA PALMASECA EL CERRITO,KM 3,RURAL,POLICIA,,,NO MANTENER DISTANCIA SEGURIDAD,121,MOTOCICLISTA,25.0,FEMENINO,LESIONADO
2022.0,DITRA,CHOQUE,2022-10-23 00:00:00,,MAÑANA,DOMINGO,VIA  PALMIRA -AMAIME,KM 25 + 500 MTS,RURAL,POLICIA,,,ADELANTAR INVADIENDO CARRIL,104,CONDUCTOR,35.0,MASCULINO,LESIONADO
2022.0,DITRA,CHOQUE,2022-10-10 00:00:00,,TARDE,LUNES,VIA SUCROMIELES - EL CERRITO,KM 11 +  850 MTS,RURAL,POLICIA,,,OTRA,157,CONDUCTOR,41.0,MASCULINO,LESIONADO
2022.0,DITRA,CHOQUE,2022-10-10 00:00:00,,TARDE,LUNES,VIA SUCROMIELES - EL CERRITO,KM 11 +  850 MTS,RURAL,POLICIA,,,OTRA,157,ACOMPAÑANTE CONDUCTOR,22.0,MASCULINO,LESIONADO
2022.0,DITRA,CHOQUE,2022-10-08 00:00:00,,NOCHE,SÁBADO,VIA SUCROMIELES - EL CERRITO,KM 13 +  700 MTS,RURAL,POLICIA,,,ADELANTAR INVADIENDO CARRIL,104,MOTOCICLISTA,38.0,MASCULINO,LESIONADO
2022.0,DITRA,CHOQUE,2022-10-08 00:00:00,,NOCHE,SÁBADO,VIA SUCROMIELES - EL CERRITO,KM 13 +  700 MTS,RURAL,POLICIA,,,ADELANTAR INVADIENDO CARRIL,104,ACOMPAÑANTE MOTOCICLISTA,29.0,FEMENINO,LESIONADO
2022.0,DITRA,CHOQUE,2022-10-07 00:00:00,,NOCHE,VIERNES,VIA CALI - PALMIRA SUR,KM 0 +  250 MTS,RURAL,POLICIA,,,TRANSITAR EN CONTRA VIA,127,ACOMPAÑANTE MOTOCICLISTA,31.0,FEMENINO,LESIONADO
2022.0,DITRA,CHOQUE,2022-10-03 00:00:00,,MADRUGADA,LUNES,VIA  PALMIRA -AMAIME,KM 27  + 200 MTS,RURAL,POLICIA,,,IMPERICIA EN EL MANEJO,139,MOTOCICLISTA,44.0,MASCULINO,LESIONADO
2022.0,DITRA,CHOQUE,2022-10-02 00:00:00,,MADRUGADA,DOMINGO,VIA PALMASECA EL CERRITO,KM 13,RURAL,POLICIA,,,NO RESPETAR PRELACIÓN,132,MOTOCICLISTA,51.0,MASCULINO,LESIONADO
2022.0,DITRA,CHOQUE,2022-10-02 00:00:00,,MADRUGADA,DOMINGO,VIA PALMASECA EL CERRITO,KM 13,RURAL,POLICIA,,,NO RESPETAR PRELACIÓN,132,MOTOCICLISTA,33.0,MASCULINO,LESIONADO
2022.0,DITRA,CHOQUE,2022-10-02 00:00:00,,MADRUGADA,DOMINGO,VIA PALMASECA EL CERRITO,KM 13,RURAL,POLICIA,,,NO RESPETAR PRELACIÓN,132,ACOMPAÑANTE MOTOCICLISTA,19.0,MASCULINO,LESIONADO
2022.0,DITRA,CHOQUE,2022-10-02 00:00:00,,MADRUGADA,DOMINGO,VIA PALMASECA EL CERRITO,KM 13,RURAL,POLICIA,,,NO RESPETAR PRELACIÓN,132,ACOMPAÑANTE MOTOCICLISTA,25.0,MASCULINO,LESIONADO
2022.0,8710.0,CHOQUE,2022-03-20 00:00:00,,MADRUGADA,DOMINGO,VERSALLES,CARRERA 28 CALLE 42,URBANA,TECNICO,,,INVADIR LINEA CONTINUA,157.0,NO APLICA,19.0,MASCULINO,NO APLICA
2022.0,9016.0,CHOQUE,2022-06-19 00:00:00,,TARDE,DOMINGO,URIBE,CALLE 31 CARRERA 23,URBANA,TECNICO,,,SEMAFORO EN ROJO,142.0,MOTOCICLISTA,61.0,MASCULINO,NO APLICA
2022.0,9207.0,ATROPELLO,2022-08-30 00:00:00,,TARDE,MARTES,TRINIDAD,CARRERA 24 CALLE 28-19,URBANA,TECNICO,,,CRUZAR SIN OBSERVAR,409.0,NO APLICA,69.0,MASCULINO,NO APLICA
2022.0,9176.0,CHOQUE,2022-08-13 00:00:00,,NOCHE,SÁBADO,CENTRO,CALLE 31 CARRERA 32,URBANA,TECNICO,,,SEMAFORO EN ROJO,142.0,MOTOCICLISTA,39.0,MASCULINO,LESIONADO
2022.0,9232.0,CHOQUE,2022-09-13 00:00:00,,MAÑANA,MARTES,COLOMBIA,CALLE 38 CARRERA 29,URBANA,TECNICO,,,NO RESPETAR PRELACIÓN,132.0,NO APLICA,49.0,MASCULINO,NO APLICA
2022.0,8610.0,ATROPELLO,2022-02-21 00:00:00,,TARDE,LUNES,SAN PEDRO,CALLE 35 CARRERA 12-09,URBANA,TECNICO,,,TRANSITAR POR LA CALZADA  PEATON,404.0,PEATÓN,74.0,FEMENINO,LESIONADO
2022.0,8754.0,CHOQUE,2022-04-02 00:00:00,,MADRUGADA,SÁBADO,TRINIDAD,CALLE 31 CARRERA 20,URBANA,TECNICO,,,DESOBEDECER SEÑAL DE PARE,112.0,MOTOCICLISTA,30.0,MASCULINO,LESIONADO
2022.0,9171.0,CHOQUE,2022-08-08 00:00:00,,TARDE,LUNES,SESQUI,CALLE 10 CARRERA 25A,URBANA,TECNICO,,,NO ESTAR PENDIENTE DE LA VIA,157.0,ACOMPAÑANTE MOTOCICLISTA,48.0,MASCULINO,LESIONADO
2022.0,HOSPITALARIO,VOLCAMIENTO,2022-03-27 00:00:00,,TARDE,DOMINGO,NO APLICA,NO APLICA,URBANA,TECNICO,,,POR ESTABLECER,157,ACOMPAÑANTE MOTOCICLISTA,56.0,FEMENINO,MUERTO
2022.0,9157.0,ATROPELLO,2022-08-02 00:00:00,,TARDE,MIÉRCOLES,SANTA RITA,CALLE 33 CARRERA 27,URBANA,TECNICO,,,FALLAS EN LA DIRECCION,203.0,NO APLICA,79.0,MASCULINO,NO APLICA
2022.0,9182.0,CHOQUE,2022-08-14 00:00:00,,TARDE,DOMINGO,MERCEDES,CALLE 54 CARRERA 25,URBANA,TECNICO,,,SEMAFORO EN ROJO,142.0,ACOMPAÑANTE MOTOCICLISTA,56.0,MASCULINO,LESIONADO
2022.0,8555.0,CHOQUE,2022-02-07 00:00:00,,NOCHE,LUNES,BARRIO NUEVO,CALLE 27 CARRERA 32,URBANA,TECNICO,,,ARRANCAR SIN PRECAUCION,145.0,NO APLICA,75.0,MASCULINO,NO APLICA
2022.0,DITRA,CHOQUE,2022-08-16 00:00:00,,TARDE,MARTES,VIA PRODESAL - LA TINAJA,KM 10 + 380 MTS,RURAL,POLICIA,,,NO MANTENER DISTANCIA SEGURIDAD,121,MOTOCICLISTA,50.0,MASCULINO,MUERTO
2022.0,8866.0,CHOQUE,2022-05-06 00:00:00,,NOCHE,VIERNES,INDUSTRIAL,CALLE 42 CARRERA 35,URBANA,TECNICO,,,PONER EN MARCHA UN VEHICULO SIN LAS MEDIDAS DE PRECAUCION,143,MOTOCICLISTA,17.0,MASCULINO,LESIONADO
2022.0,9300.0,CHOQUE,2022-10-14 00:00:00,,MAÑANA,VIERNES,EMILIA,CALLE 34A CARRERA 36,URBANA,TECNICO,,,DESOBEDECER SEÑAL DE PARE,112.0,ACOMPAÑANTE MOTOCICLISTA,77.0,MASCULINO,LESIONADO
2022.0,8966.0,CHOQUE,2022-06-03 00:00:00,,NOCHE,VIERNES,OBRERO,CALLE 37 CARRERA 25,URBANA,TECNICO,,,DESOBEDECER SEÑAL DE PARE,112.0,MOTOCICLISTA,65.0,MASCULINO,LESIONADO
2022.0,8906.0,CHOQUE,2022-05-18 00:00:00,,TARDE,MIÉRCOLES,CHAPINERO SUR,CARRERA 32 DIAGONAL 4,URBANA,TECNICO,,,NO ESTAR PENDIENTE DE LA VIA,157,NO APLICA,62.0,MASCULINO,NO APLICA
2022.0,9167.0,CHOQUE,2022-08-05 00:00:00,,NOCHE,VIERNES,CENTRO,CALLE 30 CARRERA 32,URBANA,TECNICO,,,TRANSITAR EN CONTRA VIA,127,NO APLICA,21.0,MASCULINO,NO APLICA
2022.0,8872.0,ATROPELLO,2022-05-08 00:00:00,,MAÑANA,DOMINGO,PRADO,CALLE 42 CARRERA 39,URBANA,TECNICO,,,CRUZAR SIN OBSERVAR,409,NO APLICA,38.0,MASCULINO,NO APLICA
2022.0,8831.0,CHOQUE,2022-04-27 00:00:00,,TARDE,MIÉRCOLES,BARRIO NUEVO,CARRERA 29 CALLE 24,URBANA,TECNICO,,,DESOBEDECER SEÑAL DE PARE,112,MOTOCICLISTA,65.0,MASCULINO,LESIONADO
2022.0,8671.0,CHOQUE,2022-03-10 00:00:00,,MADRUGADA,JUEVES,URIBE,CALLE 34 CARRERA 21,URBANA,TECNICO,,,DESOBEDECER SEÑAL DE PARE,112.0,MOTOCICLISTA,52.0,MASCULINO,LESIONADO
2022.0,8672.0,CHOQUE,2022-03-12 00:00:00,,TARDE,SÁBADO,RINCON DEL BOSQUE,CALLE 31 CARRERA 7-8,URBANA,TECNICO,,,NO MANTENER DISTANCIA SEGURIDAD,121.0,NO APLICA,66.0,MASCULINO,NO APLICA
2022.0,8551.0,ATROPELLO,2022-02-05 00:00:00,,TARDE,SÁBADO,CENTRO,CARRERA 29 CALLE 26,URBANA,TECNICO,,,CRUZAR SIN OBSERVAR,409.0,NO APLICA,25.0,MASCULINO,NO APLICA
2022.0,8590.0,VOLCAMIENTO,2022-02-16 00:00:00,,MAÑANA,MIÉRCOLES,VERSALLES,CALLE 42 CARRERA 30,URBANA,TECNICO,,,PERDIDA DEL CONTROL DEL VEHICULO,157.0,MOTOCICLISTA,40.0,MASCULINO,LESIONADO
2022.0,9054.0,CHOQUE,2022-06-29 00:00:00,,TARDE,MIÉRCOLES,VERSALLES,CALLE 42 CARRERA 30-103,URBANA,TECNICO,,,NO ESTAR PENDIENTE DE LA VIA,157.0,NO APLICA,59.0,MASCULINO,NO APLICA
2022.0,9171.0,CHOQUE,2022-08-08 00:00:00,,TARDE,LUNES,SESQUI,CALLE 10 CARRERA 25A,URBANA,TECNICO,,,NO ESTAR PENDIENTE DE LA VIA,157.0,MOTOCICLISTA,41.0,MASCULINO,LESIONADO
2022.0,9072.0,CHOQUE,2022-07-05 00:00:00,,MADRUGADA,MARTES,VERSALLES,CALLE 42 CARRERA 26-31,URBANA,TECNICO,,,CAMBIO DE CARRIL CON O SIN INDICACION,157.0,MOTOCICLISTA,53.0,MASCULINO,LESIONADO
2022.0,8761.0,CHOQUE,2022-04-04 00:00:00,,MAÑANA,LUNES,IGNACIO TORRES,CALLE 51 CARRERA 36B-38,URBANA,TECNICO,,,ADELANTAR CERRANDO,103.0,NO APLICA,47.0,MASCULINO,NO APLICA
2022.0,8700.0,CHOQUE,2022-03-17 00:00:00,,TARDE,JUEVES,CENTRO POBLADO POTRERILLO,AVENIDAD 4 CALLE 3,RURAL,TECNICO,,,NO RESPETAR PRELACIÓN,132.0,MOTOCICLISTA,82.0,MASCULINO,LESIONADO
2022.0,8723.0,CHOQUE,2022-03-23 00:00:00,,MAÑANA,MIÉRCOLES,VIA PALMIRA LA ZAPATA,KM 11 + 400 MTS,RURAL,TECNICO,,,NO ESTAR PENDIENTE DE LA VIA,157.0,ACOMPAÑANTE MOTOCICLISTA,55.0,MASCULINO,LESIONADO
2022.0,8850.0,CHOQUE,2022-05-02 00:00:00,,TARDE,LUNES,BIZERTA,CALLE 36 CARRERA 21,URBANA,TECNICO,,,ARRANCAR SIN PRECAUCION,145,NO APLICA,43.0,FEMENINO,NO APLICA
2022.0,9068.0,CHOQUE,2022-07-03 00:00:00,,MADRUGADA,DOMINGO,SAN PEDRO,CALLE 36 CARRERA 17,URBANA,TECNICO,,,TRANSITAR EN CONTRA VIA,127.0,ACOMPAÑANTE MOTOCICLISTA,23.0,FEMENINO,LESIONADO
2022.0,9284.0,CHOQUE,2022-10-05 00:00:00,,TARDE,MIÉRCOLES,RECREO,CALLE 21 CARRERA 28,URBANA,TECNICO,,,DESOBEDECER SEÑAL DE PARE,112.0,MOTOCICLISTA,29.0,MASCULINO,LESIONADO
2022.0,8744.0,CHOQUE,2022-03-29 00:00:00,,TARDE,MARTES,CAMPESTRE,CALLE 42 CARRERA 9-8,URBANA,TECNICO,,,INVADIR CARRIL SENTIDO CONTRARIO,157.0,ACOMPAÑANTE MOTOCICLISTA,34.0,MASCULINO,LESIONADO
2022.0,8811.0,CHOQUE,2022-04-20 00:00:00,,NOCHE,MIÉRCOLES,MUNICIPAL,CARRERA 1 CALLE 31,URBANA,TECNICO,,,NO ESTAR PENDIENTE DE LA VIA,157,MOTOCICLISTA,43.0,FEMENINO,LESIONADO
2022.0,9174.0,CHOQUE,2022-08-12 00:00:00,,TARDE,VIERNES,SAN PEDRO,CALLE 34 CARRERA 17,URBANA,TECNICO,,,ARRANCAR SIN PRECAUCION,145.0,MOTOCICLISTA,42.0,FEMENINO,LESIONADO
2022.0,8558.0,ATROPELLO,2022-02-08 00:00:00,,NOCHE,MARTES,CENTRO,CARRERA 28 CALLE 27-64,URBANA,TECNICO,,,CRUZAR SIN OBSERVAR,409.0,PEATÓN,43.0,FEMENINO,LESIONADO
2022.0,8869.0,CHOQUE,2022-05-07 00:00:00,,MAÑANA,LUNES,ESTONIA,CARRERA 30 CALLE 43,URBANA,TECNICO,,,TRANSITAR EN CONTRA VIA,127,MOTOCICLISTA,52.0,FEMENINO,LESIONADO
2022.0,9175.0,CHOQUE,2022-08-12 00:00:00,,TARDE,VIERNES,ZAMORANO,CARRERA 28 CALLE 69,URBANA,TECNICO,,,GIRAR BRUSCAMENTE,122.0,MOTOCICLISTA,57.0,FEMENINO,LESIONADO
2022.0,8909.0,CHOQUE,2022-05-19 00:00:00,,TARDE,JUEVES,LOS ROBLES,CARRERA 33A CALLE 19A,URBANA,TECNICO,,,FRENAR BRUSCAMENTE,119.0,MOTOCICLISTA,38.0,FEMENINO,LESIONADO
2022.0,8952.0,CHOQUE,2022-06-01 00:00:00,,NOCHE,MIÉRCOLES,AMERICAS,CALLE 14 CARRERA 28,URBANA,TECNICO,,,ARRANCAR SIN PRECAUCION,145.0,ACOMPAÑANTE MOTOCICLISTA,32.0,FEMENINO,LESIONADO
2022.0,8965.0,CHOQUE,2022-06-03 00:00:00,,TARDE,VIERNES,COLOMBIA,CALLE 35 CARRERA 31,URBANA,TECNICO,,,DESOBEDECER SEÑAL DE PARE,112.0,NO APLICA,54.0,MASCULINO,NO APLICA
2022.0,8648.0,CHOQUE,2022-03-02 00:00:00,,TARDE,MIÉRCOLES,COLOMBINA,CARRERA 16 CALLE 28,URBANA,TECNICO,,,DESOBEDECER SEÑAL DE PARE,112.0,NO APLICA,63.0,MASCULINO,NO APLICA
2022.0,8542.0,CHOQUE,2022-02-02 00:00:00,,TARDE,MIÉRCOLES,RIVERA ESCOBAR,CALLE 31 CARRERA 34-35,URBANA,TECNICO,,,ABRIR LA PUERTA SIN MEDIDAS DE PRECAUCION,506.0,MOTOCICLISTA,63.0,MASCULINO,LESIONADO
2022.0,9209.0,CHOQUE,2022-08-31 00:00:00,,TARDE,MIÉRCOLES,SESQUI,CALLE 10 CARRERA 25A,URBANA,TECNICO,,,ARRANCAR SIN PRECAUCION,145.0,NO APLICA,78.0,MASCULINO,NO APLICA