a_o,ipat,clase_siniestro,fecha,hora,jornada,dia_semana,barrios_corregimiento_via,direccion,zona,autoridad,lat,long,hipotesis,codigo,condicion_de_la_victima,edad,genero,lesionados_y_muertos
2022.0,9417.0,CHOQUE,2022-12-07 00:00:00,,TARDE,MIÉRCOLES,SANTA RITA,CALLE 33 CARRERA 27,URBANA,TECNICO,,,DESOBEDECER SEÑAL DE PARE,112.0,MOTOCICLISTA,23.0,MASCULINO,LESIONADO
2022.0,9417.0,CHOQUE,2022-12-07 00:00:00,,TARDE,MIÉRCOLES,SANTA RITA,CALLE 33 CARRERA 27,URBANA,TECNICO,,,DESOBEDECER SEÑAL DE PARE,112.0,NO APLICA,27.0,MASCULINO,NO APLICA
2022.0,9418.0,CHOQUE,2022-12-07 00:00:00,,TARDE,MIÉRCOLES,BARRIO NUEVO,CALLE 18 CARRERA 31,URBANA,TECNICO,,,DESOBEDECER SEÑAL DE PARE,112.0,MOTOCICLISTA,38.0,MASCULINO,LESIONADO
2022.0,9418.0,CHOQUE,2022-12-07 00:00:00,,TARDE,MIÉRCOLES,BARRIO NUEVO,CALLE 18 CARRERA 31,URBANA,TECNICO,,,DESOBEDECER SEÑAL DE PARE,112.0,NO APLICA,56.0,MASCULINO,NO APLICA
2022.0,9419.0,CHOQUE,2022-12-07 00:00:00,,TARDE,MIÉRCOLES,RIVERA ESCOBAR,CALLE 31 CARRERA 35,URBANA,TECNICO,,,ADELANTAR ZONA PROHIBIDAD,105.0,MOTOCICLISTA,28.0,MASCULINO,LESIONADO
2022.0,9419.0,CHOQUE,2022-12-07 00:00:00,,TARDE,MIÉRCOLES,RIVERA ESCOBAR,CALLE 31 CARRERA 35,URBANA,TECNICO,,,ADELANTAR ZONA PROHIBIDAD,105.0,NO APLICA,34.0,MASCULINO,NO APLICA
2022.0,9420.0,ATROPELLO,2022-12-07 00:00:00,,NOCHE,MIÉRCOLES,OLIMPICO,CARRERA 37 CALLE 25B,URBANA,TECNICO,,,IMPERICIA EN EL MANEJO,139.0,MOTOCICLISTA,15.0,MASCULINO,LESIONADO
2022.0,9420.0,ATROPELLO,2022-12-07 00:00:00,,NOCHE,MIÉRCOLES,OLIMPICO,CARRERA 37 CALLE 25B,URBANA,TECNICO,,,IMPERICIA EN EL MANEJO,139.0,PEATÓN,71.0,FEMENINO,LESIONADO
2022.0,9423.0,CHOQUE,2022-12-12 00:00:00,,MAÑANA,LUNES,SANTA BARBARA,CALLE 31 CARRERA 44-45,URBANA,TECNICO,,,TRANSITAR EN CONTRA VIA,127.0,NO APLICA,27.0,MASCULINO,NO APLICA
2022.0,9423.0,CHOQUE,2022-12-12 00:00:00,,MAÑANA,LUNES,SANTA BARBARA,CALLE 31 CARRERA 44-45,URBANA,TECNICO,,,TRANSITAR EN CONTRA VIA,127.0,MOTOCICLISTA,21.0,MASCULINO,LESIONADO
2022.0,9424.0,CHOQUE,2022-12-19 00:00:00,,MAÑANA,LUNES,CENTRO,CARRERA 33 CALLE 27,URBANA,TECNICO,,,DESOBEDECER SEÑAL DE PARE,112.0,MOTOCICLISTA,43.0,FEMENINO,LESIONADO
2022.0,9424.0,CHOQUE,2022-12-19 00:00:00,,MAÑANA,LUNES,CENTRO,CARRERA 33 CALLE 27,URBANA,TECNICO,,,DESOBEDECER SEÑAL DE PARE,112.0,NO APLICA,38.0,MASCULINO,NO APLICA
2022.0,9424.0,CHOQUE,2022-12-19 00:00:00,,MAÑANA,LUNES,CENTRO,CARRERA 33 CALLE 27,URBANA,TECNICO,,,DESOBEDECER SEÑAL DE PARE,112.0,ACOMPAÑANTE MOTOCICLISTA,38.0,FEMENINO,LESIONADO
2022.0,9427.0,CHOQUE,2022-12-12 00:00:00,,TARDE,LUNES,ESPERANZA,CALLE 56 CARRERA 34B,URBANA,TECNICO,,,GIRAR BRUSCAMENTE,122.0,MOTOCICLISTA,24.0,MASCULINO,LESIONADO
2022.0,9427.0,CHOQUE,2022-12-12 00:00:00,,TARDE,LUNES,ESPERANZA,CALLE 56 CARRERA 34B,URBANA,TECNICO,,,GIRAR BRUSCAMENTE,122.0,NO APLICA,42.0,MASCULINO,NO APLICA
2022.0,9430.0,CHOQUE,2022-12-16 00:00:00,,NOCHE,VIERNES,SANTA ANA,CALLE 35 CARRERA 44,URBANA,TECNICO,,,DESOBEDECER SEÑAL DE PARE,112.0,NO APLICA,32.0,MASCULINO,NO APLICA
2022.0,9430.0,CHOQUE,2022-12-16 00:00:00,,NOCHE,VIERNES,SANTA ANA,CALLE 35 CARRERA 44,URBANA,TECNICO,,,DESOBEDECER SEÑAL DE PARE,112.0,MOTOCICLISTA,30.0,MASCULINO,LESIONADO
2022.0,9430.0,CHOQUE,2022-12-16 00:00:00,,NOCHE,VIERNES,SANTA ANA,CALLE 35 CARRERA 44,URBANA,TECNICO,,,DESOBEDECER SEÑAL DE PARE,112.0,ACOMPAÑANTE MOTOCICLISTA,28.0,FEMENINO,LESIONADO
2022.0,9430.0,CHOQUE,2022-12-16 00:00:00,,NOCHE,VIERNES,SANTA ANA,CALLE 35 CARRERA 44,URBANA,TECNICO,,,DESOBEDECER SEÑAL DE PARE,112.0,ACOMPAÑANTE MOTOCICLISTA,1.0,MASCULINO,LESIONADO
2022.0,OFICIO,CHOQUE,2022-12-16 00:00:00,,TARDE,VIERNES,RECREO,CALLE 22 CARRERA 27,URBANA,TECNICO,,,POR ESTABLECER,157.0,MOTOCICLISTA,62.0,MASCULINO,MUERTO
2022.0,9431.0,CHOQUE,2022-12-17 00:00:00,,MAÑANA,SÁBADO,VIA CORONADO ROZO,KM 5 + 35MTS,RURAL,TECNICO,,,FRENAR BRUSCAMENTE,119.0,NO APLICA,29.0,MASCULINO,NO APLICA
2022.0,9431.0,CHOQUE,2022-12-17 00:00:00,,MAÑANA,SÁBADO,VIA CORONADO ROZO,KM 5 + 35MTS,RURAL,TECNICO,,,FRENAR BRUSCAMENTE,119.0,NO APLICA,43.0,MASCULINO,NO APLICA
2022.0,9431.0,CHOQUE,2022-12-17 00:00:00,,MAÑANA,SÁBADO,VIA CORONADO ROZO,KM 5 + 35MTS,RURAL,TECNICO,,,FRENAR BRUSCAMENTE,119.0,ACOMPAÑANTE MOTOCICLISTA,56.0,FEMENINO,LESIONADO
2022.0,9432.0,CHOQUE,2022-12-17 00:00:00,,MAÑANA,SÁBADO,FRAY LUIS,CALLE 42 CARRERA 44-53,URBANA,TECNICO,,,CRUZAR SIN OBSERVAR,157.0,CICLISTA,75.0,MASCULINO,LESIONADO
2022.0,9432.0,CHOQUE,2022-12-17 00:00:00,,MAÑANA,SÁBADO,FRAY LUIS,CALLE 42 CARRERA 44-53,URBANA,TECNICO,,,CRUZAR SIN OBSERVAR,157.0,NO APLICA,32.0,MASCULINO,NO APLICA
2022.0,9433.0,CHOQUE,2022-12-18 00:00:00,,MAÑANA,DOMINGO,EMILIA,CARRERA 38 CALLE 35,URBANA,TECNICO,,,DESOBEDECER SEÑAL DE PARE,112.0,NO APLICA,27.0,MASCULINO,NO APLICA
2022.0,9433.0,CHOQUE,2022-12-18 00:00:00,,MAÑANA,DOMINGO,EMILIA,CARRERA 38 CALLE 35,URBANA,TECNICO,,,DESOBEDECER SEÑAL DE PARE,112.0,MOTOCICLISTA,66.0,MASCULINO,LESIONADO
2022.0,9433.0,CHOQUE,2022-12-18 00:00:00,,MAÑANA,DOMINGO,EMILIA,CARRERA 38 CALLE 35,URBANA,TECNICO,,,DESOBEDECER SEÑAL DE PARE,112.0,ACOMPAÑANTE MOTOCICLISTA,34.0,FEMENINO,LESIONADO
2022.0,9334.0,CHOQUE,2022-12-18 00:00:00,,MAÑANA,DOMINGO,COLOMBIA,CARRERA 32 CALLE 35,URBANA,TECNICO,,,DESOBEDECER SEÑAL DE PARE,112.0,MOTOCICLISTA,23.0,MASCULINO,LESIONADO
2022.0,9334.0,CHOQUE,2022-12-18 00:00:00,,MAÑANA,DOMINGO,COLOMBIA,CARRERA 32 CALLE 35,URBANA,TECNICO,,,DESOBEDECER SEÑAL DE PARE,112.0,MOTOCICLISTA,41.0,MASCULINO,LESIONADO
2022.0,9334.0,CHOQUE,2022-12-18 00:00:00,,MAÑANA,DOMINGO,COLOMBIA,CARRERA 32 CALLE 35,URBANA,TECNICO,,,DESOBEDECER SEÑAL DE PARE,112.0,ACOMPAÑANTE MOTOCICLISTA,23.0,FEMENINO,LESIONADO
2022.0,9436.0,CHOQUE,2022-12-23 00:00:00,,MADRUGADA,VIERNES,ESTONIA,CALLE 42 CARRERA 32,URBANA,TECNICO,,,SEMAFORO EN ROJO,142.0,MOTOCICLISTA,20.0,FEMENINO,LESIONADO
2022.0,9436.0,CHOQUE,2022-12-23 00:00:00,,MADRUGADA,VIERNES,ESTONIA,CALLE 42 CARRERA 32,URBANA,TECNICO,,,SEMAFORO EN ROJO,142.0,NO APLICA,22.0,MASCULINO,NO APLICA
2022.0,9438.0,CHOQUE OBJETO FIJO ARBOL,2022-12-23 00:00:00,,TARDE,VIERNES,VIA PALMIRA BOLO,KM 10,URBANA,TECNICO,,,PERDIDA DEL CONTROL DEL VEHICULO,157.0,CONDUCTOR,62.0,MASCULINO,LESIONADO
2022.0,9438.0,CHOQUE OBJETO FIJO ARBOL,2022-12-23 00:00:00,,TARDE,VIERNES,VIA PALMIRA BOLO,KM 10,URBANA,TECNICO,,,PERDIDA DEL CONTROL DEL VEHICULO,157.0,CONDUCTOR,43.0,MASCULINO,LESIONADO
2022.0,9439.0,CHOQUE,2022-12-24 00:00:00,,TARDE,SÁBADO,BARRIO NUEVO,CALLE 27 CARRERA 32,URBANA,TECNICO,,,DESOBEDECER SEÑAL DE PARE,112.0,MOTOCICLISTA,21.0,FEMENINO,LESIONADO
2022.0,9439.0,CHOQUE,2022-12-24 00:00:00,,TARDE,SÁBADO,BARRIO NUEVO,CALLE 27 CARRERA 32,URBANA,TECNICO,,,DESOBEDECER SEÑAL DE PARE,112.0,NO APLICA,37.0,FEMENINO,NO APLICA
2022.0,9440.0,CHOQUE,2022-12-24 00:00:00,,NOCHE,SÁBADO,ZAMORANO,DIAGONAL 66 CARRERA 31,URBANA,TECNICO,,,DESOBEDECER SEÑAL DE PARE,112.0,MOTOCICLISTA,15.0,MASCULINO,LESIONADO
2022.0,9440.0,CHOQUE,2022-12-24 00:00:00,,NOCHE,SÁBADO,ZAMORANO,DIAGONAL 66 CARRERA 31,URBANA,TECNICO,,,DESOBEDECER SEÑAL DE PARE,112.0,MOTOCICLISTA,54.0,MASCULINO,LESIONADO
2022.0,9441.0,CHOQUE,2022-12-23 00:00:00,,MADRUGADA,VIERNES,PATIO BONITO,CARRERA 18 CALLE 32,URBANA,TECNICO,,,DESOBEDECER SEÑAL DE PARE,112.0,NO APLICA,34.0,FEMENINO,NO APLICA
2022.0,9441.0,CHOQUE,2022-12-23 00:00:00,,MADRUGADA,VIERNES,PATIO BONITO,CARRERA 18 CALLE 32,URBANA,TECNICO,,,DESOBEDECER SEÑAL DE PARE,112.0,MOTOCICLISTA,22.0,MASCULINO,LESIONADO
2022.0,9442.0,CHOQUE,2022-12-23 00:00:00,,MADRUGADA,VIERNES,PRADO,CALLE 41 CARRERA 41,URBANA,TECNICO,,,DESOBEDECER SEÑAL DE PARE,112.0,NO APLICA,22.0,FEMENINO,NO APLICA
2022.0,9442.0,CHOQUE,2022-12-23 00:00:00,,MADRUGADA,VIERNES,PRADO,CALLE 41 CARRERA 41,URBANA,TECNICO,,,DESOBEDECER SEÑAL DE PARE,112.0,MOTOCICLISTA,29.0,FEMENINO,LESIONADO
2022.0,9443.0,CHOQUE OBJETO FIJO MURO,2022-12-25 00:00:00,,NOCHE,DOMINGO,VIA PALMIRA GUAYABAL,KM 3 +210 MTS,RURAL,TECNICO,,,EMBRIAGUEZ,115.0,MOTOCICLISTA,62.0,MASCULINO,LESIONADO
2022.0,9445.0,CHOQUE,2022-12-26 00:00:00,,NOCHE,LUNES,BENEDICTA,CALLE 47 CARRERA 34A,URBANA,TECNICO,,,EMBRIAGUEZ,115.0,MOTOCICLISTA,29.0,MASCULINO,LESIONADO
2022.0,9445.0,CHOQUE,2022-12-26 00:00:00,,NOCHE,LUNES,BENEDICTA,CALLE 47 CARRERA 34A,URBANA,TECNICO,,,EMBRIAGUEZ,115.0,NO APLICA,52.0,MASCULINO,NO APLICA
2022.0,9446.0,CHOQUE,2022-12-27 00:00:00,,NOCHE,MARTES,COLOMBINA,CARRERA 16 CALLE 31A,URBANA,TECNICO,,,NO RESPETAR PRELACIÓN,123.0,MOTOCICLISTA,30.0,FEMENINO,LESIONADO
2022.0,9446.0,CHOQUE,2022-12-27 00:00:00,,NOCHE,MARTES,COLOMBINA,CARRERA 16 CALLE 31A,URBANA,TECNICO,,,NO RESPETAR PRELACIÓN,123.0,CICLISTA,59.0,FEMENINO,LESIONADO
2022.0,9448.0,CHOQUE,2022-12-28 00:00:00,,TARDE,MIÉRCOLES,BARRIO NUEVO,CARRERA 33 CALLE 25,URBANA,TECNICO,,,DESOBEDECER SEÑAL DE PARE,112.0,CONDUCTOR,39.0,MASCULINO,LESIONADO
2022.0,9448.0,CHOQUE,2022-12-28 00:00:00,,TARDE,MIÉRCOLES,BARRIO NUEVO,CARRERA 33 CALLE 25,URBANA,TECNICO,,,DESOBEDECER SEÑAL DE PARE,112.0,CONDUCTOR,18.0,FEMENINO,LESIONADO
2022.0,9449.0,CHOQUE,2022-12-28 00:00:00,,TARDE,MIÉRCOLES,VIA AGUACLARA  BUITRERA,KM 1,RURAL,TECNICO,,,INVADIR CARRIL SENTIDO CONTRARIO,157.0,NO APLICA,39.0,MASCULINO,NO APLICA
2022.0,9449.0,CHOQUE,2022-12-28 00:00:00,,TARDE,MIÉRCOLES,VIA AGUACLARA  BUITRERA,KM 1,RURAL,TECNICO,,,INVADIR CARRIL SENTIDO CONTRARIO,157.0,MOTOCICLISTA,25.0,MASCULINO,MUERTO
2022.0,9450.0,CHOQUE,2022-12-28 00:00:00,,NOCHE,MIÉRCOLES,CENTRO,CALLE 29 CARRERA 32,URBANA,TECNICO,,,SEMAFORO EN ROJO,142.0,NO APLICA,35.0,MASCULINO,NO APLICA
2022.0,9450.0,CHOQUE,2022-12-28 00:00:00,,NOCHE,MIÉRCOLES,CENTRO,CALLE 29 CARRERA 32,URBANA,TECNICO,,,SEMAFORO EN ROJO,142.0,MOTOCICLISTA,20.0,MASCULINO,LESIONADO
2022.0,9450.0,CHOQUE,2022-12-28 00:00:00,,NOCHE,MIÉRCOLES,CENTRO,CALLE 29 CARRERA 32,URBANA,TECNICO,,,SEMAFORO EN ROJO,142.0,ACOMPAÑANTE MOTOCICLISTA,18.0,FEMENINO,MUERTO
2022.0,9451.0,CHOQUE,2022-12-29 00:00:00,,TARDE,JUEVES,FATIMA,CALLE 28 CARRERA 9,URBANA,TECNICO,,,DESOBEDECER SEÑAL DE PARE,112.0,NO APLICA,30.0,FEMENINO,NO APLICA
2022.0,9451.0,CHOQUE,2022-12-29 00:00:00,,TARDE,JUEVES,FATIMA,CALLE 28 CARRERA 9,URBANA,TECNICO,,,DESOBEDECER SEÑAL DE PARE,112.0,MOTOCICLISTA,30.0,MASCULINO,LESIONADO
2022.0,9452.0,CHOQUE,2022-12-29 00:00:00,,TARDE,JUEVES,BARRIO NUEVO,CARRERA 31 CALLE 22,URBANA,TECNICO,,,NO ESTAR PENDIENTE DE LA VIA,157.0,MOTOCICLISTA,28.0,MASCULINO,LESIONADO
2022.0,9452.0,CHOQUE,2022-12-29 00:00:00,,TARDE,JUEVES,BARRIO NUEVO,CARRERA 31 CALLE 22,URBANA,TECNICO,,,NO ESTAR PENDIENTE DE LA VIA,157.0,NO APLICA,40.0,MASCULINO,NO APLICA
2022.0,9453.0,CHOQUE,2022-12-30 00:00:00,,NOCHE,VIERNES,OBRERO,CALLE 34 CARRERA 25,URBANA,TECNICO,,,DESOBEDECER SEÑAL DE PARE,112.0,NO APLICA,40.0,MASCULINO,NO APLICA
2022.0,9453.0,CHOQUE,2022-12-30 00:00:00,,NOCHE,VIERNES,OBRERO,CALLE 34 CARRERA 25,URBANA,TECNICO,,,DESOBEDECER SEÑAL DE PARE,112.0,MOTOCICLISTA,22.0,MASCULINO,LESIONADO
2022.0,9453.0,CHOQUE,2022-12-30 00:00:00,,NOCHE,VIERNES,OBRERO,CALLE 34 CARRERA 25,URBANA,TECNICO,,,DESOBEDECER SEÑAL DE PARE,112.0,ACOMPAÑANTE MOTOCICLISTA,20.0,FEMENINO,LESIONADO
2022.0,OFICIO,CHOQUE,2022-12-09 00:00:00,,NOCHE,VIERNES,VIA  LA BUITRERA,200 MTS,RURAL,TECNICO,3.498104,-76.236207,POR ESTABLECER,157,MOTOCICLISTA,28.0,FEMENINO,MUERTO
2022.0,DITRA,CHOQUE OBJETO FIJO ARBOL,2022-12-14 00:00:00,,MADRUGADA,MIÉRCOLES,VIA SUCROMIELES - EL CERRITO,KM 11 + 150 MTS,RURAL,TECNICO,,,PERDIDA DEL CONTROL DEL VEHICULO,157,ACOMPAÑANTE CONDUCTOR,59.0,FEMENINO,MUERTO
2022.0,DITRA,CHOQUE OBJETO FIJO ARBOL,2022-12-14 00:00:00,,MADRUGADA,MIÉRCOLES,VIA SUCROMIELES - EL CERRITO,KM 11 + 150 MTS,RURAL,TECNICO,,,PERDIDA DEL CONTROL DEL VEHICULO,157,ACOMPAÑANTE CONDUCTOR,33.0,FEMENINO,MUERTO
2022.0,DITRA,CHOQUE OBJETO FIJO ARBOL,2022-12-31 00:00:00,,TARDE,SÁBADO,VIA PALMIRA CANDELARIA,KM 43 + 500 MTS,RURAL,POLICIA,,,PERDIDA DEL CONTROL DEL VEHICULO,157,CONDUCTOR,25.0,MASCULINO,MUERTO
2022.0,DITRA,CHOQUE OBJETO FIJO ARBOL,2022-12-31 00:00:00,,TARDE,SÁBADO,VIA PALMIRA CANDELARIA,KM 43 + 500 MTS,RURAL,POLICIA,,,PERDIDA DEL CONTROL DEL VEHICULO,157,ACOMPAÑANTE CONDUCTOR,24.0,MASCULINO,MUERTO
2022.0,OFICIO,VOLCAMIENTO,2022-12-28 00:00:00,,NOCHE,MIÉRCOLES,BOLO SAN ISIDRO,ESCUELA VARONES,RURAL,TECNICO,,,POR ESTABLECER,157.0,ACOMPAÑANTE MOTOCICLISTA,84.0,FEMENINO,MUERTO
2022.0,DITRA,CHOQUE OBJETO FIJO ARBOL,2022-12-31 00:00:00,,TARDE,SÁBADO,VIA PALMIRA CANDELARIA,KM 43 + 500 MTS,RURAL,POLICIA,,,PERDIDA DEL CONTROL DEL VEHICULO,157,ACOMPAÑANTE CONDUCTOR,24.0,MASCULINO,LESIONADO
2023.0,9455.0,CHOQUE,2023-01-01 00:00:00,,MAÑANA,DOMINGO,SAN PEDRO,CARRERA 19 CALLE 39,URBANA,TECNICO,3.534644,-76.290562,DESOBEDECER SEÑALES O NORMAS DE TRANSITO,112.0,NO APLICA,49.0,MASCULINO,NO APLICA
2023.0,9455.0,CHOQUE,2023-01-01 00:00:00,,MAÑANA,DOMINGO,SAN PEDRO,CARRERA 19 CALLE 39,URBANA,TECNICO,3.534644,-76.290562,DESOBEDECER SEÑALES O NORMAS DE TRANSITO,112.0,MOTOCICLISTA,16.0,MASCULINO,LESIONADO
2023.0,9455.0,CHOQUE,2023-01-01 00:00:00,,MAÑANA,DOMINGO,SAN PEDRO,CARRERA 19 CALLE 39,URBANA,TECNICO,3.534644,-76.290562,DESOBEDECER SEÑALES O NORMAS DE TRANSITO,112.0,ACOMPAÑANTE MOTOCICLISTA,15.0,FEMENINO,LESIONADO
2023.0,9455.0,CHOQUE,2023-01-01 00:00:00,,MAÑANA,DOMINGO,SAN PEDRO,CARRERA 19 CALLE 39,URBANA,TECNICO,3.534644,-76.290562,DESOBEDECER SEÑALES O NORMAS DE TRANSITO,112.0,ACOMPAÑANTE MOTOCICLISTA,16.0,MASCULINO,LESIONADO
2023.0,9456.0,ATROPELLO,2023-01-01 00:00:00,,MAÑANA,DOMINGO,CENTRO POBLADO GUANABANAL,CALLE 1 N 16-44,RURAL,TECNICO,3.48451,-76.424275,NO ESTAR PENDIENTE DE LA VIA,157.0,NO APLICA,38.0,MASCULINO,NO APLICA
2023.0,9456.0,ATROPELLO,2023-01-01 00:00:00,,MAÑANA,DOMINGO,CENTRO POBLADO GUANABANAL,CALLE 1 N 16-44,RURAL,TECNICO,3.48451,-76.424275,NO ESTAR PENDIENTE DE LA VIA,157.0,PEATÓN,44.0,FEMENINO,LESIONADO
2023.0,9456.0,ATROPELLO,2023-01-01 00:00:00,,MAÑANA,DOMINGO,CENTRO POBLADO GUANABANAL,CALLE 1 N 16-44,RURAL,TECNICO,3.48451,-76.424275,NO ESTAR PENDIENTE DE LA VIA,157.0,PEATÓN,1.0,FEMENINO,LESIONADO
2023.0,9457.0,CHOQUE,2023-01-02 00:00:00,,TARDE,LUNES,POBLADO COMFAUNION,CARRERA 15B CALLE 47D,URBANA,TECNICO,3.543052,-76.288262,DESOBEDECER SEÑALES O NORMAS DE TRANSITO,112.0,MOTOCICLISTA,35.0,FEMENINO,LESIONADO
2023.0,9457.0,CHOQUE,2023-01-02 00:00:00,,TARDE,LUNES,POBLADO COMFAUNION,CARRERA 15B CALLE 47D,URBANA,TECNICO,3.543052,-76.288262,DESOBEDECER SEÑALES O NORMAS DE TRANSITO,112.0,NO APLICA,50.0,MASCULINO,NO APLICA
2023.0,9458.0,CHOQUE,2023-01-02 00:00:00,,NOCHE,LUNES,SANTA MARIA DEL PALMAR,CALLE 44 CARRERA 3,URBANA,TECNICO,3.5404,-76.280542,NO RESPETAR PRELACIÓN,123.0,MOTOCICLISTA,24.0,FEMENINO,LESIONADO
2023.0,9458.0,CHOQUE,2023-01-02 00:00:00,,NOCHE,LUNES,SANTA MARIA DEL PALMAR,CALLE 44 CARRERA 3,URBANA,TECNICO,3.5404,-76.280542,NO RESPETAR PRELACIÓN,123.0,NO APLICA,40.0,FEMENINO,NO APLICA
2023.0,9459.0,CHOQUE,2023-01-02 00:00:00,,TARDE,LUNES,VIA PALMIR GUAYABAL,KM 2,RURAL,TECNICO,3.545757,-76.264969,INVADIR CARRIL QUE VIENE EN SENTIDO CONTRARIO,157.0,CONDUCTOR,57.0,MASCULINO,LESIONADO
2023.0,9459.0,CHOQUE,2023-01-02 00:00:00,,TARDE,LUNES,VIA PALMIR GUAYABAL,KM 2,RURAL,TECNICO,3.545757,-76.264969,INVADIR CARRIL QUE VIENE EN SENTIDO CONTRARIO,157.0,CONDUCTOR,41.0,MASCULINO,LESIONADO
2023.0,9460.0,CHOQUE,2023-01-03 00:00:00,,MAÑANA,MARTES,VERSALLES,CALLE 42 CARRERA 28,URBANA,TECNICO,3.537846,-76.297142,NO ESTAR PENDIENTE DE LA VIA,157.0,MOTOCICLISTA,59.0,MASCULINO,LESIONADO
2023.0,9460.0,CHOQUE,2023-01-03 00:00:00,,MAÑANA,MARTES,VERSALLES,CALLE 42 CARRERA 28,URBANA,TECNICO,3.537846,-76.297142,NO ESTAR PENDIENTE DE LA VIA,157.0,NO APLICA,32.0,MASCULINO,NO APLICA
2023.0,9461.0,CHOQUE,2023-01-03 00:00:00,,MAÑANA,MARTES,CENTRO POBLADO ROZO,CALLE 10 CARRERA 20 CALLEJO RAMIRE,RURAL,TECNICO,3.618616,-76.425556,NO ESTAR PENDIENTE DE LA VIA,157.0,NO APLICA,23.0,MASCULINO,NO APLICA
2023.0,9461.0,CHOQUE,2023-01-03 00:00:00,,MAÑANA,MARTES,CENTRO POBLADO ROZO,CALLE 10 CARRERA 20 CALLEJO RAMIRE,RURAL,TECNICO,3.618616,-76.425556,NO ESTAR PENDIENTE DE LA VIA,157.0,MOTOCICLISTA,17.0,MASCULINO,LESIONADO
2023.0,9462.0,CHOQUE,2023-01-04 00:00:00,,MAÑANA,MIÉRCOLES,FRAY LUIS,CALLE 42 CARRERA 49,URBANA,TECNICO,3.537694,-76.319289,CRUZAR LA VIA SIN OBSERVAR,157.0,MOTOCICLISTA,21.0,MASCULINO,LESIONADO
2023.0,9462.0,CHOQUE,2023-01-04 00:00:00,,MAÑANA,MIÉRCOLES,FRAY LUIS,CALLE 42 CARRERA 49,URBANA,TECNICO,3.537694,-76.319289,CRUZAR LA VIA SIN OBSERVAR,157.0,CICLISTA,64.0,MASCULINO,LESIONADO
2023.0,9463.0,CHOQUE,2023-01-04 00:00:00,,MAÑANA,MIÉRCOLES,SANTA RITA,CARRERA 27 CALLE 35,URBANA,TECNICO,3.531819,-76.297149,DESOBEDECER SEÑALES O NORMAS DE TRANSITO,112.0,MOTOCICLISTA,63.0,MASCULINO,LESIONADO
2023.0,9463.0,CHOQUE,2023-01-04 00:00:00,,MAÑANA,MIÉRCOLES,SANTA RITA,CARRERA 27 CALLE 35,URBANA,TECNICO,3.531819,-76.297149,DESOBEDECER SEÑALES O NORMAS DE TRANSITO,112.0,NO APLICA,47.0,MASCULINO,NO APLICA
2023.0,9463.0,CHOQUE,2023-01-04 00:00:00,,MAÑANA,MIÉRCOLES,SANTA RITA,CARRERA 27 CALLE 35,URBANA,TECNICO,3.531819,-76.297149,DESOBEDECER SEÑALES O NORMAS DE TRANSITO,112.0,ACOMPAÑANTE MOTOCICLISTA,51.0,FEMENINO,LESIONADO
2023.0,DITRA,CHOQUE OBJETO FIJO MURO,2023-01-01 00:00:00,,MAÑANA,DOMINGO,VIA CENCAR -AEREOPUERTO,KM 11 + 500 MTS,RURAL,POLICIA,,,EMBRIAGUEZ APARENTE,115,ACOMPAÑANTE CONDUCTOR,28.0,FEMENINO,MUERTO
2023.0,DITRA,CHOQUE OBJETO FIJO ARBOL,2023-01-18 00:00:00,,MAÑANA,MIÉRCOLES,VIA CALI - PALMIRA NORTE,KM 2 + 900 MTS,RURAL,POLICIA,,,PERDIDA DEL CONTROL DEL VEHICULO,157,MOTOCICLISTA,23.0,MASCULINO,MUERTO
2023.0,9465.0,CHOQUE,2023-01-05 00:00:00,,NOCHE,JUEVES,DELICIAS,CALLE 27 CARRERA 27,URBANA,TECNICO,3.524333,-76.29854,PONER EN MARCHA UN VEHICULO SIN LAS MEDIDAS DE PRECAUCION,143.0,NO APLICA,45.0,MASCULINO,NO APLICA
2023.0,9465.0,CHOQUE,2023-01-05 00:00:00,,NOCHE,JUEVES,DELICIAS,CALLE 27 CARRERA 27,URBANA,TECNICO,3.524333,-76.29854,PONER EN MARCHA UN VEHICULO SIN LAS MEDIDAS DE PRECAUCION,143.0,MOTOCICLISTA,31.0,MASCULINO,LESIONADO
2023.0,9465.0,CHOQUE,2023-01-05 00:00:00,,NOCHE,JUEVES,DELICIAS,CALLE 27 CARRERA 27,URBANA,TECNICO,3.524333,-76.29854,PONER EN MARCHA UN VEHICULO SIN LAS MEDIDAS DE PRECAUCION,143.0,ACOMPAÑANTE MOTOCICLISTA,29.0,FEMENINO,LESIONADO
2023.0,9466.0,CHOQUE,2023-01-06 00:00:00,,TARDE,VIERNES,SANTA RITA,CALLE 39 CARRERA 27,URBANA,TECNICO,3.524333,-76.29854,ARRANCAR SIN PRECAUCION,145.0,MOTOCICLISTA,22.0,MASCULINO,LESIONADO
2023.0,9466.0,CHOQUE,2023-01-06 00:00:00,,TARDE,VIERNES,SANTA RITA,CALLE 39 CARRERA 27,URBANA,TECNICO,3.524333,-76.29854,ARRANCAR SIN PRECAUCION,145.0,NO APLICA,66.0,MASCULINO,NO APLICA
2023.0,9467.0,VOLCAMIENTO,2023-01-08 00:00:00,,MADRUGADA,DOMINGO,VILLA DIANA,CARRERA 38 CALLE 58C-32,URBANA,TECNICO,3.549151,-76.310046,POR ESTABLECER,157.0,MOTOCICLISTA,42.0,MASCULINO,LESIONADO