a_o,ipat,clase_siniestro,fecha,hora,jornada,dia_semana,barrios_corregimiento_via,direccion,zona,autoridad,lat,long,hipotesis,codigo,condicion_de_la_victima,edad,genero,lesionados_y_muertos
2024.0,10120.0,NO APLICA,2024-02-06 00:00:00,,MAÑANA,MARTES,LAS FLORES,CARRERA 1 CALLE 30,URBANA,TECNICO,3.5221,-76.2785,GIRAR BRUSCAMENTE,122.0,CONDUCTOR,40.0,FEMENINO,NO APLICA
2024.0,10121.0,NO APLICA,2024-02-06 00:00:00,,MAÑANA,MARTES,COLOMBIA,CALLE 36 CARRERA 31,URBANA,TECNICO,3.5332,-76.3006,SEMAFORO EN ROJO,142.0,MOTOCICLISTA,32.0,MASCULINO,LESIONADO
2024.0,10121.0,NO APLICA,2024-02-06 00:00:00,,MAÑANA,MARTES,COLOMBIA,CALLE 36 CARRERA 31,URBANA,TECNICO,3.5332,-76.3006,SEMAFORO EN ROJO,142.0,MOTOCICLISTA,41.0,MASCULINO,LESIONADO
2024.0,10121.0,NO APLICA,2024-02-06 00:00:00,,MAÑANA,MARTES,COLOMBIA,CALLE 36 CARRERA 31,URBANA,TECNICO,3.5332,-76.3006,SEMAFORO EN ROJO,142.0,NO APLICA,38.0,MASCULINO,NO APLICA
2024.0,10122.0,NO APLICA,2024-02-07 00:00:00,,MAÑANA,MIÉRCOLES,SIMON BOLIVAR,CARRERA 42 CALLE 59,URBANA,TECNICO,3.5503,-76.3124,DESOBEDECER SEÑALES O NORMAS DE TRANSITO,112.0,NO APLICA,,NO APLICA,NO APLICA
2024.0,10122.0,NO APLICA,2024-02-07 00:00:00,,MAÑANA,MIÉRCOLES,SIMON BOLIVAR,CARRERA 42 CALLE 59,URBANA,TECNICO,3.5503,-76.3124,DESOBEDECER SEÑALES O NORMAS DE TRANSITO,112.0,MOTOCICLISTA,30.0,MASCULINO,LESIONADO
2024.0,10122.0,NO APLICA,2024-02-07 00:00:00,,MAÑANA,MIÉRCOLES,SIMON BOLIVAR,CARRERA 42 CALLE 59,URBANA,TECNICO,3.5503,-76.3124,DESOBEDECER SEÑALES O NORMAS DE TRANSITO,112.0,ACOMPAÑANTE MOTOCICLISTA,52.0,MASCULINO,LESIONADO
2024.0,10123.0,NO APLICA,2024-02-09 00:00:00,,TARDE,VIERNES,SANTA ANA,CALLE 35 CARRERA 45,URBANA,TECNICO,3.5321,-76.316,TRANSITAR EN CONTRAVIA,127.0,MOTOCICLISTA,69.0,MASCULINO,LESIONADO
2024.0,10123.0,NO APLICA,2024-02-09 00:00:00,,TARDE,VIERNES,SANTA ANA,CALLE 35 CARRERA 45,URBANA,TECNICO,3.5321,-76.316,TRANSITAR EN CONTRAVIA,127.0,MOTOCICLISTA,42.0,FEMENINO,LESIONADO
2024.0,10124.0,NO APLICA,2024-02-09 00:00:00,,NOCHE,VIERNES,COLOMBINA,CALLE 28 CARRERA 21,URBANA,TECNICO,3.5245,-76.2932,DESOBEDECER SEÑALES O NORMAS DE TRANSITO,112.0,NO APLICA,52.0,MASCULINO,NO APLICA
2024.0,10124.0,NO APLICA,2024-02-09 00:00:00,,NOCHE,VIERNES,COLOMBINA,CALLE 28 CARRERA 21,URBANA,TECNICO,3.5245,-76.2932,DESOBEDECER SEÑALES O NORMAS DE TRANSITO,112.0,MOTOCICLISTA,38.0,MASCULINO,LESIONADO
2024.0,10125.0,NO APLICA,2024-02-10 00:00:00,,MAÑANA,SÁBADO,BARRIO NUEVO,CARRERA 33A CALLE 23,URBANA,TECNICO,3.5217,-76.3049,SEMAFORO EN ROJO,142.0,CONDUCTOR,43.0,MASCULINO,LESIONADO
2024.0,10125.0,NO APLICA,2024-02-10 00:00:00,,MAÑANA,SÁBADO,BARRIO NUEVO,CARRERA 33A CALLE 23,URBANA,TECNICO,3.5217,-76.3049,SEMAFORO EN ROJO,142.0,NO APLICA,22.0,MASCULINO,NO APLICA
2024.0,10126.0,NO APLICA,2024-02-10 00:00:00,,TARDE,SÁBADO,RIVERA ESCOBAR,CALLE 31 CARRERA 36,URBANA,TECNICO,3.5291,-76.3065,IMPERICIA EN EL MANEJO,139.0,NO APLICA,81.0,MASCULINO,NO APLICA
2024.0,10127.0,NO APLICA,2024-02-12 00:00:00,,NOCHE,LUNES,DELICIAS,CARRERA 24 CALLE 25,URBANA,TECNICO,3.522,-76.2959,Otra.,157.0,NO APLICA,33.0,MASCULINO,NO APLICA
2024.0,10128.0,NO APLICA,2024-02-14 00:00:00,,MADRUGADA,MIÉRCOLES,DELICIAS,CARRERA 25 CALLE 25,URBANA,TECNICO,3.5222,-76.297,NO RESPETAR PRELACIÓN,132.0,NO APLICA,56.0,MASCULINO,NO APLICA
2024.0,10128.0,NO APLICA,2024-02-14 00:00:00,,MADRUGADA,MIÉRCOLES,DELICIAS,CARRERA 25 CALLE 25,URBANA,TECNICO,3.5222,-76.297,NO RESPETAR PRELACIÓN,132.0,MOTOCICLISTA,36.0,MASCULINO,LESIONADO
2024.0,10129.0,NO APLICA,2024-02-14 00:00:00,,TARDE,MIÉRCOLES,ALFONSO LOPEZ,CARRERA 32 CALLE 41,URBANA,TECNICO,3.5376,-76.301,DESOBEDECER SEÑALES O NORMAS DE TRANSITO,112.0,MOTOCICLISTA,22.0,MASCULINO,LESIONADO
2024.0,10129.0,NO APLICA,2024-02-14 00:00:00,,TARDE,MIÉRCOLES,ALFONSO LOPEZ,CARRERA 32 CALLE 41,URBANA,TECNICO,3.5376,-76.301,DESOBEDECER SEÑALES O NORMAS DE TRANSITO,112.0,MOTOCICLISTA,25.0,MASCULINO,LESIONADO
2024.0,10129.0,NO APLICA,2024-02-14 00:00:00,,TARDE,MIÉRCOLES,ALFONSO LOPEZ,CARRERA 32 CALLE 41,URBANA,TECNICO,3.5376,-76.301,DESOBEDECER SEÑALES O NORMAS DE TRANSITO,112.0,ACOMPAÑANTE MOTOCICLISTA,20.0,FEMENINO,LESIONADO
2024.0,10130.0,NO APLICA,2024-02-17 00:00:00,,MAÑANA,SÁBADO,SANTA TERESITA,CARRERA 35 CALLES 47-47A,URBANA,TECNICO,3.5428,-76.3074,Otra.,157.0,NO APLICA,30.0,MASCULINO,NO APLICA
2024.0,10131.0,NO APLICA,2024-02-18 00:00:00,,MAÑANA,DOMINGO,LA ITALIA,TRANSVERSAL 30 CALLE 4E-37,URBANA,TECNICO,3.502,-76.3073,TRANSITAR EN CONTRAVIA,127.0,NO APLICA,25.0,MASCULINO,NO APLICA
2024.0,10132.0,NO APLICA,2024-02-27 00:00:00,,TARDE,MARTES,SANTA RITA,CALLE 35 CARRERA 27,URBANA,TECNICO,3.5318,-76.2972,DESOBEDECER SEÑALES O NORMAS DE TRANSITO,112.0,NO APLICA,24.0,MASCULINO,NO APLICA
2024.0,10132.0,NO APLICA,2024-02-27 00:00:00,,TARDE,MARTES,SANTA RITA,CALLE 35 CARRERA 27,URBANA,TECNICO,3.5318,-76.2972,DESOBEDECER SEÑALES O NORMAS DE TRANSITO,112.0,MOTOCICLISTA,18.0,MASCULINO,LESIONADO
2024.0,10133.0,NO APLICA,2024-02-20 00:00:00,,MAÑANA,MARTES,PATIO BONITO,CARRERA 18 CALLE 32,URBANA,TECNICO,3.5278,-76.2904,DESOBEDECER SEÑALES O NORMAS DE TRANSITO,112.0,MOTOCICLISTA,16.0,FEMENINO,LESIONADO
2024.0,10133.0,NO APLICA,2024-02-20 00:00:00,,MAÑANA,MARTES,PATIO BONITO,CARRERA 18 CALLE 32,URBANA,TECNICO,3.5278,-76.2904,DESOBEDECER SEÑALES O NORMAS DE TRANSITO,112.0,MOTOCICLISTA,29.0,FEMENINO,LESIONADO
2024.0,10134.0,NO APLICA,2024-02-20 00:00:00,,MAÑANA,MARTES,FRAY LUIS,CALLE 42 CARRERA 49-50,URBANA,TECNICO,3.5382,-76.3188,NO MANTENER DISTANCIA SEGURIDAD,121.0,ACOMPAÑANTE MOTOCICLISTA,61.0,FEMENINO,LESIONADO
2024.0,10134.0,NO APLICA,2024-02-20 00:00:00,,MAÑANA,MARTES,FRAY LUIS,CALLE 42 CARRERA 49-50,URBANA,TECNICO,3.5382,-76.3188,NO MANTENER DISTANCIA SEGURIDAD,121.0,NO APLICA,31.0,MASCULINO,NO APLICA
2024.0,10134.0,NO APLICA,2024-02-20 00:00:00,,MAÑANA,MARTES,FRAY LUIS,CALLE 42 CARRERA 49-50,URBANA,TECNICO,3.5382,-76.3188,NO MANTENER DISTANCIA SEGURIDAD,121.0,MOTOCICLISTA,51.0,MASCULINO,LESIONADO
2024.0,10135.0,NO APLICA,2024-02-21 00:00:00,,MAÑANA,MIÉRCOLES,SAN CAYETANO,CALLE 40 CARRERA 21,URBANA,TECNICO,3.5356,-76.2918,DESOBEDECER SEÑALES O NORMAS DE TRANSITO,112.0,ACOMPAÑANTE MOTOCICLISTA,17.0,MASCULINO,LESIONADO
2024.0,10135.0,NO APLICA,2024-02-21 00:00:00,,MAÑANA,MIÉRCOLES,SAN CAYETANO,CALLE 40 CARRERA 21,URBANA,TECNICO,3.5356,-76.2918,DESOBEDECER SEÑALES O NORMAS DE TRANSITO,112.0,NO APLICA,57.0,MASCULINO,NO APLICA
2024.0,10135.0,NO APLICA,2024-02-21 00:00:00,,MAÑANA,MIÉRCOLES,SAN CAYETANO,CALLE 40 CARRERA 21,URBANA,TECNICO,3.5356,-76.2918,DESOBEDECER SEÑALES O NORMAS DE TRANSITO,112.0,MOTOCICLISTA,16.0,MASCULINO,LESIONADO
2024.0,10136.0,NO APLICA,2024-02-19 00:00:00,,NOCHE,LUNES,INDUSTRIAL,CALLE 42 CARRERA 34B,URBANA,TECNICO,3.5386,-76.3038,GIRAR BRUSCAMENTE,122.0,NO APLICA,23.0,FEMENINO,NO APLICA
2024.0,10136.0,NO APLICA,2024-02-19 00:00:00,,NOCHE,LUNES,INDUSTRIAL,CALLE 42 CARRERA 34B,URBANA,TECNICO,3.5386,-76.3038,GIRAR BRUSCAMENTE,122.0,MOTOCICLISTA,32.0,MASCULINO,LESIONADO
2024.0,10136.0,NO APLICA,2024-02-19 00:00:00,,NOCHE,LUNES,INDUSTRIAL,CALLE 42 CARRERA 34B,URBANA,TECNICO,3.5386,-76.3038,GIRAR BRUSCAMENTE,122.0,ACOMPAÑANTE MOTOCICLISTA,29.0,FEMENINO,LESIONADO
2024.0,10137.0,NO APLICA,2024-02-22 00:00:00,,TARDE,JUEVES,BARRIO NUEVO,CALLE 24 CARRERA 33,URBANA,TECNICO,3.5224,-76.3036,DESOBEDECER SEÑALES O NORMAS DE TRANSITO,112.0,MOTOCICLISTA,22.0,MASCULINO,LESIONADO
2024.0,10137.0,NO APLICA,2024-02-22 00:00:00,,TARDE,JUEVES,BARRIO NUEVO,CALLE 24 CARRERA 33,URBANA,TECNICO,3.5224,-76.3036,DESOBEDECER SEÑALES O NORMAS DE TRANSITO,112.0,NO APLICA,55.0,MASCULINO,NO APLICA
2024.0,10138.0,NO APLICA,2024-03-09 00:00:00,,NOCHE,SÁBADO,LAS AMERICAS,CARRERA 25 CALLE 17,URBANA,TECNICO,3.5161,-76.2979,TRANSITAR EN CONTRAVIA,127.0,MOTOCICLISTA,35.0,MASCULINO,LESIONADO
2024.0,10138.0,NO APLICA,2024-03-09 00:00:00,,NOCHE,SÁBADO,LAS AMERICAS,CARRERA 25 CALLE 17,URBANA,TECNICO,3.5161,-76.2979,TRANSITAR EN CONTRAVIA,127.0,NO APLICA,43.0,MASCULINO,NO APLICA
2024.0,10139.0,NO APLICA,2024-02-25 00:00:00,,MADRUGADA,DOMINGO,SAMANES,CALLE 47 CARRERA 28,URBANA,TECNICO,3.5421,-76.2967,Otra.,157.0,NO APLICA,40.0,MASCULINO,NO APLICA
2024.0,10139.0,NO APLICA,2024-02-25 00:00:00,,MADRUGADA,DOMINGO,SAMANES,CALLE 47 CARRERA 28,URBANA,TECNICO,3.5421,-76.2967,Otra.,157.0,NO APLICA,48.0,MASCULINO,NO APLICA
2024.0,10140.0,NO APLICA,2024-02-26 00:00:00,,MAÑANA,LUNES,ESTONIA,CALLE 43 CARRERA 29,URBANA,TECNICO,3.5387,-76.298,DESOBEDECER SEÑALES O NORMAS DE TRANSITO,112.0,NO APLICA,29.0,FEMENINO,NO APLICA
2024.0,10141.0,NO APLICA,2024-02-25 00:00:00,,TARDE,DOMINGO,VIA PALMIRA TIENDA NUEVA,CALLEJON LAS TUSAS 9-636,RURAL,TECNICO,3.5609,-76.2177,IMPERICIA EN EL MANEJO,139.0,NO APLICA,24.0,MASCULINO,NO APLICA
2024.0,10142.0,NO APLICA,2024-02-22 00:00:00,,NOCHE,JUEVES,COLOMBIA,CALLE 36 CARRERA 32,URBANA,TECNICO,3.5334,-76.3016,SEMAFORO EN ROJO,142.0,MOTOCICLISTA,40.0,MASCULINO,LESIONADO
2024.0,10142.0,NO APLICA,2024-02-22 00:00:00,,NOCHE,JUEVES,COLOMBIA,CALLE 36 CARRERA 32,URBANA,TECNICO,3.5334,-76.3016,SEMAFORO EN ROJO,142.0,NO APLICA,37.0,MASCULINO,NO APLICA
2024.0,10142.0,NO APLICA,2024-02-22 00:00:00,,NOCHE,JUEVES,COLOMBIA,CALLE 36 CARRERA 32,URBANA,TECNICO,3.5334,-76.3016,SEMAFORO EN ROJO,142.0,ACOMPAÑANTE MOTOCICLISTA,34.0,FEMENINO,LESIONADO
2024.0,10143.0,NO APLICA,2024-02-23 00:00:00,,NOCHE,VIERNES,LAS MERCEDES,CARRERA 28 CALLE 56,URBANA,TECNICO,3.5478,-76.2955,IMPERICIA EN EL MANEJO,139.0,PEATÓN,41.0,MASCULINO,LESIONADO
2024.0,10143.0,NO APLICA,2024-02-23 00:00:00,,NOCHE,VIERNES,LAS MERCEDES,CARRERA 28 CALLE 56,URBANA,TECNICO,3.5478,-76.2955,IMPERICIA EN EL MANEJO,139.0,MOTOCICLISTA,14.0,MASCULINO,LESIONADO
2024.0,10144.0,NO APLICA,2024-02-24 00:00:00,,NOCHE,SÁBADO,VIA PALMIRA TIENDA NUEVA,KM 9 + 524 MTS PUENTE,RURAL,TECNICO,3.5712,-76.2185,Otra.,157.0,MOTOCICLISTA,53.0,MASCULINO,LESIONADO
2024.0,10145.0,NO APLICA,2024-02-25 00:00:00,,TARDE,DOMINGO,COLOMBIA,CARRERA 31 CALLE 37,URBANA,TECNICO,3.534,-76.3005,Arrancar sin precaución.,145.0,NO APLICA,22.0,MASCULINO,NO APLICA
2024.0,10145.0,NO APLICA,2024-02-25 00:00:00,,TARDE,DOMINGO,COLOMBIA,CARRERA 31 CALLE 37,URBANA,TECNICO,3.534,-76.3005,Arrancar sin precaución.,145.0,MOTOCICLISTA,33.0,MASCULINO,LESIONADO
2024.0,10146.0,NO APLICA,2024-02-28 00:00:00,,TARDE,MIÉRCOLES,LOS PINOS,CALLE 42 CARRERA 22,URBANA,TECNICO,3.5373,-76.2924,NO RESPETAR PRELACIÓN DE INTERSECCIÓN O GIROS,123.0,NO APLICA,75.0,MASCULINO,NO APLICA
2024.0,10146.0,NO APLICA,2024-02-28 00:00:00,,TARDE,MIÉRCOLES,LOS PINOS,CALLE 42 CARRERA 22,URBANA,TECNICO,3.5373,-76.2924,NO RESPETAR PRELACIÓN DE INTERSECCIÓN O GIROS,123.0,MOTOCICLISTA,29.0,FEMENINO,LESIONADO
2024.0,10147.0,NO APLICA,2024-02-29 00:00:00,,NOCHE,JUEVES,SANTA MARIA DEL PALMAR,CALLE 42 CARRERA 2,URBANA,TECNICO,3.5369,-76.2798,GIRAR BRUSCAMENTE,122.0,NO APLICA,42.0,MASCULINO,NO APLICA
2024.0,10147.0,NO APLICA,2024-02-29 00:00:00,,NOCHE,JUEVES,SANTA MARIA DEL PALMAR,CALLE 42 CARRERA 2,URBANA,TECNICO,3.5369,-76.2798,GIRAR BRUSCAMENTE,122.0,MOTOCICLISTA,28.0,MASCULINO,LESIONADO
2024.0,10148.0,NO APLICA,2024-03-01 00:00:00,,MAÑANA,VIERNES,LOS PINOS,CALLE 42 CARRERA 22,URBANA,TECNICO,3.5372,-76.2924,NO RESPETAR PRELACIÓN DE INTERSECCIÓN O GIROS,123.0,MOTOCICLISTA,20.0,MASCULINO,LESIONADO
2024.0,10148.0,NO APLICA,2024-03-01 00:00:00,,MAÑANA,VIERNES,LOS PINOS,CALLE 42 CARRERA 22,URBANA,TECNICO,3.5372,-76.2924,NO RESPETAR PRELACIÓN DE INTERSECCIÓN O GIROS,123.0,NO APLICA,58.0,MASCULINO,NO APLICA
2024.0,10149.0,NO APLICA,2024-03-01 00:00:00,,TARDE,VIERNES,SANTA RITA,CARRERA 28 CALLE 35,URBANA,TECNICO,3.532,-76.2982,DESOBEDECER SEÑALES O NORMAS DE TRANSITO,112.0,MOTOCICLISTA,72.0,MASCULINO,LESIONADO
2024.0,10149.0,NO APLICA,2024-03-01 00:00:00,,TARDE,VIERNES,SANTA RITA,CARRERA 28 CALLE 35,URBANA,TECNICO,3.532,-76.2982,DESOBEDECER SEÑALES O NORMAS DE TRANSITO,112.0,NO APLICA,43.0,MASCULINO,NO APLICA
2024.0,10150.0,NO APLICA,2024-03-03 00:00:00,,TARDE,DOMINGO,LIBERTAD,CARRERA 10 CALLE 39,URBANA,TECNICO,3.5351,-76.2836,DESOBEDECER SEÑALES O NORMAS DE TRANSITO,112.0,MOTOCICLISTA,29.0,FEMENINO,LESIONADO
2024.0,10150.0,NO APLICA,2024-03-03 00:00:00,,TARDE,DOMINGO,LIBERTAD,CARRERA 10 CALLE 39,URBANA,TECNICO,3.5351,-76.2836,DESOBEDECER SEÑALES O NORMAS DE TRANSITO,112.0,NO APLICA,29.0,FEMENINO,NO APLICA
2024.0,10151.0,NO APLICA,2024-03-02 00:00:00,,NOCHE,SÁBADO,LA ITALIA,CALLE 6 CARRERA 30,URBANA,TECNICO,3.5057,-76.3053,Otra.,157.0,NO APLICA,42.0,MASCULINO,NO APLICA
2024.0,10151.0,NO APLICA,2024-03-02 00:00:00,,NOCHE,SÁBADO,LA ITALIA,CALLE 6 CARRERA 30,URBANA,TECNICO,3.5057,-76.3053,Otra.,157.0,MOTOCICLISTA,26.0,MASCULINO,LESIONADO
2024.0,10152.0,NO APLICA,2024-03-03 00:00:00,,TARDE,DOMINGO,SAN PEDRO,CALLE 37 CARRERA 9,URBANA,TECNICO,3.5339,-76.2823,DESOBEDECER SEÑALES O NORMAS DE TRANSITO,112.0,MOTOCICLISTA,23.0,MASCULINO,LESIONADO
2024.0,10152.0,NO APLICA,2024-03-03 00:00:00,,TARDE,DOMINGO,SAN PEDRO,CALLE 37 CARRERA 9,URBANA,TECNICO,3.5339,-76.2823,DESOBEDECER SEÑALES O NORMAS DE TRANSITO,112.0,MOTOCICLISTA,27.0,FEMENINO,LESIONADO
2024.0,10152.0,NO APLICA,2024-03-03 00:00:00,,TARDE,DOMINGO,SAN PEDRO,CALLE 37 CARRERA 9,URBANA,TECNICO,3.5339,-76.2823,DESOBEDECER SEÑALES O NORMAS DE TRANSITO,112.0,ACOMPAÑANTE MOTOCICLISTA,23.0,FEMENINO,LESIONADO
2024.0,10153.0,NO APLICA,2024-03-03 00:00:00,,TARDE,DOMINGO,COLOMBINA,CALLE 30 CARRERA 18,URBANA,TECNICO,3.5259,-76.2905,SEMAFORO EN ROJO,142.0,CONDUCTOR,24.0,MASCULINO,LESIONADO
2024.0,10153.0,NO APLICA,2024-03-03 00:00:00,,TARDE,DOMINGO,COLOMBINA,CALLE 30 CARRERA 18,URBANA,TECNICO,3.5259,-76.2905,SEMAFORO EN ROJO,142.0,ACOMPAÑANTE CONDUCTOR,20.0,FEMENINO,LESIONADO
2024.0,10153.0,NO APLICA,2024-03-03 00:00:00,,TARDE,DOMINGO,COLOMBINA,CALLE 30 CARRERA 18,URBANA,TECNICO,3.5259,-76.2905,SEMAFORO EN ROJO,142.0,NO APLICA,53.0,MASCULINO,NO APLICA
2024.0,10154.0,NO APLICA,2024-03-04 00:00:00,,TARDE,LUNES,SANTA ISABEL,CARRERA 30 CALLE 46,URBANA,TECNICO,3.5413,-76.2983,DESOBEDECER SEÑALES O NORMAS DE TRANSITO,112.0,MOTOCICLISTA,56.0,FEMENINO,LESIONADO
2024.0,10154.0,NO APLICA,2024-03-04 00:00:00,,TARDE,LUNES,SANTA ISABEL,CARRERA 30 CALLE 46,URBANA,TECNICO,3.5413,-76.2983,DESOBEDECER SEÑALES O NORMAS DE TRANSITO,112.0,NO APLICA,54.0,MASCULINO,NO APLICA
2024.0,10155.0,NO APLICA,2024-03-06 00:00:00,,TARDE,MIÉRCOLES,ALAMEDA,CARRERA 25 CALLE 70,URBANA,TECNICO,3.5161,-76.2979,DESOBEDECER SEÑALES O NORMAS DE TRANSITO,112.0,NO APLICA,46.0,MASCULINO,NO APLICA
2024.0,10155.0,NO APLICA,2024-03-06 00:00:00,,TARDE,MIÉRCOLES,ALAMEDA,CARRERA 25 CALLE 70,URBANA,TECNICO,3.5161,-76.2979,DESOBEDECER SEÑALES O NORMAS DE TRANSITO,112.0,MOTOCICLISTA,26.0,MASCULINO,LESIONADO
2024.0,10156.0,NO APLICA,2024-03-07 00:00:00,,MAÑANA,JUEVES,CAMPESTRE,CALLE 42 CARRERA 8,URBANA,TECNICO,3.5369,-76.2818,Otra.,157.0,NO APLICA,18.0,MASCULINO,NO APLICA
2024.0,10157.0,NO APLICA,2024-03-05 00:00:00,,NOCHE,MARTES,RECREO,CARRERA 30 CALLE 17-12,URBANA,TECNICO,3.5164,-76.3027,CRUZAR SIN OBSERVAR,409.0,MOTOCICLISTA,21.0,FEMENINO,LESIONADO
2024.0,10158.0,NO APLICA,2024-03-07 00:00:00,,TARDE,JUEVES,COLOMBIA,CALLE 34 CARRERA 33,URBANA,TECNICO,3.5319,-76.3029,DESOBEDECER SEÑALES O NORMAS DE TRANSITO,112.0,NO APLICA,36.0,MASCULINO,NO APLICA
2024.0,10158.0,NO APLICA,2024-03-07 00:00:00,,TARDE,JUEVES,COLOMBIA,CALLE 34 CARRERA 33,URBANA,TECNICO,3.5319,-76.3029,DESOBEDECER SEÑALES O NORMAS DE TRANSITO,112.0,MOTOCICLISTA,32.0,FEMENINO,LESIONADO
2024.0,10159.0,NO APLICA,2024-03-09 00:00:00,,MADRUGADA,SÁBADO,SANTA TERESITA,CARRERA 35 CALLE 48A,URBANA,TECNICO,3.5435,-76.3075,Otra.,157.0,MOTOCICLISTA,24.0,MASCULINO,LESIONADO
2024.0,10160.0,NO APLICA,2024-03-16 00:00:00,,MAÑANA,SÁBADO,LA ITALIA,TRANSVERSAL 6 CARRERA 24,URBANA,TECNICO,3.5054,-76.296,Otra.,157.0,NO APLICA,44.0,MASCULINO,NO APLICA
2024.0,10160.0,NO APLICA,2024-03-16 00:00:00,,MAÑANA,SÁBADO,LA ITALIA,TRANSVERSAL 6 CARRERA 24,URBANA,TECNICO,3.5054,-76.296,Otra.,157.0,MOTOCICLISTA,43.0,MASCULINO,LESIONADO
2024.0,10161.0,NO APLICA,2024-03-16 00:00:00,,MAÑANA,SÁBADO,CHAPINERO SUR,CARRERA 32 CALLE 12,URBANA,TECNICO,3.5132,-76.3061,Otra.,157.0,NO APLICA,45.0,MASCULINO,NO APLICA
2024.0,10162.0,NO APLICA,2024-03-11 00:00:00,,MAÑANA,LUNES,BARRIO NUEVO,CALLE 25 CARRERA 32,URBANA,TECNICO,3.5232,-76.3031,Otra.,157.0,NO APLICA,53.0,MASCULINO,NO APLICA
2024.0,10163.0,NO APLICA,2024-03-11 00:00:00,,MAÑANA,LUNES,PARQUES DE BELÉN,CALLE 68 CARRERA 18,URBANA,TECNICO,3.5544,-76.2843,NO RESPETAR PRELACIÓN,132.0,MOTOCICLISTA,22.0,MASCULINO,LESIONADO
2024.0,10163.0,NO APLICA,2024-03-11 00:00:00,,MAÑANA,LUNES,PARQUES DE BELÉN,CALLE 68 CARRERA 18,URBANA,TECNICO,3.5544,-76.2843,NO RESPETAR PRELACIÓN,132.0,NO APLICA,55.0,MASCULINO,NO APLICA
2024.0,10164.0,NO APLICA,2024-03-11 00:00:00,,MAÑANA,LUNES,URIBE,CALLE 32 CARRERA 23,URBANA,TECNICO,3.5283,-76.2945,DESOBEDECER SEÑALES O NORMAS DE TRANSITO,112.0,MOTOCICLISTA,41.0,MASCULINO,LESIONADO
2024.0,10164.0,NO APLICA,2024-03-11 00:00:00,,MAÑANA,LUNES,URIBE,CALLE 32 CARRERA 23,URBANA,TECNICO,3.5283,-76.2945,DESOBEDECER SEÑALES O NORMAS DE TRANSITO,112.0,NO APLICA,49.0,MASCULINO,NO APLICA
2024.0,10165.0,NO APLICA,2024-03-09 00:00:00,,MAÑANA,SÁBADO,EMILIA,CARRERA 39 CALLE 42-100,URBANA,TECNICO,3.5385,-76.318,Otra.,157.0,MOTOCICLISTA,52.0,FEMENINO,LESIONADO
2024.0,10166.0,NO APLICA,2024-03-10 00:00:00,,TARDE,DOMINGO,TRINIDAD,CALLE 29 CARRERA 23,URBANA,TECNICO,3.5255,-76.2949,DESOBEDECER SEÑALES O NORMAS DE TRANSITO,112.0,MOTOCICLISTA,52.0,MASCULINO,LESIONADO
2024.0,10166.0,NO APLICA,2024-03-10 00:00:00,,TARDE,DOMINGO,TRINIDAD,CALLE 29 CARRERA 23,URBANA,TECNICO,3.5255,-76.2949,DESOBEDECER SEÑALES O NORMAS DE TRANSITO,112.0,NO APLICA,61.0,MASCULINO,NO APLICA
2024.0,10167.0,NO APLICA,2024-03-12 00:00:00,,MAÑANA,MARTES,CHAPINERO SUR,CARRERA 32 CALLE 5,URBANA,TECNICO,3.5069,-76.3125,ADELANTAR EN ZONA PROHIBIDA,105.0,NO APLICA,31.0,MASCULINO,NO APLICA
2024.0,10167.0,NO APLICA,2024-03-12 00:00:00,,MAÑANA,MARTES,CHAPINERO SUR,CARRERA 32 CALLE 5,URBANA,TECNICO,3.5069,-76.3125,ADELANTAR EN ZONA PROHIBIDA,105.0,NO APLICA,43.0,MASCULINO,NO APLICA
2024.0,10167.0,NO APLICA,2024-03-12 00:00:00,,MAÑANA,MARTES,CHAPINERO SUR,CARRERA 32 CALLE 5,URBANA,TECNICO,3.5069,-76.3125,ADELANTAR EN ZONA PROHIBIDA,105.0,NO APLICA,43.0,FEMENINO,NO APLICA
2024.0,10168.0,NO APLICA,2024-03-14 00:00:00,,TARDE,JUEVES,PRADO,CALLE 42 CARRERA 44,URBANA,TECNICO,3.5388,-76.3139,Otra.,157.0,NO APLICA,37.0,MASCULINO,NO APLICA
2024.0,10168.0,NO APLICA,2024-03-14 00:00:00,,TARDE,JUEVES,PRADO,CALLE 42 CARRERA 44,URBANA,TECNICO,3.5388,-76.3139,Otra.,157.0,MOTOCICLISTA,29.0,FEMENINO,LESIONADO
2024.0,10169.0,NO APLICA,2024-03-14 00:00:00,,MAÑANA,JUEVES,CENTRO,CARRARA 30 CALLE 30-35,URBANA,TECNICO,3.5273,-76.3007,Otra.,157.0,NO APLICA,59.0,MASCULINO,NO APLICA