a_o,ipat,clase_siniestro,fecha,hora,jornada,dia_semana,barrios_corregimiento_via,direccion,zona,autoridad,lat,long,hipotesis,codigo,condicion_de_la_victima,edad,genero,lesionados_y_muertos
2024.0,10272.0,NO APLICA,2024-05-18 00:00:00,,TARDE,SÁBADO,CIUDADELA COMFAUNIÓN,CARRERA 10 CALLE 29,URBANA,TECNICO,3.5237,-76.2845,TRANSITAR EN CONTRAVIA,127.0,MOTOCICLISTA,48.0,MASCULINO,LESIONADO
2024.0,10272.0,NO APLICA,2024-05-18 00:00:00,,TARDE,SÁBADO,CIUDADELA COMFAUNIÓN,CARRERA 10 CALLE 29,URBANA,TECNICO,3.5237,-76.2845,TRANSITAR EN CONTRAVIA,127.0,NO APLICA,45.0,MASCULINO,NO APLICA
2024.0,10273.0,NO APLICA,2024-02-19 00:00:00,,TARDE,LUNES,RECREO,CARRERA 28 CALLE 23,URBANA,TECNICO,3.521,-76.2998,SEMAFORO EN ROJO,142.0,NO APLICA,52.0,MASCULINO,NO APLICA
2024.0,10273.0,NO APLICA,2024-02-19 00:00:00,,TARDE,LUNES,RECREO,CARRERA 28 CALLE 23,URBANA,TECNICO,3.521,-76.2998,SEMAFORO EN ROJO,142.0,NO APLICA,50.0,MASCULINO,NO APLICA
2024.0,10274.0,NO APLICA,2024-05-19 00:00:00,,NOCHE,DOMINGO,MUNICIPAL,CARRERA 1 CALLE 30-31,URBANA,TECNICO,3.5225,-76.2786,NO HACER USO DE SEÑALES REFLECTIVAS O LUMINOSAS,99.0,MOTOCICLISTA,22.0,MASCULINO,LESIONADO
2024.0,10275.0,NO APLICA,2024-05-19 00:00:00,,NOCHE,DOMINGO,CENTRO,CALLE 29 CARRERA 31,URBANA,TECNICO,3.5265,-76.3018,SEMAFORO EN ROJO,142.0,MOTOCICLISTA,27.0,MASCULINO,LESIONADO
2024.0,10275.0,NO APLICA,2024-05-19 00:00:00,,NOCHE,DOMINGO,CENTRO,CALLE 29 CARRERA 31,URBANA,TECNICO,3.5265,-76.3018,SEMAFORO EN ROJO,142.0,MOTOCICLISTA,22.0,FEMENINO,LESIONADO
2024.0,10276.0,NO APLICA,2024-05-20 00:00:00,,NOCHE,LUNES,CAMPESTRE,CALLE 42 CARRERA 1A,URBANA,TECNICO,3.5367,-76.2781,REALIZAR GIRO EN U,146.0,MOTOCICLISTA,15.0,FEMENINO,LESIONADO
2024.0,10276.0,NO APLICA,2024-05-20 00:00:00,,NOCHE,LUNES,CAMPESTRE,CALLE 42 CARRERA 1A,URBANA,TECNICO,3.5367,-76.2781,REALIZAR GIRO EN U,146.0,MOTOCICLISTA,28.0,MASCULINO,LESIONADO
2024.0,10277.0,NO APLICA,2024-05-21 00:00:00,,MAÑANA,MARTES,LAS MERCEDES,DIAGONAL 28 CALLE 57,URBANA,TECNICO,3.5479,-76.2933,NO RESPETAR PRELACIÓN DE INTERSECCIÓN O GIROS,123.0,MOTOCICLISTA,44.0,FEMENINO,LESIONADO
2024.0,10277.0,NO APLICA,2024-05-21 00:00:00,,MAÑANA,MARTES,LAS MERCEDES,DIAGONAL 28 CALLE 57,URBANA,TECNICO,3.5479,-76.2933,NO RESPETAR PRELACIÓN DE INTERSECCIÓN O GIROS,123.0,NO APLICA,40.0,MASCULINO,NO APLICA
2024.0,10278.0,NO APLICA,2024-05-21 00:00:00,,TARDE,MARTES,CENTRO,CALLE 29 CARRERA 32,URBANA,TECNICO,3.5266,-76.3026,SEMAFORO EN ROJO,142.0,NO APLICA,66.0,MASCULINO,NO APLICA
2024.0,10278.0,NO APLICA,2024-05-21 00:00:00,,TARDE,MARTES,CENTRO,CALLE 29 CARRERA 32,URBANA,TECNICO,3.5266,-76.3026,SEMAFORO EN ROJO,142.0,MOTOCICLISTA,77.0,MASCULINO,LESIONADO
2024.0,10279.0,NO APLICA,2024-05-23 00:00:00,,MAÑANA,JUEVES,COLOMBIA,CARRERA 31 CALLE 35,URBANA,TECNICO,3.5324,-76.3008,DESOBEDECER SEÑALES O NORMAS DE TRANSITO,112.0,MOTOCICLISTA,20.0,FEMENINO,LESIONADO
2024.0,10279.0,NO APLICA,2024-05-23 00:00:00,,MAÑANA,JUEVES,COLOMBIA,CARRERA 31 CALLE 35,URBANA,TECNICO,3.5324,-76.3008,DESOBEDECER SEÑALES O NORMAS DE TRANSITO,112.0,NO APLICA,48.0,MASCULINO,NO APLICA
2024.0,10280.0,NO APLICA,2024-05-24 00:00:00,,MADRUGADA,VIERNES,ALTAMIRA,CARRERA 19 CALLE 45,URBANA,TECNICO,3.54,-76.2909,TRANSITAR EN CONTRAVIA,127.0,MOTOCICLISTA,37.0,MASCULINO,LESIONADO
2024.0,10280.0,NO APLICA,2024-05-24 00:00:00,,MADRUGADA,VIERNES,ALTAMIRA,CARRERA 19 CALLE 45,URBANA,TECNICO,3.54,-76.2909,TRANSITAR EN CONTRAVIA,127.0,NO APLICA,,NO APLICA,NO APLICA
2024.0,10281.0,NO APLICA,2024-05-25 00:00:00,,MAÑANA,SÁBADO,COLOMBIA,CALLE 34 CARRERA 34,URBANA,TECNICO,3.5321,-76.3041,DESOBEDECER SEÑALES O NORMAS DE TRANSITO,112.0,NO APLICA,68.0,MASCULINO,NO APLICA
2024.0,10282.0,NO APLICA,2024-05-26 00:00:00,,MAÑANA,DOMINGO,CHAPINERO SUR,CARRERA 32 CALLE 5,URBANA,TECNICO,3.5061,-76.3137,Otra.,157.0,MOTOCICLISTA,21.0,MASCULINO,LESIONADO
2024.0,10282.0,NO APLICA,2024-05-26 00:00:00,,MAÑANA,DOMINGO,CHAPINERO SUR,CARRERA 32 CALLE 5,URBANA,TECNICO,3.5061,-76.3137,Otra.,157.0,NO APLICA,36.0,FEMENINO,NO APLICA
2024.0,10283.0,NO APLICA,2024-05-26 00:00:00,,TARDE,DOMINGO,VIA PALMIRA TIENDA NUEVA,KM 1-80 MTS,RURAL,POLICIA,3.5712,-76.2186,NO RESPETAR PRELACIÓN,132.0,MOTOCICLISTA,49.0,MASCULINO,LESIONADO
2024.0,10283.0,NO APLICA,2024-05-26 00:00:00,,TARDE,DOMINGO,VIA PALMIRA TIENDA NUEVA,KM 1-80 MTS,RURAL,POLICIA,3.5712,-76.2186,NO RESPETAR PRELACIÓN,132.0,NO APLICA,19.0,MASCULINO,NO APLICA
2024.0,10284.0,NO APLICA,2024-05-29 00:00:00,,TARDE,MIÉRCOLES,FRAY LUIS,CALLE 42 CARRERA 49,URBANA,TECNICO,3.5386,-76.3179,GIRAR BRUSCAMENTE,122.0,NO APLICA,51.0,MASCULINO,NO APLICA
2024.0,10284.0,NO APLICA,2024-05-29 00:00:00,,TARDE,MIÉRCOLES,FRAY LUIS,CALLE 42 CARRERA 49,URBANA,TECNICO,3.5386,-76.3179,GIRAR BRUSCAMENTE,122.0,MOTOCICLISTA,45.0,MASCULINO,LESIONADO
2024.0,10285.0,NO APLICA,2024-05-30 00:00:00,,NOCHE,JUEVES,SEMBRADOR,CALLE 16 CARRERA 21,URBANA,TECNICO,3.5147,-76.2934,Otra.,157.0,NO APLICA,32.0,MASCULINO,NO APLICA
2024.0,10286.0,NO APLICA,2024-05-31 00:00:00,,TARDE,VIERNES,CENTRO,CARRERA 28 29-39,URBANA,TECNICO,3.5266,-76.2999,Otra.,157.0,MOTOCICLISTA,25.0,MASCULINO,LESIONADO
2024.0,10286.0,NO APLICA,2024-05-31 00:00:00,,TARDE,VIERNES,CENTRO,CARRERA 28 29-39,URBANA,TECNICO,3.5266,-76.2999,Otra.,157.0,NO APLICA,26.0,MASCULINO,NO APLICA
2024.0,10287.0,NO APLICA,2024-05-31 00:00:00,,MAÑANA,VIERNES,CHAPINERO SUR,CARRERA 32 N 11-56,URBANA,TECNICO,3.5072,-76.3119,ADELANTAR POR LA DERECHA,102.0,NO APLICA,30.0,MASCULINO,NO APLICA
2024.0,10287.0,NO APLICA,2024-05-31 00:00:00,,MAÑANA,VIERNES,CHAPINERO SUR,CARRERA 32 N 11-56,URBANA,TECNICO,3.5072,-76.3119,ADELANTAR POR LA DERECHA,102.0,MOTOCICLISTA,18.0,FEMENINO,MUERTO
2024.0,10288.0,NO APLICA,2024-06-01 00:00:00,,MAÑANA,SÁBADO,VIA PALMIRA -ROZO,KM 4,RURAL,POLICIA,3.5719,-76.3157,GIRAR BRUSCAMENTE,122.0,NO APLICA,20.0,MASCULINO,NO APLICA
2024.0,10288.0,NO APLICA,2024-06-01 00:00:00,,MAÑANA,SÁBADO,VIA PALMIRA -ROZO,KM 4,RURAL,POLICIA,3.5719,-76.3157,GIRAR BRUSCAMENTE,122.0,NO APLICA,46.0,MASCULINO,NO APLICA
2024.0,10289.0,NO APLICA,2024-06-01 00:00:00,,TARDE,SÁBADO,LOS PINOS,CALLE 40 CARRERA 21,URBANA,TECNICO,3.5356,-76.2918,DESOBEDECER SEÑALES O NORMAS DE TRANSITO,112.0,NO APLICA,38.0,MASCULINO,NO APLICA
2024.0,10289.0,NO APLICA,2024-06-01 00:00:00,,TARDE,SÁBADO,LOS PINOS,CALLE 40 CARRERA 21,URBANA,TECNICO,3.5356,-76.2918,DESOBEDECER SEÑALES O NORMAS DE TRANSITO,112.0,MOTOCICLISTA,25.0,MASCULINO,LESIONADO
2024.0,10290.0,NO APLICA,2024-05-31 00:00:00,,MAÑANA,VIERNES,BARRIO NUEVO,CARRERA 32 CALLE 25,URBANA,TECNICO,3.5233,-76.0315,ADELANTAR POR LA DERECHA,102.0,NO APLICA,72.0,MASCULINO,NO APLICA
2024.0,10290.0,NO APLICA,2024-05-31 00:00:00,,MAÑANA,VIERNES,BARRIO NUEVO,CARRERA 32 CALLE 25,URBANA,TECNICO,3.5233,-76.0315,ADELANTAR POR LA DERECHA,102.0,MOTOCICLISTA,57.0,MASCULINO,LESIONADO
2024.0,10291.0,NO APLICA,2024-06-02 00:00:00,,TARDE,DOMINGO,INDUSTRIAL,CALLE 42 CARRERA 35,URBANA,TECNICO,3.539,-76.3065,DESOBEDECER SEÑALES O NORMAS DE TRANSITO,112.0,MOTOCICLISTA,31.0,MASCULINO,LESIONADO
2024.0,10291.0,NO APLICA,2024-06-02 00:00:00,,TARDE,DOMINGO,INDUSTRIAL,CALLE 42 CARRERA 35,URBANA,TECNICO,3.539,-76.3065,DESOBEDECER SEÑALES O NORMAS DE TRANSITO,112.0,MOTOCICLISTA,49.0,MASCULINO,LESIONADO
2024.0,10292.0,NO APLICA,2024-06-04 00:00:00,,TARDE,MARTES,LA ITALIA,CALLE 6 DIAGONAL 28,URBANA,TECNICO,3.5055,-76.2993,NO RESPETAR PRELACIÓN,132.0,NO APLICA,52.0,MASCULINO,NO APLICA
2024.0,10292.0,NO APLICA,2024-06-04 00:00:00,,TARDE,MARTES,LA ITALIA,CALLE 6 DIAGONAL 28,URBANA,TECNICO,3.5055,-76.2993,NO RESPETAR PRELACIÓN,132.0,MOTOCICLISTA,68.0,MASCULINO,LESIONADO
2024.0,10293.0,NO APLICA,2024-05-30 00:00:00,,MAÑANA,JUEVES,RINCON DEL BOSQUE,CALLE 33C CARRERA 8,URBANA,TECNICO,3.5293,-76.2821,TRANSITAR EN CONTRAVIA,127.0,NO APLICA,59.0,MASCULINO,NO APLICA
2024.0,10293.0,NO APLICA,2024-05-30 00:00:00,,MAÑANA,JUEVES,RINCON DEL BOSQUE,CALLE 33C CARRERA 8,URBANA,TECNICO,3.5293,-76.2821,TRANSITAR EN CONTRAVIA,127.0,MOTOCICLISTA,48.0,MASCULINO,LESIONADO
2024.0,10293.0,NO APLICA,2024-05-30 00:00:00,,MAÑANA,JUEVES,RINCON DEL BOSQUE,CALLE 33C CARRERA 8,URBANA,TECNICO,3.5293,-76.2821,TRANSITAR EN CONTRAVIA,127.0,NO APLICA,49.0,MASCULINO,NO APLICA
2024.0,10294.0,NO APLICA,2024-06-09 00:00:00,,NOCHE,DOMINGO,SANTA RITA,CALLE 36 CARRERA 27,URBANA,TECNICO,3.5325,-76.2768,SEMAFORO EN ROJO,142.0,NO APLICA,,NO APLICA,NO APLICA
2024.0,10294.0,NO APLICA,2024-06-09 00:00:00,,NOCHE,DOMINGO,SANTA RITA,CALLE 36 CARRERA 27,URBANA,TECNICO,3.5325,-76.2768,SEMAFORO EN ROJO,142.0,MOTOCICLISTA,29.0,MASCULINO,LESIONADO
2024.0,10295.0,NO APLICA,2024-06-10 00:00:00,,MAÑANA,LUNES,ALFONSO LOPEZ,CALLE 40 CARRERA 31 A,URBANA,TECNICO,3.5326,-76.297,Otra.,157.0,MOTOCICLISTA,33.0,FEMENINO,LESIONADO
2024.0,10297.0,NO APLICA,2024-06-10 00:00:00,,NOCHE,LUNES,VIA CORONADO ROZO,KM 1,RURAL,TECNICO,3.5333,-76.3016,Carga sobresaliente sin señales,108.0,NO APLICA,38.0,MASCULINO,NO APLICA
2024.0,10297.0,NO APLICA,2024-06-10 00:00:00,,NOCHE,LUNES,VIA CORONADO ROZO,KM 1,RURAL,TECNICO,3.5333,-76.3016,Carga sobresaliente sin señales,108.0,NO APLICA,53.0,MASCULINO,NO APLICA
2024.0,10299.0,NO APLICA,2024-06-12 00:00:00,,MAÑANA,MIÉRCOLES,SANTA BARBARA,CALLE 31 CARRERA 44,URBANA,TECNICO,3.5404,-76.2806,SEMAFORO EN ROJO,142.0,MOTOCICLISTA,39.0,FEMENINO,LESIONADO
2024.0,10299.0,NO APLICA,2024-06-12 00:00:00,,MAÑANA,MIÉRCOLES,SANTA BARBARA,CALLE 31 CARRERA 44,URBANA,TECNICO,3.5404,-76.2806,SEMAFORO EN ROJO,142.0,NO APLICA,30.0,FEMENINO,NO APLICA
2024.0,10300.0,NO APLICA,2024-06-12 00:00:00,,MADRUGADA,MIÉRCOLES,VIA PALMIRA - TIENDA NUEVA,KM 3,RURAL,POLICIA,3.5299,-76.3149,Otra.,157.0,MOTOCICLISTA,57.0,MASCULINO,LESIONADO
2024.0,10302.0,NO APLICA,2024-06-13 00:00:00,,TARDE,JUEVES,TRINIDAD,CALLE 29 CARRERA 23,URBANA,TECNICO,3.5388,-76.3131,DESOBEDECER SEÑALES O NORMAS DE TRANSITO,112.0,MOTOCICLISTA,41.0,MASCULINO,LESIONADO
2024.0,10302.0,NO APLICA,2024-06-13 00:00:00,,TARDE,JUEVES,TRINIDAD,CALLE 29 CARRERA 23,URBANA,TECNICO,3.5388,-76.3131,DESOBEDECER SEÑALES O NORMAS DE TRANSITO,112.0,NO APLICA,30.0,MASCULINO,NO APLICA
2024.0,10304.0,NO APLICA,2024-06-14 00:00:00,,TARDE,VIERNES,TRINIDAD,CALE 28 CARRERA 23,URBANA,TECNICO,3.5248,-76.2958,DESOBEDECER SEÑALES O NORMAS DE TRANSITO,112.0,NO APLICA,30.0,MASCULINO,NO APLICA
2024.0,10304.0,NO APLICA,2024-06-14 00:00:00,,TARDE,VIERNES,TRINIDAD,CALE 28 CARRERA 23,URBANA,TECNICO,3.5248,-76.2958,DESOBEDECER SEÑALES O NORMAS DE TRANSITO,112.0,MOTOCICLISTA,18.0,MASCULINO,LESIONADO
2024.0,10306.0,NO APLICA,2024-06-15 00:00:00,,TARDE,SÁBADO,CHAPINERO SUR,CARRERA 32 CALLE 5-10,URBANA,TECNICO,3.5248,-76.3021,ADELANTAR EN ZONA PROHIBIDA,105.0,MOTOCICLISTA,21.0,MASCULINO,LESIONADO
2024.0,10306.0,NO APLICA,2024-06-15 00:00:00,,TARDE,SÁBADO,CHAPINERO SUR,CARRERA 32 CALLE 5-10,URBANA,TECNICO,3.5248,-76.3021,ADELANTAR EN ZONA PROHIBIDA,105.0,NO APLICA,50.0,MASCULINO,NO APLICA
2024.0,10307.0,NO APLICA,2024-06-15 00:00:00,,TARDE,SÁBADO,POMONA,CALLE 31 CARERA 35,URBANA,TECNICO,3.5369,-76.3011,GIRAR BRUSCAMENTE,122.0,MOTOCICLISTA,54.0,MASCULINO,LESIONADO
2024.0,10307.0,NO APLICA,2024-06-15 00:00:00,,TARDE,SÁBADO,POMONA,CALLE 31 CARERA 35,URBANA,TECNICO,3.5369,-76.3011,GIRAR BRUSCAMENTE,122.0,NO APLICA,,NO APLICA,NO APLICA
2024.0,10310.0,NO APLICA,2024-06-17 00:00:00,,TARDE,LUNES,LAS FLORES,TRANSVESAL 30 CARRERA 1,URBANA,TECNICO,3.5573,-76.2912,Arrancar sin precaución.,145.0,NO APLICA,49.0,MASCULINO,NO APLICA
2024.0,10310.0,NO APLICA,2024-06-17 00:00:00,,TARDE,LUNES,LAS FLORES,TRANSVESAL 30 CARRERA 1,URBANA,TECNICO,3.5573,-76.2912,Arrancar sin precaución.,145.0,NO APLICA,46.0,MASCULINO,NO APLICA
2024.0,10311.0,NO APLICA,2024-06-18 00:00:00,,MAÑANA,MARTES,VIA PALMIRA - POTRERILLO,KM 2,RURAL,POLICIA,3.5164,-76.2735,GIRAR BRUSCAMENTE,122.0,MOTOCICLISTA,33.0,MASCULINO,LESIONADO
2024.0,10311.0,NO APLICA,2024-06-18 00:00:00,,MAÑANA,MARTES,VIA PALMIRA - POTRERILLO,KM 2,RURAL,POLICIA,3.5164,-76.2735,GIRAR BRUSCAMENTE,122.0,NO APLICA,74.0,MASCULINO,NO APLICA
2024.0,10313.0,NO APLICA,2024-06-24 00:00:00,,MADRUGADA,LUNES,CENTRO,CALLE 29 CARRERA 28,URBANA,TECNICO,3.5055,-76.2993,SEMAFORO EN ROJO,142.0,NO APLICA,37.0,MASCULINO,NO APLICA
2024.0,10313.0,NO APLICA,2024-06-24 00:00:00,,MADRUGADA,LUNES,CENTRO,CALLE 29 CARRERA 28,URBANA,TECNICO,3.5055,-76.2993,SEMAFORO EN ROJO,142.0,MOTOCICLISTA,30.0,MASCULINO,MUERTO
2024.0,10314.0,NO APLICA,2024-06-24 00:00:00,,MAÑANA,LUNES,SANTA ISABEL,CARRERA 28 CALLES 44-46,URBANA,TECNICO,3.526,-76.2991,CRUZAR SIN OBSERVAR,409.0,MOTOCICLISTA,21.0,FEMENINO,LESIONADO
2024.0,10315.0,NO APLICA,2024-06-14 00:00:00,,NOCHE,VIERNES,SANTA RITA,CARRERA 28 CALLE 36,URBANA,TECNICO,3.5393,-76.2971,DESOBEDECER SEÑALES O NORMAS DE TRANSITO,112.0,MOTOCICLISTA,26.0,MASCULINO,LESIONADO
2024.0,10315.0,NO APLICA,2024-06-14 00:00:00,,NOCHE,VIERNES,SANTA RITA,CARRERA 28 CALLE 36,URBANA,TECNICO,3.5393,-76.2971,DESOBEDECER SEÑALES O NORMAS DE TRANSITO,112.0,MOTOCICLISTA,31.0,MASCULINO,LESIONADO
2024.0,10316.0,NO APLICA,2024-06-25 00:00:00,,MADRUGADA,MARTES,ESTONIA,CALLE 42 CARRERA 32,URBANA,TECNICO,3.5328,-76.298,SEMAFORO EN ROJO,142.0,NO APLICA,22.0,MASCULINO,NO APLICA
2024.0,10316.0,NO APLICA,2024-06-25 00:00:00,,MADRUGADA,MARTES,ESTONIA,CALLE 42 CARRERA 32,URBANA,TECNICO,3.5328,-76.298,SEMAFORO EN ROJO,142.0,MOTOCICLISTA,17.0,MASCULINO,LESIONADO
2024.0,10317.0,NO APLICA,2024-06-25 00:00:00,,MAÑANA,MARTES,MUNICIPAL,CALLE 31A CARRERA 3E,URBANA,TECNICO,3.5384,-76.3009,Otra.,157.0,NO APLICA,34.0,MASCULINO,NO APLICA
2024.0,10318.0,NO APLICA,2024-06-26 00:00:00,,MAÑANA,MIÉRCOLES,ESTONIA,CALLE 44 CARRERA 32A,URBANA,TECNICO,3.5274,-76.2894,DESOBEDECER SEÑALES O NORMAS DE TRANSITO,112.0,MOTOCICLISTA,27.0,MASCULINO,LESIONADO
2024.0,10318.0,NO APLICA,2024-06-26 00:00:00,,MAÑANA,MIÉRCOLES,ESTONIA,CALLE 44 CARRERA 32A,URBANA,TECNICO,3.5274,-76.2894,DESOBEDECER SEÑALES O NORMAS DE TRANSITO,112.0,NO APLICA,36.0,MASCULINO,NO APLICA
2024.0,10321.0,NO APLICA,2024-06-27 00:00:00,,NOCHE,JUEVES,OBRERO,CALLE 40 CARRERA 26,URBANA,TECNICO,3.5549,-76.2991,Otra.,157.0,MOTOCICLISTA,20.0,MASCULINO,LESIONADO
2024.0,10322.0,NO APLICA,2024-06-28 00:00:00,,TARDE,VIERNES,SIMON BOLIVAR,TRASNVERSA 39 CALLE 51,URBANA,TECNICO,3.5361,-76.2957,DESOBEDECER SEÑALES O NORMAS DE TRANSITO,112.0,NO APLICA,56.0,FEMENINO,NO APLICA
2024.0,10322.0,NO APLICA,2024-06-28 00:00:00,,TARDE,VIERNES,SIMON BOLIVAR,TRASNVERSA 39 CALLE 51,URBANA,TECNICO,3.5361,-76.2957,DESOBEDECER SEÑALES O NORMAS DE TRANSITO,112.0,MOTOCICLISTA,19.0,MASCULINO,LESIONADO
2024.0,10323.0,NO APLICA,2024-06-29 00:00:00,,MAÑANA,SÁBADO,SAN PEDRO,CALLE 36 CARRERA 17,URBANA,TECNICO,3.5445,-76.3111,Otra.,157.0,NO APLICA,71.0,MASCULINO,NO APLICA
2024.0,10323.0,NO APLICA,2024-06-29 00:00:00,,MAÑANA,SÁBADO,SAN PEDRO,CALLE 36 CARRERA 17,URBANA,TECNICO,3.5445,-76.3111,Otra.,157.0,MOTOCICLISTA,35.0,MASCULINO,LESIONADO
2024.0,10324.0,NO APLICA,2024-06-29 00:00:00,,TARDE,SÁBADO,TRINIDAD,CALLE 28 CARRERA 24,URBANA,TECNICO,3.532,-76.2889,DESOBEDECER SEÑALES O NORMAS DE TRANSITO,112.0,MOTOCICLISTA,45.0,MASCULINO,LESIONADO
2024.0,10324.0,NO APLICA,2024-06-29 00:00:00,,TARDE,SÁBADO,TRINIDAD,CALLE 28 CARRERA 24,URBANA,TECNICO,3.532,-76.2889,DESOBEDECER SEÑALES O NORMAS DE TRANSITO,112.0,NO APLICA,35.0,MASCULINO,NO APLICA
2024.0,10325.0,NO APLICA,2024-06-29 00:00:00,,NOCHE,SÁBADO,OBRERO,CARRERA 24 CALLE 39,URBANA,TECNICO,3.5248,-76.2958,DESOBEDECER SEÑALES O NORMAS DE TRANSITO,112.0,NO APLICA,19.0,MASCULINO,NO APLICA
2024.0,10325.0,NO APLICA,2024-06-29 00:00:00,,NOCHE,SÁBADO,OBRERO,CARRERA 24 CALLE 39,URBANA,TECNICO,3.5248,-76.2958,DESOBEDECER SEÑALES O NORMAS DE TRANSITO,112.0,NO APLICA,53.0,MASCULINO,NO APLICA
2024.0,10327.0,NO APLICA,2024-06-30 00:00:00,,MADRUGADA,DOMINGO,POBLADO COMFAUNION,CALLE 44 CARRERA 15-19,URBANA,TECNICO,3.532,-76.2771,Adelantar invadiendo carril de sentido contrario.,104.0,NO APLICA,61.0,MASCULINO,NO APLICA
2024.0,10327.0,NO APLICA,2024-06-30 00:00:00,,MADRUGADA,DOMINGO,POBLADO COMFAUNION,CALLE 44 CARRERA 15-19,URBANA,TECNICO,3.532,-76.2771,Adelantar invadiendo carril de sentido contrario.,104.0,MOTOCICLISTA,19.0,MASCULINO,LESIONADO
2024.0,10328.0,NO APLICA,2024-06-30 00:00:00,,TARDE,DOMINGO,CIUDAD DEL CAMPO,CALLE 100 CARRERA 35,RURAL,TECNICO,3.5393,-76.2971,TRANSITAR EN CONTRAVIA,127.0,NO APLICA,35.0,MASCULINO,NO APLICA
2024.0,10328.0,NO APLICA,2024-06-30 00:00:00,,TARDE,DOMINGO,CIUDAD DEL CAMPO,CALLE 100 CARRERA 35,RURAL,TECNICO,3.5393,-76.2971,TRANSITAR EN CONTRAVIA,127.0,MOTOCICLISTA,30.0,MASCULINO,LESIONADO
2024.0,10329.0,NO APLICA,2024-07-01 00:00:00,,MADRUGADA,LUNES,MIRRIÑAO,CALLE 54 CARRERA 29A,URBANA,TECNICO,3.458,-76.464,Otra.,157.0,NO APLICA,,NO APLICA,NO APLICA
2024.0,10330.0,NO APLICA,2024-07-02 00:00:00,,TARDE,MARTES,VERSALLES,CALLE 47 CARRERA 27,URBANA,TECNICO,3.5471,-76.2968,GIRAR BRUSCAMENTE,122.0,MOTOCICLISTA,19.0,MASCULINO,LESIONADO
2024.0,10330.0,NO APLICA,2024-07-02 00:00:00,,TARDE,MARTES,VERSALLES,CALLE 47 CARRERA 27,URBANA,TECNICO,3.5471,-76.2968,GIRAR BRUSCAMENTE,122.0,MOTOCICLISTA,63.0,MASCULINO,LESIONADO
2024.0,10331.0,NO APLICA,2024-07-02 00:00:00,,NOCHE,MARTES,CENTRO POBLADO ROZO,CARRERA 12 CALLE 9M,RURAL,TECNICO,3.5422,-76.2956,DESOBEDECER SEÑALES O NORMAS DE TRANSITO,112.0,MOTOCICLISTA,56.0,MASCULINO,LESIONADO
2024.0,10331.0,NO APLICA,2024-07-02 00:00:00,,NOCHE,MARTES,CENTRO POBLADO ROZO,CARRERA 12 CALLE 9M,RURAL,TECNICO,3.5422,-76.2956,DESOBEDECER SEÑALES O NORMAS DE TRANSITO,112.0,NO APLICA,15.0,MASCULINO,NO APLICA
2024.0,10334.0,NO APLICA,2024-07-04 00:00:00,,NOCHE,JUEVES,BENEDICTA,CALLE 47 CARRERA 31,URBANA,TECNICO,3.5259,-76.2982,NO MANTENER DISTANCIA SEGURIDAD,121.0,MOTOCICLISTA,50.0,MASCULINO,LESIONADO
2024.0,10334.0,NO APLICA,2024-07-04 00:00:00,,NOCHE,JUEVES,BENEDICTA,CALLE 47 CARRERA 31,URBANA,TECNICO,3.5259,-76.2982,NO MANTENER DISTANCIA SEGURIDAD,121.0,MOTOCICLISTA,45.0,MASCULINO,LESIONADO
2024.0,10335.0,NO APLICA,2024-07-06 00:00:00,,MAÑANA,SÁBADO,CHAPINERO SUR,CARRERA 32 CALLE 10A,URBANA,TECNICO,3.5424,-76.2994,DESOBEDECER SEÑALES O NORMAS DE TRANSITO,112.0,MOTOCICLISTA,40.0,MASCULINO,LESIONADO
2024.0,10335.0,NO APLICA,2024-07-06 00:00:00,,MAÑANA,SÁBADO,CHAPINERO SUR,CARRERA 32 CALLE 10A,URBANA,TECNICO,3.5424,-76.2994,DESOBEDECER SEÑALES O NORMAS DE TRANSITO,112.0,NO APLICA,31.0,MASCULINO,NO APLICA
2024.0,10337.0,NO APLICA,2024-07-06 00:00:00,,MADRUGADA,SÁBADO,BARRIO NUEVO,CARRERA 31 CALLE 27,URBANA,TECNICO,3.5404,-76.2968,DESOBEDECER SEÑALES O NORMAS DE TRANSITO,112.0,NO APLICA,58.0,MASCULINO,NO APLICA
2024.0,10337.0,NO APLICA,2024-07-06 00:00:00,,MADRUGADA,SÁBADO,BARRIO NUEVO,CARRERA 31 CALLE 27,URBANA,TECNICO,3.5404,-76.2968,DESOBEDECER SEÑALES O NORMAS DE TRANSITO,112.0,CONDUCTOR,31.0,MASCULINO,LESIONADO