a_o,ipat,clase_siniestro,fecha,hora,jornada,dia_semana,barrios_corregimiento_via,direccion,zona,autoridad,lat,long,hipotesis,codigo,condicion_de_la_victima,edad,genero,lesionados_y_muertos
2024.0,GCV10473,CHOQUE,2024-10-09 00:00:00,,MAÑANA,MIÉRCOLES,EL PRADO,CARRERA 43 CALLE 40A,URBANA,TECNICO,3.5773,-76.3142,TRANSITAR EN CONTRAVIA,127.0,MOTOCICLISTA,18.0,MASCULINO,LESIONADO
2024.0,GCV10473,CHOQUE,2024-10-09 00:00:00,,MAÑANA,MIÉRCOLES,EL PRADO,CARRERA 43 CALLE 40A,URBANA,TECNICO,3.5773,-76.3142,TRANSITAR EN CONTRAVIA,127.0,CONDUCTOR,40.0,MASCULINO,NO APLICA
2024.0,GCV10474,CHOQUE,2024-10-09 00:00:00,,NOCHE,MIÉRCOLES,ALICANTO,CALLE 31 ENTRE CARRERA 44 Y 47,URBANA,TECNICO,3.5296,-76.316,"OTRA, NO ESTAR PENDIENTE DE LA VIA NI DELAS ACCIONES DE LOS DEMAS ACTORES VIALES",157.0,MOTOCICLISTA,43.0,FEMENINO,LESIONADO
2024.0,GCV10474,CHOQUE,2024-10-09 00:00:00,,NOCHE,MIÉRCOLES,ALICANTO,CALLE 31 ENTRE CARRERA 44 Y 47,URBANA,TECNICO,3.5296,-76.316,"OTRA, NO ESTAR PENDIENTE DE LA VIA NI DELAS ACCIONES DE LOS DEMAS ACTORES VIALES",157.0,CONDUCTOR,75.0,MASCULINO,NO APLICA
2024.0,GCV10475,CHOQUE,2024-10-09 00:00:00,,NOCHE,MIÉRCOLES,PRADO,CARRERA 40 CON CALLE 36,URBANA,TECNICO,3.5332,-76.31,Arrancar sin precaución.,145.0,ACOMPAÑANTE MOTOCICLISTA,18.0,FEMENINO,LESIONADO
2024.0,GCV10475,CHOQUE,2024-10-09 00:00:00,,NOCHE,MIÉRCOLES,PRADO,CARRERA 40 CON CALLE 36,URBANA,TECNICO,3.5332,-76.31,Arrancar sin precaución.,145.0,MOTOCICLISTA,36.0,FEMENINO,LESIONADO
2024.0,GCV10475,CHOQUE,2024-10-09 00:00:00,,NOCHE,MIÉRCOLES,PRADO,CARRERA 40 CON CALLE 36,URBANA,TECNICO,3.5332,-76.31,Arrancar sin precaución.,145.0,CONDUCTOR,39.0,MASCULINO,NO APLICA
2024.0,GCV10476,CHOQUE,2024-10-10 00:00:00,,NOCHE,JUEVES,BARRIO NUEVO,CARRERA 32 CALLE 27,URBANA,TECNICO,3.525,-76.3028,DESOBEDECER SEÑALES O NORMAS DE TRANSITO,112.0,CONDUCTOR,54.0,MASCULINO,NO APLICA
2024.0,GCV10476,CHOQUE,2024-10-10 00:00:00,,NOCHE,JUEVES,BARRIO NUEVO,CARRERA 32 CALLE 27,URBANA,TECNICO,3.525,-76.3028,DESOBEDECER SEÑALES O NORMAS DE TRANSITO,112.0,MOTOCICLISTA,26.0,MASCULINO,LESIONADO
2024.0,GCV10477,CHOQUE,2024-10-10 00:00:00,,NOCHE,JUEVES,VIA CANDELARIA - PALMIRA,KM 1 POSTE 13180 VIA PALMIRA CANDELARIA,URBANA,TECNICO,3.4644,-76.3328,"OTRA, NO ESTAR PENDIENTE DE LA VIA NI DELAS ACCIONES DE LOS DEMAS ACTORES VIALES",157.0,MOTOCICLISTA,19.0,MASCULINO,MUERTO
2024.0,GCV10477,CHOQUE,2024-10-10 00:00:00,,NOCHE,JUEVES,VIA CANDELARIA - PALMIRA,KM 1 POSTE 13180 VIA PALMIRA CANDELARIA,URBANA,TECNICO,3.4644,-76.3328,"OTRA, NO ESTAR PENDIENTE DE LA VIA NI DELAS ACCIONES DE LOS DEMAS ACTORES VIALES",157.0,CONDUCTOR,56.0,MASCULINO,NO APLICA
2024.0,GCV10478,NO APLICA,2024-10-11 00:00:00,,TARDE,VIERNES,LA TRINIDAD,CALLE 32 CON CARRERA 26,URBANA,TECNICO,3.5284,-76.297,DESOBEDECER SEÑALES O NORMAS DE TRANSITO,112.0,CONDUCTOR,18.0,MASCULINO,NO APLICA
2024.0,GCV10478,NO APLICA,2024-10-11 00:00:00,,TARDE,VIERNES,LA TRINIDAD,CALLE 32 CON CARRERA 26,URBANA,TECNICO,3.5284,-76.297,DESOBEDECER SEÑALES O NORMAS DE TRANSITO,112.0,MOTOCICLISTA,33.0,FEMENINO,LESIONADO
2024.0,GCV10479,CHOQUE,2024-10-13 00:00:00,,MADRUGADA,DOMINGO,TRINIDAD,CALLE 31 CARRERA 23,URBANA,TECNICO,3.5274,-76.2946,PASAR SEMAFORO EN LUZ ROJA O AMARILLA,142.0,MOTOCICLISTA,38.0,MASCULINO,LESIONADO
2024.0,GCV10479,CHOQUE,2024-10-13 00:00:00,,MADRUGADA,DOMINGO,TRINIDAD,CALLE 31 CARRERA 23,URBANA,TECNICO,3.5274,-76.2946,PASAR SEMAFORO EN LUZ ROJA O AMARILLA,142.0,ACOMPAÑANTE MOTOCICLISTA,31.0,FEMENINO,LESIONADO
2024.0,GCV10479,CHOQUE,2024-10-13 00:00:00,,MADRUGADA,DOMINGO,TRINIDAD,CALLE 31 CARRERA 23,URBANA,TECNICO,3.5274,-76.2946,PASAR SEMAFORO EN LUZ ROJA O AMARILLA,142.0,CONDUCTOR,24.0,MASCULINO,NO APLICA
2024.0,GCV10480,CHOQUE,2024-10-13 00:00:00,,MADRUGADA,DOMINGO,VIA LA PAMPA,CORREGIMIENTO LA PAMPA KM 2,RURAL,TECNICO,3.6034,-76.3812,"OTRA, NO ESTAR PENDIENTE DE LA VIA NI DELAS ACCIONES DE LOS DEMAS ACTORES VIALES",157.0,CONDUCTOR,39.0,MASCULINO,NO APLICA
2024.0,GCV10480,CHOQUE,2024-10-13 00:00:00,,MADRUGADA,DOMINGO,VIA LA PAMPA,CORREGIMIENTO LA PAMPA KM 2,RURAL,TECNICO,3.6034,-76.3812,"OTRA, NO ESTAR PENDIENTE DE LA VIA NI DELAS ACCIONES DE LOS DEMAS ACTORES VIALES",157.0,MOTOCICLISTA,46.0,MASCULINO,MUERTO
2024.0,GCV10480,CHOQUE,2024-10-13 00:00:00,,MADRUGADA,DOMINGO,VIA LA PAMPA,CORREGIMIENTO LA PAMPA KM 2,RURAL,TECNICO,3.6034,-76.3812,"OTRA, NO ESTAR PENDIENTE DE LA VIA NI DELAS ACCIONES DE LOS DEMAS ACTORES VIALES",157.0,ACOMPAÑANTE MOTOCICLISTA,37.0,FEMENINO,LESIONADO
2024.0,GCV10481,CHOQUE,2024-10-13 00:00:00,,NOCHE,DOMINGO,PORTAL DE LAS PALMAS,CALLE 54 CARRERA 39,URBANA,TECNICO,3.5459,-76.3116,NO RESPETAR PRELACIÓN DE INTERSECCIÓN O GIROS,123.0,MOTOCICLISTA,34.0,MASCULINO,LESIONADO
2024.0,GCV10481,CHOQUE,2024-10-13 00:00:00,,NOCHE,DOMINGO,PORTAL DE LAS PALMAS,CALLE 54 CARRERA 39,URBANA,TECNICO,3.5459,-76.3116,NO RESPETAR PRELACIÓN DE INTERSECCIÓN O GIROS,123.0,MOTOCICLISTA,27.0,MASCULINO,LESIONADO
2024.0,GCV10482,CHOQUE,2024-10-14 00:00:00,,MADRUGADA,LUNES,BARRIO NUEVO,CARRERA 32 FRENTE No. 23-32,URBANA,TECNICO,3.5215,-76.3034,TRANSITAR EN CONTRAVIA,127.0,MOTOCICLISTA,53.0,MASCULINO,LESIONADO
2024.0,GCV10482,CHOQUE,2024-10-14 00:00:00,,MADRUGADA,LUNES,BARRIO NUEVO,CARRERA 32 FRENTE No. 23-32,URBANA,TECNICO,3.5215,-76.3034,TRANSITAR EN CONTRAVIA,127.0,CONDUCTOR,27.0,FEMENINO,NO APLICA
2024.0,GCV10483,CHOQUE,2024-10-15 00:00:00,,MADRUGADA,MARTES,JUAN PABLO II,CARRERA 42 CON CALLE 51 PALMIRA,URBANA,TECNICO,3.5445,-76.3124,DESOBEDECER SEÑALES O NORMAS DE TRANSITO,112.0,MOTOCICLISTA,18.0,MASCULINO,LESIONADO
2024.0,GCV10483,CHOQUE,2024-10-15 00:00:00,,MADRUGADA,MARTES,JUAN PABLO II,CARRERA 42 CON CALLE 51 PALMIRA,URBANA,TECNICO,3.5445,-76.3124,DESOBEDECER SEÑALES O NORMAS DE TRANSITO,112.0,MOTOCICLISTA,23.0,MASCULINO,LESIONADO
2024.0,GCV10484,ATROPELLO,2024-10-15 00:00:00,,MAÑANA,MARTES,LAS VICTORIAS,CARRERA 23 CON CALLE 26A PALMIRA,URBANA,TECNICO,3.5232,-76.2952,"OTRA, NO ESTAR PENDIENTE DE LA VIA NI DELAS ACCIONES DE LOS DEMAS ACTORES VIALES",157.0,CONDUCTOR,63.0,MASCULINO,NO APLICA
2024.0,GCV10485,CHOQUE,2024-10-16 00:00:00,,TARDE,MIÉRCOLES,LUIS CARLOS GALAN,DIAGONAL 30A No 10A-03 B/LUIS CARLOS GALAN,URBANA,TECNICO,3.5103,-76.3024,NO RESPETAR PRELACIÓN DE INTERSECCIÓN O GIROS,123.0,ACOMPAÑANTE MOTOCICLISTA,19.0,MASCULINO,LESIONADO
2024.0,GCV10485,CHOQUE,2024-10-16 00:00:00,,TARDE,MIÉRCOLES,LUIS CARLOS GALAN,DIAGONAL 30A No 10A-03 B/LUIS CARLOS GALAN,URBANA,TECNICO,3.5103,-76.3024,NO RESPETAR PRELACIÓN DE INTERSECCIÓN O GIROS,123.0,MOTOCICLISTA,32.0,FEMENINO,LESIONADO
2024.0,GCV10486,CHOQUE,2024-10-17 00:00:00,,MAÑANA,JUEVES,SAN PEDRO,CALLE 36 CON CARRERA 17 PALMIRA,URBANA,TECNICO,3.532,-76.2889,Arrancar sin precaución.,145.0,MOTOCICLISTA,28.0,MASCULINO,NO APLICA
2024.0,GCV10486,CHOQUE,2024-10-17 00:00:00,,MAÑANA,JUEVES,SAN PEDRO,CALLE 36 CON CARRERA 17 PALMIRA,URBANA,TECNICO,3.532,-76.2889,Arrancar sin precaución.,145.0,ACOMPAÑANTE MOTOCICLISTA,35.0,FEMENINO,LESIONADO
2024.0,GCV10487,CHOQUE,2024-10-17 00:00:00,,NOCHE,JUEVES,INDUSTRIAL,CALLE 42 CON CARRERA 35,URBANA,TECNICO,3.5387,-76.3064,PASAR SEMAFORO EN LUZ ROJA O AMARILLA,142.0,MOTOCICLISTA,19.0,MASCULINO,LESIONADO
2024.0,GCV10487,CHOQUE,2024-10-17 00:00:00,,NOCHE,JUEVES,INDUSTRIAL,CALLE 42 CON CARRERA 35,URBANA,TECNICO,3.5387,-76.3064,PASAR SEMAFORO EN LUZ ROJA O AMARILLA,142.0,ACOMPAÑANTE MOTOCICLISTA,35.0,FEMENINO,LESIONADO
2024.0,GCV10487,CHOQUE,2024-10-17 00:00:00,,NOCHE,JUEVES,INDUSTRIAL,CALLE 42 CON CARRERA 35,URBANA,TECNICO,3.5387,-76.3064,PASAR SEMAFORO EN LUZ ROJA O AMARILLA,142.0,ACOMPAÑANTE MOTOCICLISTA,15.0,MASCULINO,LESIONADO
2024.0,GCV10487,CHOQUE,2024-10-17 00:00:00,,NOCHE,JUEVES,INDUSTRIAL,CALLE 42 CON CARRERA 35,URBANA,TECNICO,3.5387,-76.3064,PASAR SEMAFORO EN LUZ ROJA O AMARILLA,142.0,MOTOCICLISTA,30.0,MASCULINO,LESIONADO
2024.0,GCV10488,CHOQUE,2024-10-18 00:00:00,,TARDE,VIERNES,COLOMBIA,CALLE 33 CON CARRERA 29 PALMIRA,URBANA,TECNICO,3.5304,-76.2993,PASAR SEMAFORO EN LUZ ROJA O AMARILLA,142.0,MOTOCICLISTA,55.0,MASCULINO,LESIONADO
2024.0,GCV10488,CHOQUE,2024-10-18 00:00:00,,TARDE,VIERNES,COLOMBIA,CALLE 33 CON CARRERA 29 PALMIRA,URBANA,TECNICO,3.5304,-76.2993,PASAR SEMAFORO EN LUZ ROJA O AMARILLA,142.0,CONDUCTOR,52.0,MASCULINO,NO APLICA
2024.0,GCV10489,CHOQUE,2024-10-20 00:00:00,,MADRUGADA,DOMINGO,SAN PEDRO,CALLE 39 No 17-14 B/SAN PEDRO PALMIRA,URBANA,TECNICO,3.535,-76.2894,TRANSITAR EN CONTRAVIA,127.0,MOTOCICLISTA,35.0,MASCULINO,LESIONADO
2024.0,GCV10489,CHOQUE,2024-10-20 00:00:00,,MADRUGADA,DOMINGO,SAN PEDRO,CALLE 39 No 17-14 B/SAN PEDRO PALMIRA,URBANA,TECNICO,3.535,-76.2894,TRANSITAR EN CONTRAVIA,127.0,ACOMPAÑANTE MOTOCICLISTA,20.0,MASCULINO,LESIONADO
2024.0,GCV10489,CHOQUE,2024-10-20 00:00:00,,MADRUGADA,DOMINGO,SAN PEDRO,CALLE 39 No 17-14 B/SAN PEDRO PALMIRA,URBANA,TECNICO,3.535,-76.2894,TRANSITAR EN CONTRAVIA,127.0,MOTOCICLISTA,22.0,MASCULINO,LESIONADO
2024.0,GCV10490,CHOQUE,2024-10-21 00:00:00,,MAÑANA,LUNES,LA TRINIDAD,CALLE 31 CON CARRERA 25 PALMIRA,URBANA,TECNICO,3.5276,-76.2963,"OTRA, NO ESTAR PENDIENTE DE LA VIA NI DELAS ACCIONES DE LOS DEMAS ACTORES VIALES",157.0,CONDUCTOR,29.0,FEMENINO,NO APLICA
2024.0,GCV10490,CHOQUE,2024-10-21 00:00:00,,MAÑANA,LUNES,LA TRINIDAD,CALLE 31 CON CARRERA 25 PALMIRA,URBANA,TECNICO,3.5276,-76.2963,"OTRA, NO ESTAR PENDIENTE DE LA VIA NI DELAS ACCIONES DE LOS DEMAS ACTORES VIALES",157.0,MOTOCICLISTA,39.0,FEMENINO,LESIONADO
2024.0,GCV10491,CHOQUE,2024-10-21 00:00:00,,TARDE,LUNES,PROVIDENCIA,CALLE 42 FRENTE AL No 11-67 PALMIRA,URBANA,TECNICO,3.5368,-76.2848,"OTRA, REALIZAR CAMBIO DE CARRIL SIN OBSERVAR LAS DEBIDAS PRECAUCIONES",157.0,NO APLICA,,NO APLICA,NO APLICA
2024.0,GCV10492,CHOQUE,2024-10-23 00:00:00,,MAÑANA,MIÉRCOLES,CENTRO,CALLE 29 CON CARRERA 29 PALMIRA,URBANA,TECNICO,3.5262,-76.3,PASAR SEMAFORO EN LUZ ROJA O AMARILLA,142.0,MOTOCICLISTA,60.0,FEMENINO,LESIONADO
2024.0,GCV10492,CHOQUE,2024-10-23 00:00:00,,MAÑANA,MIÉRCOLES,CENTRO,CALLE 29 CON CARRERA 29 PALMIRA,URBANA,TECNICO,3.5262,-76.3,PASAR SEMAFORO EN LUZ ROJA O AMARILLA,142.0,CONDUCTOR,68.0,MASCULINO,NO APLICA
2024.0,GCV10493,CHOQUE,2024-10-23 00:00:00,,TARDE,MIÉRCOLES,CENTRO,CALLE 32 CON CARRERA 30 PALMIRA,URBANA,TECNICO,3.5291,-76.3005,DESOBEDECER SEÑALES O NORMAS DE TRANSITO,112.0,CONDUCTOR,40.0,MASCULINO,NO APLICA
2024.0,GCV10493,CHOQUE,2024-10-23 00:00:00,,TARDE,MIÉRCOLES,CENTRO,CALLE 32 CON CARRERA 30 PALMIRA,URBANA,TECNICO,3.5291,-76.3005,DESOBEDECER SEÑALES O NORMAS DE TRANSITO,112.0,MOTOCICLISTA,19.0,FEMENINO,LESIONADO
2024.0,GCV10494,CHOQUE,2024-10-24 00:00:00,,TARDE,JUEVES,SANTA BARBARA,CALLE 31 CON CARRERA 38A PALMIRA,URBANA,TECNICO,3.5294,-76.3085,GIRAR BRUSCAMENTE,122.0,MOTOCICLISTA,19.0,MASCULINO,NO APLICA
2024.0,GCV10494,CHOQUE,2024-10-24 00:00:00,,TARDE,JUEVES,SANTA BARBARA,CALLE 31 CON CARRERA 38A PALMIRA,URBANA,TECNICO,3.5294,-76.3085,GIRAR BRUSCAMENTE,122.0,MOTOCICLISTA,18.0,MASCULINO,LESIONADO
2024.0,GCV10495,CHOQUE,2024-10-24 00:00:00,,TARDE,JUEVES,CENTRO POBLADO ROZO,CALLE 15 No 12-73 CORREGIMIENTO DE ROZO,RURAL,POLICIA,3.6153,-76.3882,"OTRA, INGRESAR A LA VIA SIN OBSERVAR LAS DEBIDAS PRECAUCIONES",157.0,CONDUCTOR,23.0,MASCULINO,LESIONADO
2024.0,GCV10495,CHOQUE,2024-10-24 00:00:00,,TARDE,JUEVES,CENTRO POBLADO ROZO,CALLE 15 No 12-73 CORREGIMIENTO DE ROZO,RURAL,POLICIA,3.6153,-76.3882,"OTRA, INGRESAR A LA VIA SIN OBSERVAR LAS DEBIDAS PRECAUCIONES",157.0,CONDUCTOR,40.0,MASCULINO,NO APLICA
2024.0,GCV10496,CHOQUE,2024-10-25 00:00:00,,MAÑANA,VIERNES,SAN JOSE,CARRERA 7 CON CALLE 32 PALMIRA,URBANA,TECNICO,3.528,-76.2705,Arrancar sin precaución.,145.0,CONDUCTOR,39.0,FEMENINO,NO APLICA
2024.0,GCV10496,CHOQUE,2024-10-25 00:00:00,,MAÑANA,VIERNES,SAN JOSE,CARRERA 7 CON CALLE 32 PALMIRA,URBANA,TECNICO,3.528,-76.2705,Arrancar sin precaución.,145.0,MOTOCICLISTA,52.0,MASCULINO,LESIONADO
2024.0,GCV10497,ATROPELLO,2024-10-25 00:00:00,,MAÑANA,VIERNES,CENTRO,"CALLE 29 FRENTE AL No 27-50 PALMIRA, VALLE DEL CAUCA",URBANA,TECNICO,3.526,-76.2986,IMPERICIA EN EL MANEJO,139.0,MOTOCICLISTA,32.0,FEMENINO,LESIONADO
2024.0,GCV10498,CHOQUE,2024-10-26 00:00:00,,MADRUGADA,SÁBADO,CENTRO,CALLE 28 CON CARRERA 32 PALMIRA,URBANA,TECNICO,3.5259,-76.3028,PASAR SEMAFORO EN LUZ ROJA O AMARILLA,142.0,CONDUCTOR,36.0,FEMENINO,NO APLICA
2024.0,GCV10498,CHOQUE,2024-10-26 00:00:00,,MADRUGADA,SÁBADO,CENTRO,CALLE 28 CON CARRERA 32 PALMIRA,URBANA,TECNICO,3.5259,-76.3028,PASAR SEMAFORO EN LUZ ROJA O AMARILLA,142.0,MOTOCICLISTA,26.0,FEMENINO,LESIONADO
2024.0,GCV10499,ATROPELLO,2024-10-26 00:00:00,,MAÑANA,SÁBADO,INDUSTRIAL,CARRERA 35 No 44-62,URBANA,TECNICO,3.5415,-76.3069,CRUZAR SIN OBSERVAR,409.0,MOTOCICLISTA,20.0,FEMENINO,LESIONADO
2024.0,GCV10500,CHOQUE,2024-10-27 00:00:00,,NOCHE,DOMINGO,LAS DELICIAS,CALLE 23 CON CARRERA 24 PALMIRA,URBANA,TECNICO,3.5207,-76.2959,TRANSITAR EN CONTRAVIA,127.0,MOTOCICLISTA,35.0,MASCULINO,LESIONADO
2024.0,GCV10500,CHOQUE,2024-10-27 00:00:00,,NOCHE,DOMINGO,LAS DELICIAS,CALLE 23 CON CARRERA 24 PALMIRA,URBANA,TECNICO,3.5207,-76.2959,TRANSITAR EN CONTRAVIA,127.0,CONDUCTOR,36.0,MASCULINO,NO APLICA
2024.0,GCV10501,CHOQUE,2024-10-27 00:00:00,,MADRUGADA,DOMINGO,LAS FLORES,CARRERA 1 CON CALLE 30 PALMIRA,URBANA,TECNICO,3.521,-76.278,DESOBEDECER SEÑALES O NORMAS DE TRANSITO,112.0,MOTOCICLISTA,20.0,FEMENINO,LESIONADO
2024.0,GCV10501,CHOQUE,2024-10-27 00:00:00,,MADRUGADA,DOMINGO,LAS FLORES,CARRERA 1 CON CALLE 30 PALMIRA,URBANA,TECNICO,3.521,-76.278,DESOBEDECER SEÑALES O NORMAS DE TRANSITO,112.0,MOTOCICLISTA,19.0,FEMENINO,LESIONADO
2024.0,GCV10502,VOLCAMIENTO,2024-10-27 00:00:00,,TARDE,DOMINGO,VIA PALMIRA -ROZO,VIA PALMIRA - ROZO SECTOR CHARCO VERDE,RURAL,POLICIA,3.5962,-76.3741,"OTRA, PERDIDA DE CONTROL DEL VEHICULO",157.0,NO APLICA,,NO APLICA,NO APLICA
2024.0,GCV10503,CHOQUE,2024-10-28 00:00:00,,TARDE,LUNES,INDUSTRIAL,CARRERA 35 CON CALLE 42 PALMIRA,URBANA,TECNICO,3.5387,-76.3066,NO MANTENER DISTANCIA SEGURIDAD,121.0,MOTOCICLISTA,47.0,FEMENINO,LESIONADO
2024.0,GCV10503,CHOQUE,2024-10-28 00:00:00,,TARDE,LUNES,INDUSTRIAL,CARRERA 35 CON CALLE 42 PALMIRA,URBANA,TECNICO,3.5387,-76.3066,NO MANTENER DISTANCIA SEGURIDAD,121.0,ACOMPAÑANTE MOTOCICLISTA,9.0,MASCULINO,LESIONADO
2024.0,GCV10503,CHOQUE,2024-10-28 00:00:00,,TARDE,LUNES,INDUSTRIAL,CARRERA 35 CON CALLE 42 PALMIRA,URBANA,TECNICO,3.5387,-76.3066,NO MANTENER DISTANCIA SEGURIDAD,121.0,NO APLICA,38.0,MASCULINO,NO APLICA
2024.0,GCV10504,CHOQUE,2024-10-31 00:00:00,,NOCHE,JUEVES,CALLE 31 PUENTE LA Y,VIA CALI ENTRADA PALMIRA SECTOR LA Y,URBANA,TECNICO,3.5278,-76.3243,FALTA DE PRECAUCIÓN POR NIEBLA LLUVIA O HUMO,138.0,CONDUCTOR,36.0,FEMENINO,LESIONADO
2024.0,GCV10504,CHOQUE,2024-10-31 00:00:00,,NOCHE,JUEVES,CALLE 31 PUENTE LA Y,VIA CALI ENTRADA PALMIRA SECTOR LA Y,URBANA,TECNICO,3.5278,-76.3243,FALTA DE PRECAUCIÓN POR NIEBLA LLUVIA O HUMO,138.0,ACOMPAÑANTE CONDUCTOR,34.0,MASCULINO,LESIONADO
2024.0,GCV10504,CHOQUE,2024-10-31 00:00:00,,NOCHE,JUEVES,CALLE 31 PUENTE LA Y,VIA CALI ENTRADA PALMIRA SECTOR LA Y,URBANA,TECNICO,3.5278,-76.3243,FALTA DE PRECAUCIÓN POR NIEBLA LLUVIA O HUMO,138.0,CONDUCTOR,55.0,MASCULINO,NO APLICA
2024.0,GCV10504,CHOQUE,2024-10-31 00:00:00,,NOCHE,JUEVES,CALLE 31 PUENTE LA Y,VIA CALI ENTRADA PALMIRA SECTOR LA Y,URBANA,TECNICO,3.5278,-76.3243,FALTA DE PRECAUCIÓN POR NIEBLA LLUVIA O HUMO,138.0,ACOMPAÑANTE CONDUCTOR,57.0,MASCULINO,LESIONADO
2024.0,GCV10504,CHOQUE,2024-10-31 00:00:00,,NOCHE,JUEVES,CALLE 31 PUENTE LA Y,VIA CALI ENTRADA PALMIRA SECTOR LA Y,URBANA,TECNICO,3.5278,-76.3243,FALTA DE PRECAUCIÓN POR NIEBLA LLUVIA O HUMO,138.0,MOTOCICLISTA,40.0,MASCULINO,LESIONADO
2024.0,GCV10505,CHOQUE,2024-10-31 00:00:00,,NOCHE,JUEVES,BIZERTA,CALLE 37 CON CARRERA 22,URBANA,TECNICO,3.533,-76.293,DESOBEDECER SEÑALES O NORMAS DE TRANSITO,112.0,MOTOCICLISTA,19.0,MASCULINO,LESIONADO
2024.0,GCV10505,CHOQUE,2024-10-31 00:00:00,,NOCHE,JUEVES,BIZERTA,CALLE 37 CON CARRERA 22,URBANA,TECNICO,3.533,-76.293,DESOBEDECER SEÑALES O NORMAS DE TRANSITO,112.0,CONDUCTOR,32.0,FEMENINO,NO APLICA
2024.0,GCV10505,CHOQUE,2024-10-31 00:00:00,,NOCHE,JUEVES,BIZERTA,CALLE 37 CON CARRERA 22,URBANA,TECNICO,3.533,-76.293,DESOBEDECER SEÑALES O NORMAS DE TRANSITO,112.0,ACOMPAÑANTE MOTOCICLISTA,19.0,FEMENINO,LESIONADO
2024.0,GCV10505,CHOQUE,2024-10-31 00:00:00,,NOCHE,JUEVES,BIZERTA,CALLE 37 CON CARRERA 22,URBANA,TECNICO,3.533,-76.293,DESOBEDECER SEÑALES O NORMAS DE TRANSITO,112.0,MOTOCICLISTA,23.0,FEMENINO,LESIONADO
2024.0,GCV10506,CHOQUE,2024-11-04 00:00:00,,TARDE,LUNES,CENTRO,CALLE 29 CON CARRERA 31 PALMIRA,URBANA,TECNICO,3.5265,-76.3018,PASAR SEMAFORO EN LUZ ROJA O AMARILLA,142.0,ACOMPAÑANTE CONDUCTOR,19.0,FEMENINO,LESIONADO
2024.0,GCV10506,CHOQUE,2024-11-04 00:00:00,,TARDE,LUNES,CENTRO,CALLE 29 CON CARRERA 31 PALMIRA,URBANA,TECNICO,3.5265,-76.3018,PASAR SEMAFORO EN LUZ ROJA O AMARILLA,142.0,CONDUCTOR,39.0,MASCULINO,NO APLICA
2024.0,GCV10506,CHOQUE,2024-11-04 00:00:00,,TARDE,LUNES,CENTRO,CALLE 29 CON CARRERA 31 PALMIRA,URBANA,TECNICO,3.5265,-76.3018,PASAR SEMAFORO EN LUZ ROJA O AMARILLA,142.0,CONDUCTOR,46.0,MASCULINO,NO APLICA
2024.0,GCV10506,CHOQUE,2024-11-04 00:00:00,,TARDE,LUNES,CENTRO,CALLE 29 CON CARRERA 31 PALMIRA,URBANA,TECNICO,3.5265,-76.3018,PASAR SEMAFORO EN LUZ ROJA O AMARILLA,142.0,ACOMPAÑANTE MOTOCICLISTA,27.0,FEMENINO,LESIONADO
2024.0,GCV10506,CHOQUE,2024-11-04 00:00:00,,TARDE,LUNES,CENTRO,CALLE 29 CON CARRERA 31 PALMIRA,URBANA,TECNICO,3.5265,-76.3018,PASAR SEMAFORO EN LUZ ROJA O AMARILLA,142.0,ACOMPAÑANTE MOTOCICLISTA,6.0,MASCULINO,LESIONADO
2024.0,GCV10506,CHOQUE,2024-11-04 00:00:00,,TARDE,LUNES,CENTRO,CALLE 29 CON CARRERA 31 PALMIRA,URBANA,TECNICO,3.5265,-76.3018,PASAR SEMAFORO EN LUZ ROJA O AMARILLA,142.0,ACOMPAÑANTE CONDUCTOR,64.0,FEMENINO,LESIONADO
2024.0,GCV10506,CHOQUE,2024-11-04 00:00:00,,TARDE,LUNES,CENTRO,CALLE 29 CON CARRERA 31 PALMIRA,URBANA,TECNICO,3.5265,-76.3018,PASAR SEMAFORO EN LUZ ROJA O AMARILLA,142.0,MOTOCICLISTA,26.0,MASCULINO,LESIONADO
2024.0,GCV10507,CHOQUE,2024-11-04 00:00:00,,TARDE,LUNES,LAS FLORES,CALLE 30 ENTRE CARRERAS 2 Y 3,URBANA,TECNICO,3.5219,-76.279,"OTRA, REALIZAR MANEOBRA DE GIRO A LA IZQUIERDA SIN TOMAR LAS DEBIDAS PRECAUCIONES",157.0,ACOMPAÑANTE MOTOCICLISTA,69.0,FEMENINO,LESIONADO
2024.0,GCV10507,CHOQUE,2024-11-04 00:00:00,,TARDE,LUNES,LAS FLORES,CALLE 30 ENTRE CARRERAS 2 Y 3,URBANA,TECNICO,3.5219,-76.279,"OTRA, REALIZAR MANEOBRA DE GIRO A LA IZQUIERDA SIN TOMAR LAS DEBIDAS PRECAUCIONES",157.0,CONDUCTOR,50.0,MASCULINO,NO APLICA
2024.0,GCV10507,CHOQUE,2024-11-04 00:00:00,,TARDE,LUNES,LAS FLORES,CALLE 30 ENTRE CARRERAS 2 Y 3,URBANA,TECNICO,3.5219,-76.279,"OTRA, REALIZAR MANEOBRA DE GIRO A LA IZQUIERDA SIN TOMAR LAS DEBIDAS PRECAUCIONES",157.0,MOTOCICLISTA,74.0,MASCULINO,LESIONADO