a_o,ipat,clase_siniestro,fecha,hora,jornada,dia_semana,barrios_corregimiento_via,direccion,zona,autoridad,lat,long,hipotesis,codigo,condicion_de_la_victima,edad,genero,lesionados_y_muertos
2024.0,GCV10545,CHOQUE,2024-12-02 00:00:00,,MAÑANA,LUNES,SAN PEDRO,CALLE 37 FRENTE AL No 11-05 PALMIRA,URBANA,TECNICO,3.5335,-76.284,"Otra, no tomar las debidas precauciones l realizar maniobra de recoger pasajeros",157.0,CONDUCTOR,72.0,MASCULINO,NO APLICA
2024.0,GCV10546,CHOQUE,2024-12-03 00:00:00,,NOCHE,MARTES,URIBE URIBE,CALLE 35 CON CARRERA 23 PALMIRA,URBANA,TECNICO,3.5314,-76.294,DESOBEDECER SEÑALES O NORMAS DE TRANSITO,112.0,CONDUCTOR,43.0,MASCULINO,LESIONADO
2024.0,GCV10546,CHOQUE,2024-12-03 00:00:00,,NOCHE,MARTES,URIBE URIBE,CALLE 35 CON CARRERA 23 PALMIRA,URBANA,TECNICO,3.5314,-76.294,DESOBEDECER SEÑALES O NORMAS DE TRANSITO,112.0,CONDUCTOR,43.0,MASCULINO,NO APLICA
2024.0,GCV10547,CHOQUE,2024-12-04 00:00:00,,MADRUGADA,MIÉRCOLES,SANTA BARBARA,CALLE 31 CON CARRERA 41 PALMIRA,URBANA,TECNICO,3.5298,-76.3114,ADELANTAR EN ZONA PROHIBIDA,105.0,MOTOCICLISTA,23.0,MASCULINO,LESIONADO
2024.0,GCV10547,CHOQUE,2024-12-04 00:00:00,,MADRUGADA,MIÉRCOLES,SANTA BARBARA,CALLE 31 CON CARRERA 41 PALMIRA,URBANA,TECNICO,3.5298,-76.3114,ADELANTAR EN ZONA PROHIBIDA,105.0,CONDUCTOR,32.0,MASCULINO,NO APLICA
2024.0,GCV10548,CHOQUE,2024-12-06 00:00:00,,NOCHE,VIERNES,SANTA ISABEL,CARRERA 31 No 45A-35 PALMIRA,URBANA,TECNICO,3.541,-76.2996,OTRA - POR ESTABLECER,157.0,NO APLICA,,NO APLICA,NO APLICA
2024.0,GCV10549,CHOQUE,2024-12-06 00:00:00,,NOCHE,VIERNES,CENTRO,CALLE 28 CON CARRERA 32 PALMIRA,URBANA,TECNICO,3.5259,-76.3028,PASAR SEMAFORO EN LUZ ROJA O AMARILLA,142.0,CONDUCTOR,52.0,MASCULINO,NO APLICA
2024.0,GCV10549,CHOQUE,2024-12-06 00:00:00,,NOCHE,VIERNES,CENTRO,CALLE 28 CON CARRERA 32 PALMIRA,URBANA,TECNICO,3.5259,-76.3028,PASAR SEMAFORO EN LUZ ROJA O AMARILLA,142.0,ACOMPAÑANTE MOTOCICLISTA,24.0,MASCULINO,LESIONADO
2024.0,GCV10550,CHOQUE,2024-12-07 00:00:00,,TARDE,SÁBADO,OBRERO,CALLE 33 CON CARRERA 24 PALMIRA,URBANA,TECNICO,3.5298,-76.2952,DESOBEDECER SEÑALES O NORMAS DE TRANSITO,112.0,MOTOCICLISTA,38.0,MASCULINO,LESIONADO
2024.0,GCV10550,CHOQUE,2024-12-07 00:00:00,,TARDE,SÁBADO,OBRERO,CALLE 33 CON CARRERA 24 PALMIRA,URBANA,TECNICO,3.5298,-76.2952,DESOBEDECER SEÑALES O NORMAS DE TRANSITO,112.0,CONDUCTOR,33.0,FEMENINO,NO APLICA
2024.0,GCV10550,CHOQUE,2024-12-07 00:00:00,,TARDE,SÁBADO,OBRERO,CALLE 33 CON CARRERA 24 PALMIRA,URBANA,TECNICO,3.5298,-76.2952,DESOBEDECER SEÑALES O NORMAS DE TRANSITO,112.0,ACOMPAÑANTE MOTOCICLISTA,34.0,FEMENINO,LESIONADO
2024.0,GCV10551,CHOQUE,2024-12-08 00:00:00,,NOCHE,DOMINGO,CAMPESTRE,CALLE 42 FRENTE AL No 6 - 09,URBANA,TECNICO,3.5369,-76.2813,REALIZAR GIRO EN U,146.0,MOTOCICLISTA,21.0,MASCULINO,LESIONADO
2024.0,GCV10551,CHOQUE,2024-12-08 00:00:00,,NOCHE,DOMINGO,CAMPESTRE,CALLE 42 FRENTE AL No 6 - 09,URBANA,TECNICO,3.5369,-76.2813,REALIZAR GIRO EN U,146.0,CONDUCTOR,35.0,MASCULINO,NO APLICA
2024.0,GCV10552,CHOQUE,2024-12-09 00:00:00,,NOCHE,LUNES,INDEPENDENCIA,CALLE 18 CON CARRERA 31,URBANA,TECNICO,3.5171,-76.3035,DESOBEDECER SEÑALES O NORMAS DE TRANSITO,112.0,MOTOCICLISTA,46.0,MASCULINO,LESIONADO
2024.0,GCV10552,CHOQUE,2024-12-09 00:00:00,,NOCHE,LUNES,INDEPENDENCIA,CALLE 18 CON CARRERA 31,URBANA,TECNICO,3.5171,-76.3035,DESOBEDECER SEÑALES O NORMAS DE TRANSITO,112.0,MOTOCICLISTA,30.0,MASCULINO,NO APLICA
2024.0,GCV10552,CHOQUE,2024-12-09 00:00:00,,NOCHE,LUNES,INDEPENDENCIA,CALLE 18 CON CARRERA 31,URBANA,TECNICO,3.5171,-76.3035,DESOBEDECER SEÑALES O NORMAS DE TRANSITO,112.0,ACOMPAÑANTE MOTOCICLISTA,31.0,MASCULINO,LESIONADO
2024.0,GCV10553,CHOQUE,2024-12-10 00:00:00,,TARDE,MARTES,OBRERO,CARRERA 25 CON CALLE 39 PALMIRA,URBANA,TECNICO,3.5352,-76.2949,DESOBEDECER SEÑALES O NORMAS DE TRANSITO,112.0,MOTOCICLISTA,68.0,MASCULINO,LESIONADO
2024.0,GCV10553,CHOQUE,2024-12-10 00:00:00,,TARDE,MARTES,OBRERO,CARRERA 25 CON CALLE 39 PALMIRA,URBANA,TECNICO,3.5352,-76.2949,DESOBEDECER SEÑALES O NORMAS DE TRANSITO,112.0,MOTOCICLISTA,16.0,MASCULINO,LESIONADO
2024.0,GCV10554,CHOQUE,2024-12-10 00:00:00,,TARDE,MARTES,VIA PALMIRA - LA BOLSA,VIA PALMIRA - CORREGIMIENTO LA BOLSA KM 6,RURAL,POLICIA,3.5562,-76.2356,"OTRA, NO ESTAR PENDIENTE DE LA VIA NI DELAS ACCIONES DE LOS DEMAS ACTORES VIALES",157.0,MOTOCICLISTA,27.0,MASCULINO,LESIONADO
2024.0,GCV10554,CHOQUE,2024-12-10 00:00:00,,TARDE,MARTES,VIA PALMIRA - LA BOLSA,VIA PALMIRA - CORREGIMIENTO LA BOLSA KM 6,RURAL,POLICIA,3.5562,-76.2356,"OTRA, NO ESTAR PENDIENTE DE LA VIA NI DELAS ACCIONES DE LOS DEMAS ACTORES VIALES",157.0,CICLISTA,16.0,MASCULINO,LESIONADO
2024.0,GCV10555,CHOQUE,2024-12-12 00:00:00,,MAÑANA,JUEVES,SAN CAYETANO,CALLE 42 CON CARRERA 19 PALMIRA,URBANA,TECNICO,3.5371,-76.2911,"OTRA, NO ESTAR PENDIENTE DE LA VIA NI DELAS ACCIONES DE LOS DEMAS ACTORES VIALES",157.0,MOTOCICLISTA,43.0,MASCULINO,LESIONADO
2024.0,GCV10555,CHOQUE,2024-12-12 00:00:00,,MAÑANA,JUEVES,SAN CAYETANO,CALLE 42 CON CARRERA 19 PALMIRA,URBANA,TECNICO,3.5371,-76.2911,"OTRA, NO ESTAR PENDIENTE DE LA VIA NI DELAS ACCIONES DE LOS DEMAS ACTORES VIALES",157.0,CONDUCTOR,46.0,MASCULINO,NO APLICA
2024.0,GCV10556,CHOQUE,2024-12-12 00:00:00,,TARDE,JUEVES,FRAY LUIS AMIGO,CALLE 42 CON CARREERA 46,URBANA,TECNICO,3.5387,-76.317,GIRAR BRUSCAMENTE,122.0,MOTOCICLISTA,44.0,FEMENINO,LESIONADO
2024.0,GCV10556,CHOQUE,2024-12-12 00:00:00,,TARDE,JUEVES,FRAY LUIS AMIGO,CALLE 42 CON CARREERA 46,URBANA,TECNICO,3.5387,-76.317,GIRAR BRUSCAMENTE,122.0,CONDUCTOR,54.0,MASCULINO,NO APLICA
2024.0,GCV10557,VOLCAMIENTO,2024-12-14 00:00:00,,MADRUGADA,SÁBADO,LA ITALIA,CARRERA 28 CON CALLE 4,URBANA,TECNICO,3.5018,-76.2993,"Otra, Microsueño por exceso laboral",157.0,MOTOCICLISTA,36.0,FEMENINO,LESIONADO
2024.0,GCV10558,CHOQUE,2024-12-13 00:00:00,,TARDE,VIERNES,COLOMBINA,CALLE 31 CON CARRERA 20 PALMIRA,URBANA,TECNICO,3.527,-76.2921,DESOBEDECER SEÑALES O NORMAS DE TRANSITO,112.0,CONDUCTOR,52.0,MASCULINO,NO APLICA
2024.0,GCV10558,CHOQUE,2024-12-13 00:00:00,,TARDE,VIERNES,COLOMBINA,CALLE 31 CON CARRERA 20 PALMIRA,URBANA,TECNICO,3.527,-76.2921,DESOBEDECER SEÑALES O NORMAS DE TRANSITO,112.0,MOTOCICLISTA,38.0,FEMENINO,LESIONADO
2024.0,GCV10559,CHOQUE,2024-12-14 00:00:00,,NOCHE,SÁBADO,LAS FLORES,CARRERA 1 CON RETORNO CALLE 30,URBANA,TECNICO,3.522,-76.2785,NO RESPETAR PRELACIÓN DE INTERSECCIÓN O GIROS,123.0,CONDUCTOR,35.0,MASCULINO,NO APLICA
2024.0,GCV10559,CHOQUE,2024-12-14 00:00:00,,NOCHE,SÁBADO,LAS FLORES,CARRERA 1 CON RETORNO CALLE 30,URBANA,TECNICO,3.522,-76.2785,NO RESPETAR PRELACIÓN DE INTERSECCIÓN O GIROS,123.0,MOTOCICLISTA,42.0,MASCULINO,MUERTO
2024.0,GCV10560,CHOQUE,2024-12-15 00:00:00,,MADRUGADA,DOMINGO,CENTRO POBLADO BOYACA,VÍA CORREGIMIENTO DE AMAIME - CORREGIMIENTO DE BOYACA,RURAL,TECNICO,3.6018,-76.2557,"OTRA, PERDIDA DE CONTROL DEL VEHICULO",157.0,MOTOCICLISTA,62.0,MASCULINO,MUERTO
2024.0,GCV10560,CHOQUE,2024-12-15 00:00:00,,MADRUGADA,DOMINGO,CENTRO POBLADO BOYACA,VÍA CORREGIMIENTO DE AMAIME - CORREGIMIENTO DE BOYACA,RURAL,TECNICO,3.6018,-76.2557,"OTRA, PERDIDA DE CONTROL DEL VEHICULO",157.0,ACOMPAÑANTE MOTOCICLISTA,42.0,FEMENINO,LESIONADO
2024.0,GCV10561,CHOQUE,2024-12-16 00:00:00,,MADRUGADA,LUNES,VERSALLES,CALLE 42 CON CARRERA 25 PALMIRA,URBANA,TECNICO,3.5377,-76.2946,NO MANTENER DISTANCIA SEGURIDAD,121.0,MOTOCICLISTA,37.0,MASCULINO,LESIONADO
2024.0,GCV10562,CHOQUE,2024-12-15 00:00:00,,TARDE,DOMINGO,OBRERO,CALLE  36 CON CARRERA 26 PALMIRA,URBANA,TECNICO,3.5326,-76.2963,DESOBEDECER SEÑALES O NORMAS DE TRANSITO,112.0,MOTOCICLISTA,35.0,MASCULINO,LESIONADO
2024.0,GCV10562,CHOQUE,2024-12-15 00:00:00,,TARDE,DOMINGO,OBRERO,CALLE  36 CON CARRERA 26 PALMIRA,URBANA,TECNICO,3.5326,-76.2963,DESOBEDECER SEÑALES O NORMAS DE TRANSITO,112.0,MOTOCICLISTA,19.0,MASCULINO,LESIONADO
2024.0,GCV10563,CAÍDA OCUPANTE,2024-12-15 00:00:00,,NOCHE,DOMINGO,CENTRO POBLADO TABLONES,VIA TABLONES - TIENDA NUEVA POSTE No 9125,RURAL,TECNICO,3.5732,-76.2156,Otra.,506.0,PASAJERO,22.0,MASCULINO,MUERTO
2024.0,GCV10563,CAÍDA OCUPANTE,2024-12-15 00:00:00,,NOCHE,DOMINGO,CENTRO POBLADO TABLONES,VIA TABLONES - TIENDA NUEVA POSTE No 9125,RURAL,TECNICO,3.5732,-76.2156,Otra.,506.0,CONDUCTOR,51.0,MASCULINO,NO APLICA
2024.0,GCV10564,CHOQUE,2024-12-16 00:00:00,,TARDE,LUNES,URIBE URIBE,CALLE 35 CON CARRERA 22,URBANA,TECNICO,3.5313,-76.2932,DESOBEDECER SEÑALES O NORMAS DE TRANSITO,112.0,ACOMPAÑANTE MOTOCICLISTA,59.0,FEMENINO,LESIONADO
2024.0,GCV10564,CHOQUE,2024-12-16 00:00:00,,TARDE,LUNES,URIBE URIBE,CALLE 35 CON CARRERA 22,URBANA,TECNICO,3.5313,-76.2932,DESOBEDECER SEÑALES O NORMAS DE TRANSITO,112.0,MOTOCICLISTA,24.0,FEMENINO,LESIONADO
2024.0,GCV10564,CHOQUE,2024-12-16 00:00:00,,TARDE,LUNES,URIBE URIBE,CALLE 35 CON CARRERA 22,URBANA,TECNICO,3.5313,-76.2932,DESOBEDECER SEÑALES O NORMAS DE TRANSITO,112.0,MOTOCICLISTA,26.0,MASCULINO,LESIONADO
2024.0,GCV10565,CHOQUE,2024-12-17 00:00:00,,MADRUGADA,MARTES,JUAN PABLO II,CALLE 42 No 39-68 PALMIRA,URBANA,TECNICO,3.54,-76.3108,"OTRA, TRANSITAR POR ZONA PEATONAL",157.0,CONDUCTOR,36.0,MASCULINO,NO APLICA
2024.0,GCV10565,CHOQUE,2024-12-17 00:00:00,,MADRUGADA,MARTES,JUAN PABLO II,CALLE 42 No 39-68 PALMIRA,URBANA,TECNICO,3.54,-76.3108,"OTRA, TRANSITAR POR ZONA PEATONAL",157.0,MOTOCICLISTA,30.0,MASCULINO,LESIONADO
2024.0,GCV10565,CHOQUE,2024-12-17 00:00:00,,MADRUGADA,MARTES,JUAN PABLO II,CALLE 42 No 39-68 PALMIRA,URBANA,TECNICO,3.54,-76.3108,"OTRA, TRANSITAR POR ZONA PEATONAL",157.0,ACOMPAÑANTE MOTOCICLISTA,28.0,MASCULINO,LESIONADO
2024.0,GCV10566,CHOQUE,2024-12-13 00:00:00,,MAÑANA,VIERNES,CENTRO,CALLE 32 CON CARRERA 29 PALMIRA,URBANA,TECNICO,3.529,-76.2995,PASAR SEMAFORO EN LUZ ROJA O AMARILLA,142.0,MOTOCICLISTA,34.0,FEMENINO,LESIONADO
2024.0,GCV10566,CHOQUE,2024-12-13 00:00:00,,MAÑANA,VIERNES,CENTRO,CALLE 32 CON CARRERA 29 PALMIRA,URBANA,TECNICO,3.529,-76.2995,PASAR SEMAFORO EN LUZ ROJA O AMARILLA,142.0,NO APLICA,,NO APLICA,NO APLICA
2024.0,GCV10567,CHOQUE,2024-12-17 00:00:00,,TARDE,MARTES,SAN PEDRO,CALLE 36 CON CARRERA 11 PALMIRA,URBANA,TECNICO,3.5326,-76.284,DESOBEDECER SEÑALES O NORMAS DE TRANSITO,112.0,CONDUCTOR,68.0,FEMENINO,NO APLICA
2024.0,GCV10567,CHOQUE,2024-12-17 00:00:00,,TARDE,MARTES,SAN PEDRO,CALLE 36 CON CARRERA 11 PALMIRA,URBANA,TECNICO,3.5326,-76.284,DESOBEDECER SEÑALES O NORMAS DE TRANSITO,112.0,ACOMPAÑANTE MOTOCICLISTA,34.0,FEMENINO,LESIONADO
2024.0,GCV10567,CHOQUE,2024-12-17 00:00:00,,TARDE,MARTES,SAN PEDRO,CALLE 36 CON CARRERA 11 PALMIRA,URBANA,TECNICO,3.5326,-76.284,DESOBEDECER SEÑALES O NORMAS DE TRANSITO,112.0,MOTOCICLISTA,34.0,MASCULINO,LESIONADO
2024.0,GCV10568,CHOQUE,2024-12-17 00:00:00,,TARDE,MARTES,LA CARBONERA,CARRERA 34A CON CALLE 57B PALMIRA,URBANA,TECNICO,3.5478,-76.3029,NO RESPETAR PRELACIÓN DE INTERSECCIÓN O GIROS,123.0,CONDUCTOR,46.0,FEMENINO,NO APLICA
2024.0,GCV10568,CHOQUE,2024-12-17 00:00:00,,TARDE,MARTES,LA CARBONERA,CARRERA 34A CON CALLE 57B PALMIRA,URBANA,TECNICO,3.5478,-76.3029,NO RESPETAR PRELACIÓN DE INTERSECCIÓN O GIROS,123.0,MOTOCICLISTA,35.0,FEMENINO,LESIONADO
2024.0,GCV10569,CHOQUE,2024-12-17 00:00:00,,TARDE,MARTES,CAÑAMIEL,CALLE 44 CON CARRERA 18 PALMIRA,URBANA,TECNICO,3.5386,-76.2898,"OTRA, NO ESTAR PENDIENTE DE LA VIA NI DELAS ACCIONES DE LOS DEMAS ACTORES VIALES",157.0,MOTOCICLISTA,26.0,MASCULINO,LESIONADO
2024.0,GCV10569,CHOQUE,2024-12-17 00:00:00,,TARDE,MARTES,CAÑAMIEL,CALLE 44 CON CARRERA 18 PALMIRA,URBANA,TECNICO,3.5386,-76.2898,"OTRA, NO ESTAR PENDIENTE DE LA VIA NI DELAS ACCIONES DE LOS DEMAS ACTORES VIALES",157.0,CONDUCTOR,54.0,MASCULINO,NO APLICA
2024.0,GCV10570,CHOQUE,2024-12-18 00:00:00,,MAÑANA,MIÉRCOLES,BARRIO NUEVO,CALLE 22 CON CARRERA 30,URBANA,TECNICO,3.5205,-76.3019,DESOBEDECER SEÑALES O NORMAS DE TRANSITO,112.0,CONDUCTOR,64.0,MASCULINO,NO APLICA
2024.0,GCV10570,CHOQUE,2024-12-18 00:00:00,,MAÑANA,MIÉRCOLES,BARRIO NUEVO,CALLE 22 CON CARRERA 30,URBANA,TECNICO,3.5205,-76.3019,DESOBEDECER SEÑALES O NORMAS DE TRANSITO,112.0,MOTOCICLISTA,21.0,MASCULINO,LESIONADO
2024.0,GCV10571,CHOQUE,2024-12-18 00:00:00,,TARDE,MIÉRCOLES,ZAMORANO,CARRERA 28 CON CALLE 65A PALMIRA,URBANA,TECNICO,3.5527,-76.2933,"OTRA, NO ESTAR PENDIENTE DE LA VIA NI DELAS ACCIONES DE LOS DEMAS ACTORES VIALES",157.0,CONDUCTOR,23.0,MASCULINO,NO APLICA
2024.0,GCV10571,CHOQUE,2024-12-18 00:00:00,,TARDE,MIÉRCOLES,ZAMORANO,CARRERA 28 CON CALLE 65A PALMIRA,URBANA,TECNICO,3.5527,-76.2933,"OTRA, NO ESTAR PENDIENTE DE LA VIA NI DELAS ACCIONES DE LOS DEMAS ACTORES VIALES",157.0,CONDUCTOR,35.0,MASCULINO,NO APLICA
2024.0,GCV10572,CHOQUE,2024-12-19 00:00:00,,TARDE,JUEVES,URIBE URIBE,CALLE 35 CON CARRERA 20 PALMIRA,URBANA,TECNICO,3.5311,-76.2916,DESOBEDECER SEÑALES O NORMAS DE TRANSITO,112.0,PASAJERO,63.0,FEMENINO,LESIONADO
2024.0,GCV10572,CHOQUE,2024-12-19 00:00:00,,TARDE,JUEVES,URIBE URIBE,CALLE 35 CON CARRERA 20 PALMIRA,URBANA,TECNICO,3.5311,-76.2916,DESOBEDECER SEÑALES O NORMAS DE TRANSITO,112.0,PASAJERO,56.0,FEMENINO,LESIONADO
2024.0,GCV10572,CHOQUE,2024-12-19 00:00:00,,TARDE,JUEVES,URIBE URIBE,CALLE 35 CON CARRERA 20 PALMIRA,URBANA,TECNICO,3.5311,-76.2916,DESOBEDECER SEÑALES O NORMAS DE TRANSITO,112.0,CONDUCTOR,47.0,MASCULINO,NO APLICA
2024.0,GCV10572,CHOQUE,2024-12-19 00:00:00,,TARDE,JUEVES,URIBE URIBE,CALLE 35 CON CARRERA 20 PALMIRA,URBANA,TECNICO,3.5311,-76.2916,DESOBEDECER SEÑALES O NORMAS DE TRANSITO,112.0,CONDUCTOR,49.0,MASCULINO,LESIONADO
2024.0,GCV10573,CHOQUE,2024-12-20 00:00:00,,NOCHE,VIERNES,EL PRADO,CARRERA 41 CON CALLE 39 PALMIRA,URBANA,TECNICO,3.5355,-76.3114,GIRAR BRUSCAMENTE,122.0,CONDUCTOR,18.0,FEMENINO,LESIONADO
2024.0,GCV10573,CHOQUE,2024-12-20 00:00:00,,NOCHE,VIERNES,EL PRADO,CARRERA 41 CON CALLE 39 PALMIRA,URBANA,TECNICO,3.5355,-76.3114,GIRAR BRUSCAMENTE,122.0,CONDUCTOR,61.0,MASCULINO,NO APLICA
2024.0,GCV10574,CHOQUE,2024-12-22 00:00:00,,NOCHE,DOMINGO,BARRIO NUEVO,CARRERA 31 CON CALLE 20,URBANA,TECNICO,3.5189,-76.3032,ADELANTAR EN ZONA PROHIBIDA,105.0,ACOMPAÑANTE MOTOCICLISTA,50.0,FEMENINO,LESIONADO
2024.0,GCV10574,CHOQUE,2024-12-22 00:00:00,,NOCHE,DOMINGO,BARRIO NUEVO,CARRERA 31 CON CALLE 20,URBANA,TECNICO,3.5189,-76.3032,ADELANTAR EN ZONA PROHIBIDA,105.0,MOTOCICLISTA,39.0,MASCULINO,LESIONADO
2024.0,GCV10574,CHOQUE,2024-12-22 00:00:00,,NOCHE,DOMINGO,BARRIO NUEVO,CARRERA 31 CON CALLE 20,URBANA,TECNICO,3.5189,-76.3032,ADELANTAR EN ZONA PROHIBIDA,105.0,MOTOCICLISTA,26.0,MASCULINO,NO APLICA
2024.0,GCV10575,CHOQUE,2024-12-23 00:00:00,,MADRUGADA,LUNES,CENTRO,CALLE 28 CON CARRERA 31 PALMIRA,URBANA,TECNICO,3.5257,-76.3019,PASAR SEMAFORO EN LUZ ROJA O AMARILLA,142.0,MOTOCICLISTA,22.0,MASCULINO,LESIONADO
2024.0,GCV10575,CHOQUE,2024-12-23 00:00:00,,MADRUGADA,LUNES,CENTRO,CALLE 28 CON CARRERA 31 PALMIRA,URBANA,TECNICO,3.5257,-76.3019,PASAR SEMAFORO EN LUZ ROJA O AMARILLA,142.0,ACOMPAÑANTE MOTOCICLISTA,23.0,FEMENINO,LESIONADO
2024.0,GCV10575,CHOQUE,2024-12-23 00:00:00,,MADRUGADA,LUNES,CENTRO,CALLE 28 CON CARRERA 31 PALMIRA,URBANA,TECNICO,3.5257,-76.3019,PASAR SEMAFORO EN LUZ ROJA O AMARILLA,142.0,CONDUCTOR,54.0,MASCULINO,NO APLICA
2024.0,GCV10576,ATROPELLO,2024-12-23 00:00:00,,TARDE,LUNES,URBANIZACION EL BOSQUE,carrera 13 calle 31,URBANA,TECNICO,3.5263,-76.2861,157.0,,NO APLICA,,NO APLICA,NO APLICA
2024.0,GCV10577,CHOQUE,2024-12-23 00:00:00,,TARDE,LUNES,RECREO,CALLE 18 CARRERA 26,URBANA,TECNICO,3.5169,-76.299,ARRANCAR SIN PRECAUCION,145.0,ACOMPAÑANTE MOTOCICLISTA,75.0,FEMENINO,LESIONADO
2024.0,GCV10577,CHOQUE,2024-12-23 00:00:00,,TARDE,LUNES,RECREO,CALLE 18 CARRERA 26,URBANA,TECNICO,3.5169,-76.299,ARRANCAR SIN PRECAUCION,145.0,CONDUCTOR,19.0,MASCULINO,LESIONADO
2024.0,GCV10577,CHOQUE,2024-12-23 00:00:00,,TARDE,LUNES,RECREO,CALLE 18 CARRERA 26,URBANA,TECNICO,3.5169,-76.299,ARRANCAR SIN PRECAUCION,145.0,ACOMPAÑANTE MOTOCICLISTA,19.0,FEMENINO,LESIONADO
2024.0,GCV10577,CHOQUE,2024-12-23 00:00:00,,TARDE,LUNES,RECREO,CALLE 18 CARRERA 26,URBANA,TECNICO,3.5169,-76.299,ARRANCAR SIN PRECAUCION,145.0,CONDUCTOR,58.0,MASCULINO,LESIONADO
2024.0,GCV10580,CHOQUE,2024-12-24 00:00:00,,NOCHE,MARTES,SAN JOSE,CARRERA 1 CALLE 31A,URBANA,TECNICO,3.5239,-76.2784,157.0,,CONDUCTOR,20.0,MASCULINO,LESIONADO
2024.0,GCV10580,CHOQUE,2024-12-24 00:00:00,,NOCHE,MARTES,SAN JOSE,CARRERA 1 CALLE 31A,URBANA,TECNICO,3.5239,-76.2784,157.0,,CONDUCTOR,35.0,MASCULINO,LESIONADO
2024.0,GCV10581,CHOQUE,2024-12-28 00:00:00,,MAÑANA,SÁBADO,SANTA RITA,carrera 28 calle 36,URBANA,TECNICO,3.5328,-76.298,PASAR SEMAFORO EN LUZ ROJO,142.0,CONDUCTOR,20.0,MASCULINO,LESIONADO
2024.0,GCV10581,CHOQUE,2024-12-28 00:00:00,,MAÑANA,SÁBADO,SANTA RITA,carrera 28 calle 36,URBANA,TECNICO,3.5328,-76.298,PASAR SEMAFORO EN LUZ ROJO,142.0,ACOMPAÑANTE MOTOCICLISTA,20.0,MASCULINO,LESIONADO
2024.0,GCV10582,CHOQUE,2024-12-25 00:00:00,,NOCHE,MIÉRCOLES,MIRRIÑAO,CARRERA 28 CALLE 54,URBANA,TECNICO,3.5467,-76.296,NO RESPETAR PRELACIÓN,132.0,CONDUCTOR,47.0,FEMENINO,NO APLICA
2024.0,GCV10582,CHOQUE,2024-12-25 00:00:00,,NOCHE,MIÉRCOLES,MIRRIÑAO,CARRERA 28 CALLE 54,URBANA,TECNICO,3.5467,-76.296,NO RESPETAR PRELACIÓN,132.0,ACOMPAÑANTE CONDUCTOR,1.0,MASCULINO,LESIONADO
2024.0,GCV10582,CHOQUE,2024-12-25 00:00:00,,NOCHE,MIÉRCOLES,MIRRIÑAO,CARRERA 28 CALLE 54,URBANA,TECNICO,3.5467,-76.296,NO RESPETAR PRELACIÓN,132.0,CONDUCTOR,66.0,MASCULINO,NO APLICA
2024.0,GCV10583,CHOQUE,2024-12-29 00:00:00,,TARDE,DOMINGO,LA TRINIDAD,CALLE 29 CARRERA 23,URBANA,TECNICO,3.5255,-76.2949,DESOBEDECER SEÑAL DE PARE,112.0,NO APLICA,,NO APLICA,NO APLICA
2024.0,GCV10583,CHOQUE,2024-12-29 00:00:00,,TARDE,DOMINGO,LA TRINIDAD,CALLE 29 CARRERA 23,URBANA,TECNICO,3.5255,-76.2949,DESOBEDECER SEÑAL DE PARE,112.0,CONDUCTOR,43.0,MASCULINO,LESIONADO
2024.0,GCV10584,CHOQUE,2024-12-27 00:00:00,,TARDE,VIERNES,CORONADO,VIA ROZO ALTURA CORONADO,URBANA,TECNICO,3.6157,-76.3969,157.0,,CONDUCTOR,23.0,MASCULINO,LESIONADO
2024.0,GCV10585,CHOQUE,2024-12-28 00:00:00,,MAÑANA,SÁBADO,BARRIO NUEVO,CARRERA 31 CALE 23,URBANA,TECNICO,3.5215,-76.3027,DESOBEDECER SEÑALES O NORMAS DE TRANSITO,112.0,CONDUCTOR,61.0,MASCULINO,NO APLICA
2024.0,GCV10585,CHOQUE,2024-12-28 00:00:00,,MAÑANA,SÁBADO,BARRIO NUEVO,CARRERA 31 CALE 23,URBANA,TECNICO,3.5215,-76.3027,DESOBEDECER SEÑALES O NORMAS DE TRANSITO,112.0,CONDUCTOR,44.0,MASCULINO,NO APLICA
2024.0,H20240117,NO APLICA,2024-01-17 00:00:00,,TARDE,MIÉRCOLES,VIA CALI - PALMIRA SUR,KM O,RURAL,POLICIA,3.4928,-76.4814,Otra.,157.0,NO APLICA,,NO APLICA,NO APLICA
2024.0,O05102024,CHOQUE,2024-10-05 00:00:00,,NOCHE,SÁBADO,ZAMORANO,CARRERA 28 CALLE 64 PALMIRA,URBANA,TECNICO,3.552,-76.2938,"OTRA, POR ESTABLECER",157.0,MOTOCICLISTA,51.0,MASCULINO,MUERTO
2024.0,O20240117,NO APLICA,2024-01-17 00:00:00,,TARDE,MIÉRCOLES,EMILIA,CARRERA 36 CALLE 40-46,URBANA,TECNICO,3.5389,-76.3133,Otra.,157.0,NO APLICA,,NO APLICA,NO APLICA
2024.0,O20240206,NO APLICA,2024-02-06 00:00:00,,MAÑANA,MARTES,SANTA BARBARA,CARRERA 35 CALLES 31-32,URBANA,TECNICO,3.5295,-76.3056,Otra.,157.0,NO APLICA,,NO APLICA,NO APLICA